"n_deduction_types","rawben_rel_max","earned_by_hh_size","n_excluded","workload_cut_pct","clean_excluded","errors_lost","exclusion_purity","err_dollars_lost","dollar_recall_retained","recall_retained","retained_precision"
1,0.15,0,0,0,0,0,NA,0,1,1,0.1676
2,0.15,0,0,0,0,0,NA,0,1,1,0.1676
3,0.15,0,0,0,0,0,NA,0,1,1,0.1676
4,0.15,0,0,0,0,0,NA,0,1,1,0.1676
1,0.2,0,0,0,0,0,NA,0,1,1,0.1676
2,0.2,0,0,0,0,0,NA,0,1,1,0.1676
3,0.2,0,0,0,0,0,NA,0,1,1,0.1676
4,0.2,0,0,0,0,0,NA,0,1,1,0.1676
1,0.25,0,0,0,0,0,NA,0,1,1,0.1676
2,0.25,0,0,0,0,0,NA,0,1,1,0.1676
3,0.25,0,0,0,0,0,NA,0,1,1,0.1676
4,0.25,0,0,0,0,0,NA,0,1,1,0.1676
1,0.3,0,0,0,0,0,NA,0,1,1,0.1676
2,0.3,0,0,0,0,0,NA,0,1,1,0.1676
3,0.3,0,0,0,0,0,NA,0,1,1,0.1676
4,0.3,0,0,0,0,0,NA,0,1,1,0.1676
1,0.35,0,0,0,0,0,NA,0,1,1,0.1676
2,0.35,0,0,0,0,0,NA,0,1,1,0.1676
3,0.35,0,0,0,0,0,NA,0,1,1,0.1676
4,0.35,0,0,0,0,0,NA,0,1,1,0.1676
1,0.4,0,0,0,0,0,NA,0,1,1,0.1676
2,0.4,0,0,0,0,0,NA,0,1,1,0.1676
3,0.4,0,0,0,0,0,NA,0,1,1,0.1676
4,0.4,0,0,0,0,0,NA,0,1,1,0.1676
1,0.45,0,0,0,0,0,NA,0,1,1,0.1676
2,0.45,0,0,0,0,0,NA,0,1,1,0.1676
3,0.45,0,0,0,0,0,NA,0,1,1,0.1676
4,0.45,0,0,0,0,0,NA,0,1,1,0.1676
1,0.5,0,0,0,0,0,NA,0,1,1,0.1676
2,0.5,0,0,0,0,0,NA,0,1,1,0.1676
3,0.5,0,0,0,0,0,NA,0,1,1,0.1676
4,0.5,0,0,0,0,0,NA,0,1,1,0.1676
1,0.55,0,0,0,0,0,NA,0,1,1,0.1676
2,0.55,0,0,0,0,0,NA,0,1,1,0.1676
3,0.55,0,0,0,0,0,NA,0,1,1,0.1676
4,0.55,0,0,0,0,0,NA,0,1,1,0.1676
1,0.6,0,0,0,0,0,NA,0,1,1,0.1676
2,0.6,0,0,0,0,0,NA,0,1,1,0.1676
3,0.6,0,0,0,0,0,NA,0,1,1,0.1676
4,0.6,0,0,0,0,0,NA,0,1,1,0.1676
1,0.65,0,0,0,0,0,NA,0,1,1,0.1676
2,0.65,0,0,0,0,0,NA,0,1,1,0.1676
3,0.65,0,0,0,0,0,NA,0,1,1,0.1676
4,0.65,0,0,0,0,0,NA,0,1,1,0.1676
1,0.7,0,0,0,0,0,NA,0,1,1,0.1676
2,0.7,0,0,0,0,0,NA,0,1,1,0.1676
3,0.7,0,0,0,0,0,NA,0,1,1,0.1676
4,0.7,0,0,0,0,0,NA,0,1,1,0.1676
1,0.75,0,0,0,0,0,NA,0,1,1,0.1676
2,0.75,0,0,0,0,0,NA,0,1,1,0.1676
3,0.75,0,0,0,0,0,NA,0,1,1,0.1676
4,0.75,0,0,0,0,0,NA,0,1,1,0.1676
1,0.8,0,0,0,0,0,NA,0,1,1,0.1676
2,0.8,0,0,0,0,0,NA,0,1,1,0.1676
3,0.8,0,0,0,0,0,NA,0,1,1,0.1676
4,0.8,0,0,0,0,0,NA,0,1,1,0.1676
1,0.85,0,0,0,0,0,NA,0,1,1,0.1676
2,0.85,0,0,0,0,0,NA,0,1,1,0.1676
3,0.85,0,0,0,0,0,NA,0,1,1,0.1676
4,0.85,0,0,0,0,0,NA,0,1,1,0.1676
1,0.9,0,0,0,0,0,NA,0,1,1,0.1676
2,0.9,0,0,0,0,0,NA,0,1,1,0.1676
3,0.9,0,0,0,0,0,NA,0,1,1,0.1676
4,0.9,0,0,0,0,0,NA,0,1,1,0.1676
1,0.95,0,0,0,0,0,NA,0,1,1,0.1676
2,0.95,0,0,0,0,0,NA,0,1,1,0.1676
3,0.95,0,0,0,0,0,NA,0,1,1,0.1676
4,0.95,0,0,0,0,0,NA,0,1,1,0.1676
1,1,0,0,0,0,0,NA,0,1,1,0.1676
2,1,0,0,0,0,0,NA,0,1,1,0.1676
3,1,0,0,0,0,0,NA,0,1,1,0.1676
4,1,0,0,0,0,0,NA,0,1,1,0.1676
1,0.15,50,1,0.1883,0,1,0,38,0.9978,0.9888,0.166
2,0.15,50,1,0.1883,0,1,0,38,0.9978,0.9888,0.166
3,0.15,50,0,0,0,0,NA,0,1,1,0.1676
4,0.15,50,0,0,0,0,NA,0,1,1,0.1676
1,0.2,50,3,0.565,1,2,0.3333,192,0.989,0.9775,0.1648
2,0.2,50,3,0.565,1,2,0.3333,192,0.989,0.9775,0.1648
3,0.2,50,1,0.1883,0,1,0,154,0.9912,0.9888,0.166
4,0.2,50,0,0,0,0,NA,0,1,1,0.1676
1,0.25,50,6,1.1299,3,3,0.5,270,0.9846,0.9663,0.1638
2,0.25,50,4,0.7533,1,3,0.25,270,0.9846,0.9663,0.1632
3,0.25,50,1,0.1883,0,1,0,154,0.9912,0.9888,0.166
4,0.25,50,0,0,0,0,NA,0,1,1,0.1676
1,0.3,50,6,1.1299,3,3,0.5,270,0.9846,0.9663,0.1638
2,0.3,50,4,0.7533,1,3,0.25,270,0.9846,0.9663,0.1632
3,0.3,50,1,0.1883,0,1,0,154,0.9912,0.9888,0.166
4,0.3,50,0,0,0,0,NA,0,1,1,0.1676
1,0.35,50,6,1.1299,3,3,0.5,270,0.9846,0.9663,0.1638
2,0.35,50,4,0.7533,1,3,0.25,270,0.9846,0.9663,0.1632
3,0.35,50,1,0.1883,0,1,0,154,0.9912,0.9888,0.166
4,0.35,50,0,0,0,0,NA,0,1,1,0.1676
1,0.4,50,8,1.5066,5,3,0.625,270,0.9846,0.9663,0.1644
2,0.4,50,5,0.9416,2,3,0.4,270,0.9846,0.9663,0.1635
3,0.4,50,1,0.1883,0,1,0,154,0.9912,0.9888,0.166
4,0.4,50,0,0,0,0,NA,0,1,1,0.1676
1,0.45,50,12,2.2599,8,4,0.6667,336,0.9808,0.9551,0.1638
2,0.45,50,7,1.3183,4,3,0.5714,270,0.9846,0.9663,0.1641
3,0.45,50,1,0.1883,0,1,0,154,0.9912,0.9888,0.166
4,0.45,50,0,0,0,0,NA,0,1,1,0.1676
1,0.5,50,18,3.3898,13,5,0.7222,458,0.9739,0.9438,0.1637
2,0.5,50,13,2.4482,9,4,0.6923,392,0.9776,0.9551,0.1641
3,0.5,50,3,0.565,2,1,0.6667,154,0.9912,0.9888,0.1667
4,0.5,50,0,0,0,0,NA,0,1,1,0.1676
1,0.55,50,20,3.7665,15,5,0.75,458,0.9739,0.9438,0.1644
2,0.55,50,15,2.8249,11,4,0.7333,392,0.9776,0.9551,0.1647
3,0.55,50,3,0.565,2,1,0.6667,154,0.9912,0.9888,0.1667
4,0.55,50,0,0,0,0,NA,0,1,1,0.1676
1,0.6,50,25,4.7081,20,5,0.8,458,0.9739,0.9438,0.166
2,0.6,50,19,3.5782,15,4,0.7895,392,0.9776,0.9551,0.166
3,0.6,50,3,0.565,2,1,0.6667,154,0.9912,0.9888,0.1667
4,0.6,50,0,0,0,0,NA,0,1,1,0.1676
1,0.65,50,31,5.838,23,8,0.7419,993,0.9433,0.9101,0.162
2,0.65,50,24,4.5198,17,7,0.7083,927,0.9471,0.9213,0.1617
3,0.65,50,3,0.565,2,1,0.6667,154,0.9912,0.9888,0.1667
4,0.65,50,0,0,0,0,NA,0,1,1,0.1676
1,0.7,50,33,6.2147,25,8,0.7576,993,0.9433,0.9101,0.1627
2,0.7,50,25,4.7081,18,7,0.72,927,0.9471,0.9213,0.1621
3,0.7,50,3,0.565,2,1,0.6667,154,0.9912,0.9888,0.1667
4,0.7,50,0,0,0,0,NA,0,1,1,0.1676
1,0.75,50,38,7.1563,30,8,0.7895,993,0.9433,0.9101,0.1643
2,0.75,50,30,5.6497,23,7,0.7667,927,0.9471,0.9213,0.1637
3,0.75,50,3,0.565,2,1,0.6667,154,0.9912,0.9888,0.1667
4,0.75,50,0,0,0,0,NA,0,1,1,0.1676
1,0.8,50,38,7.1563,30,8,0.7895,993,0.9433,0.9101,0.1643
2,0.8,50,30,5.6497,23,7,0.7667,927,0.9471,0.9213,0.1637
3,0.8,50,3,0.565,2,1,0.6667,154,0.9912,0.9888,0.1667
4,0.8,50,0,0,0,0,NA,0,1,1,0.1676
1,0.85,50,41,7.7213,32,9,0.7805,1158,0.9339,0.8989,0.1633
2,0.85,50,33,6.2147,25,8,0.7576,1092,0.9377,0.9101,0.1627
3,0.85,50,3,0.565,2,1,0.6667,154,0.9912,0.9888,0.1667
4,0.85,50,0,0,0,0,NA,0,1,1,0.1676
1,0.9,50,48,9.0395,38,10,0.7917,1224,0.9302,0.8876,0.1636
2,0.9,50,40,7.533,31,9,0.775,1158,0.9339,0.8989,0.1629
3,0.9,50,3,0.565,2,1,0.6667,154,0.9912,0.9888,0.1667
4,0.9,50,0,0,0,0,NA,0,1,1,0.1676
1,0.95,50,53,9.9812,42,11,0.7925,1302,0.9257,0.8764,0.1632
2,0.95,50,45,8.4746,35,10,0.7778,1236,0.9295,0.8876,0.1626
3,0.95,50,4,0.7533,3,1,0.75,154,0.9912,0.9888,0.167
4,0.95,50,0,0,0,0,NA,0,1,1,0.1676
1,1,50,61,11.4878,46,15,0.7541,1880,0.8927,0.8315,0.1574
2,1,50,53,9.9812,39,14,0.7358,1814,0.8965,0.8427,0.1569
3,1,50,6,1.1299,4,2,0.6667,401,0.9771,0.9775,0.1657
4,1,50,0,0,0,0,NA,0,1,1,0.1676
1,0.15,100,1,0.1883,0,1,0,38,0.9978,0.9888,0.166
2,0.15,100,1,0.1883,0,1,0,38,0.9978,0.9888,0.166
3,0.15,100,0,0,0,0,NA,0,1,1,0.1676
4,0.15,100,0,0,0,0,NA,0,1,1,0.1676
1,0.2,100,3,0.565,1,2,0.3333,192,0.989,0.9775,0.1648
2,0.2,100,3,0.565,1,2,0.3333,192,0.989,0.9775,0.1648
3,0.2,100,1,0.1883,0,1,0,154,0.9912,0.9888,0.166
4,0.2,100,0,0,0,0,NA,0,1,1,0.1676
1,0.25,100,6,1.1299,3,3,0.5,270,0.9846,0.9663,0.1638
2,0.25,100,4,0.7533,1,3,0.25,270,0.9846,0.9663,0.1632
3,0.25,100,1,0.1883,0,1,0,154,0.9912,0.9888,0.166
4,0.25,100,0,0,0,0,NA,0,1,1,0.1676
1,0.3,100,6,1.1299,3,3,0.5,270,0.9846,0.9663,0.1638
2,0.3,100,4,0.7533,1,3,0.25,270,0.9846,0.9663,0.1632
3,0.3,100,1,0.1883,0,1,0,154,0.9912,0.9888,0.166
4,0.3,100,0,0,0,0,NA,0,1,1,0.1676
1,0.35,100,7,1.3183,3,4,0.4286,409,0.9767,0.9551,0.1622
2,0.35,100,5,0.9416,1,4,0.2,409,0.9767,0.9551,0.1616
3,0.35,100,2,0.3766,0,2,0,293,0.9833,0.9775,0.1645
4,0.35,100,0,0,0,0,NA,0,1,1,0.1676
1,0.4,100,9,1.6949,5,4,0.5556,409,0.9767,0.9551,0.1628
2,0.4,100,6,1.1299,2,4,0.3333,409,0.9767,0.9551,0.1619
3,0.4,100,2,0.3766,0,2,0,293,0.9833,0.9775,0.1645
4,0.4,100,0,0,0,0,NA,0,1,1,0.1676
1,0.45,100,13,2.4482,8,5,0.6154,475,0.9729,0.9438,0.1622
2,0.45,100,8,1.5066,4,4,0.5,409,0.9767,0.9551,0.1625
3,0.45,100,2,0.3766,0,2,0,293,0.9833,0.9775,0.1645
4,0.45,100,0,0,0,0,NA,0,1,1,0.1676
1,0.5,100,19,3.5782,13,6,0.6842,597,0.9659,0.9326,0.1621
2,0.5,100,14,2.6365,9,5,0.6429,531,0.9697,0.9438,0.1625
3,0.5,100,4,0.7533,2,2,0.5,293,0.9833,0.9775,0.1651
4,0.5,100,0,0,0,0,NA,0,1,1,0.1676
1,0.55,100,21,3.9548,15,6,0.7143,597,0.9659,0.9326,0.1627
2,0.55,100,16,3.0132,11,5,0.6875,531,0.9697,0.9438,0.1631
3,0.55,100,4,0.7533,2,2,0.5,293,0.9833,0.9775,0.1651
4,0.55,100,0,0,0,0,NA,0,1,1,0.1676
1,0.6,100,28,5.2731,21,7,0.75,748,0.9573,0.9213,0.163
2,0.6,100,22,4.1431,16,6,0.7273,682,0.9611,0.9326,0.1631
3,0.6,100,6,1.1299,3,3,0.5,444,0.9747,0.9663,0.1638
4,0.6,100,0,0,0,0,NA,0,1,1,0.1676
1,0.65,100,34,6.403,24,10,0.7059,1283,0.9268,0.8876,0.159
2,0.65,100,27,5.0847,18,9,0.6667,1217,0.9306,0.8989,0.1587
3,0.65,100,6,1.1299,3,3,0.5,444,0.9747,0.9663,0.1638
4,0.65,100,0,0,0,0,NA,0,1,1,0.1676
1,0.7,100,36,6.7797,26,10,0.7222,1283,0.9268,0.8876,0.1596
2,0.7,100,28,5.2731,19,9,0.6786,1217,0.9306,0.8989,0.159
3,0.7,100,6,1.1299,3,3,0.5,444,0.9747,0.9663,0.1638
4,0.7,100,0,0,0,0,NA,0,1,1,0.1676
1,0.75,100,41,7.7213,31,10,0.7561,1283,0.9268,0.8876,0.1612
2,0.75,100,33,6.2147,24,9,0.7273,1217,0.9306,0.8989,0.1606
3,0.75,100,6,1.1299,3,3,0.5,444,0.9747,0.9663,0.1638
4,0.75,100,0,0,0,0,NA,0,1,1,0.1676
1,0.8,100,41,7.7213,31,10,0.7561,1283,0.9268,0.8876,0.1612
2,0.8,100,33,6.2147,24,9,0.7273,1217,0.9306,0.8989,0.1606
3,0.8,100,6,1.1299,3,3,0.5,444,0.9747,0.9663,0.1638
4,0.8,100,0,0,0,0,NA,0,1,1,0.1676
1,0.85,100,46,8.6629,34,12,0.7391,1519,0.9133,0.8652,0.1588
2,0.85,100,38,7.1563,27,11,0.7105,1453,0.9171,0.8764,0.1582
3,0.85,100,7,1.3183,3,4,0.4286,515,0.9706,0.9551,0.1622
4,0.85,100,0,0,0,0,NA,0,1,1,0.1676
1,0.9,100,53,9.9812,40,13,0.7547,1585,0.9096,0.8539,0.159
2,0.9,100,45,8.4746,33,12,0.7333,1519,0.9133,0.8652,0.1584
3,0.9,100,7,1.3183,3,4,0.4286,515,0.9706,0.9551,0.1622
4,0.9,100,0,0,0,0,NA,0,1,1,0.1676
1,0.95,100,58,10.9228,44,14,0.7586,1663,0.9051,0.8427,0.1586
2,0.95,100,50,9.4162,37,13,0.74,1597,0.9089,0.8539,0.158
3,0.95,100,8,1.5066,4,4,0.5,515,0.9706,0.9551,0.1625
4,0.95,100,0,0,0,0,NA,0,1,1,0.1676
1,1,100,67,12.6177,49,18,0.7313,2241,0.8721,0.7978,0.153
2,1,100,59,11.1111,42,17,0.7119,2175,0.8759,0.809,0.1525
3,1,100,11,2.0716,6,5,0.5455,762,0.9565,0.9438,0.1615
4,1,100,0,0,0,0,NA,0,1,1,0.1676
1,0.15,150,1,0.1883,0,1,0,38,0.9978,0.9888,0.166
2,0.15,150,1,0.1883,0,1,0,38,0.9978,0.9888,0.166
3,0.15,150,0,0,0,0,NA,0,1,1,0.1676
4,0.15,150,0,0,0,0,NA,0,1,1,0.1676
1,0.2,150,3,0.565,1,2,0.3333,192,0.989,0.9775,0.1648
2,0.2,150,3,0.565,1,2,0.3333,192,0.989,0.9775,0.1648
3,0.2,150,1,0.1883,0,1,0,154,0.9912,0.9888,0.166
4,0.2,150,0,0,0,0,NA,0,1,1,0.1676
1,0.25,150,6,1.1299,3,3,0.5,270,0.9846,0.9663,0.1638
2,0.25,150,4,0.7533,1,3,0.25,270,0.9846,0.9663,0.1632
3,0.25,150,1,0.1883,0,1,0,154,0.9912,0.9888,0.166
4,0.25,150,0,0,0,0,NA,0,1,1,0.1676
1,0.3,150,6,1.1299,3,3,0.5,270,0.9846,0.9663,0.1638
2,0.3,150,4,0.7533,1,3,0.25,270,0.9846,0.9663,0.1632
3,0.3,150,1,0.1883,0,1,0,154,0.9912,0.9888,0.166
4,0.3,150,0,0,0,0,NA,0,1,1,0.1676
1,0.35,150,7,1.3183,3,4,0.4286,409,0.9767,0.9551,0.1622
2,0.35,150,5,0.9416,1,4,0.2,409,0.9767,0.9551,0.1616
3,0.35,150,2,0.3766,0,2,0,293,0.9833,0.9775,0.1645
4,0.35,150,0,0,0,0,NA,0,1,1,0.1676
1,0.4,150,9,1.6949,5,4,0.5556,409,0.9767,0.9551,0.1628
2,0.4,150,6,1.1299,2,4,0.3333,409,0.9767,0.9551,0.1619
3,0.4,150,2,0.3766,0,2,0,293,0.9833,0.9775,0.1645
4,0.4,150,0,0,0,0,NA,0,1,1,0.1676
1,0.45,150,13,2.4482,8,5,0.6154,475,0.9729,0.9438,0.1622
2,0.45,150,8,1.5066,4,4,0.5,409,0.9767,0.9551,0.1625
3,0.45,150,2,0.3766,0,2,0,293,0.9833,0.9775,0.1645
4,0.45,150,0,0,0,0,NA,0,1,1,0.1676
1,0.5,150,19,3.5782,13,6,0.6842,597,0.9659,0.9326,0.1621
2,0.5,150,14,2.6365,9,5,0.6429,531,0.9697,0.9438,0.1625
3,0.5,150,4,0.7533,2,2,0.5,293,0.9833,0.9775,0.1651
4,0.5,150,0,0,0,0,NA,0,1,1,0.1676
1,0.55,150,21,3.9548,15,6,0.7143,597,0.9659,0.9326,0.1627
2,0.55,150,16,3.0132,11,5,0.6875,531,0.9697,0.9438,0.1631
3,0.55,150,4,0.7533,2,2,0.5,293,0.9833,0.9775,0.1651
4,0.55,150,0,0,0,0,NA,0,1,1,0.1676
1,0.6,150,28,5.2731,21,7,0.75,748,0.9573,0.9213,0.163
2,0.6,150,22,4.1431,16,6,0.7273,682,0.9611,0.9326,0.1631
3,0.6,150,6,1.1299,3,3,0.5,444,0.9747,0.9663,0.1638
4,0.6,150,0,0,0,0,NA,0,1,1,0.1676
1,0.65,150,34,6.403,24,10,0.7059,1283,0.9268,0.8876,0.159
2,0.65,150,27,5.0847,18,9,0.6667,1217,0.9306,0.8989,0.1587
3,0.65,150,6,1.1299,3,3,0.5,444,0.9747,0.9663,0.1638
4,0.65,150,0,0,0,0,NA,0,1,1,0.1676
1,0.7,150,36,6.7797,26,10,0.7222,1283,0.9268,0.8876,0.1596
2,0.7,150,28,5.2731,19,9,0.6786,1217,0.9306,0.8989,0.159
3,0.7,150,6,1.1299,3,3,0.5,444,0.9747,0.9663,0.1638
4,0.7,150,0,0,0,0,NA,0,1,1,0.1676
1,0.75,150,42,7.9096,31,11,0.7381,1406,0.9198,0.8764,0.1595
2,0.75,150,34,6.403,24,10,0.7059,1340,0.9235,0.8876,0.159
3,0.75,150,7,1.3183,3,4,0.4286,567,0.9676,0.9551,0.1622
4,0.75,150,0,0,0,0,NA,0,1,1,0.1676
1,0.8,150,42,7.9096,31,11,0.7381,1406,0.9198,0.8764,0.1595
2,0.8,150,34,6.403,24,10,0.7059,1340,0.9235,0.8876,0.159
3,0.8,150,7,1.3183,3,4,0.4286,567,0.9676,0.9551,0.1622
4,0.8,150,0,0,0,0,NA,0,1,1,0.1676
1,0.85,150,47,8.8512,34,13,0.7234,1642,0.9063,0.8539,0.157
2,0.85,150,39,7.3446,27,12,0.6923,1576,0.9101,0.8652,0.1565
3,0.85,150,8,1.5066,3,5,0.375,638,0.9636,0.9438,0.1606
4,0.85,150,0,0,0,0,NA,0,1,1,0.1676
1,0.9,150,54,10.1695,40,14,0.7407,1708,0.9025,0.8427,0.1572
2,0.9,150,46,8.6629,33,13,0.7174,1642,0.9063,0.8539,0.1567
3,0.9,150,8,1.5066,3,5,0.375,638,0.9636,0.9438,0.1606
4,0.9,150,0,0,0,0,NA,0,1,1,0.1676
1,0.95,150,60,11.2994,45,15,0.75,1786,0.8981,0.8315,0.1571
2,0.95,150,52,9.7928,38,14,0.7308,1720,0.9019,0.8427,0.1566
3,0.95,150,10,1.8832,5,5,0.5,638,0.9636,0.9438,0.1612
4,0.95,150,0,0,0,0,NA,0,1,1,0.1676
1,1,150,69,12.9944,50,19,0.7246,2364,0.8651,0.7865,0.1515
2,1,150,61,11.4878,43,18,0.7049,2298,0.8689,0.7978,0.1511
3,1,150,13,2.4482,7,6,0.5385,885,0.9495,0.9326,0.1602
4,1,150,0,0,0,0,NA,0,1,1,0.1676
1,0.15,200,1,0.1883,0,1,0,38,0.9978,0.9888,0.166
2,0.15,200,1,0.1883,0,1,0,38,0.9978,0.9888,0.166
3,0.15,200,0,0,0,0,NA,0,1,1,0.1676
4,0.15,200,0,0,0,0,NA,0,1,1,0.1676
1,0.2,200,4,0.7533,2,2,0.5,192,0.989,0.9775,0.1651
2,0.2,200,4,0.7533,2,2,0.5,192,0.989,0.9775,0.1651
3,0.2,200,1,0.1883,0,1,0,154,0.9912,0.9888,0.166
4,0.2,200,0,0,0,0,NA,0,1,1,0.1676
1,0.25,200,7,1.3183,4,3,0.5714,270,0.9846,0.9663,0.1641
2,0.25,200,5,0.9416,2,3,0.4,270,0.9846,0.9663,0.1635
3,0.25,200,1,0.1883,0,1,0,154,0.9912,0.9888,0.166
4,0.25,200,0,0,0,0,NA,0,1,1,0.1676
1,0.3,200,7,1.3183,4,3,0.5714,270,0.9846,0.9663,0.1641
2,0.3,200,5,0.9416,2,3,0.4,270,0.9846,0.9663,0.1635
3,0.3,200,1,0.1883,0,1,0,154,0.9912,0.9888,0.166
4,0.3,200,0,0,0,0,NA,0,1,1,0.1676
1,0.35,200,8,1.5066,4,4,0.5,409,0.9767,0.9551,0.1625
2,0.35,200,6,1.1299,2,4,0.3333,409,0.9767,0.9551,0.1619
3,0.35,200,2,0.3766,0,2,0,293,0.9833,0.9775,0.1645
4,0.35,200,0,0,0,0,NA,0,1,1,0.1676
1,0.4,200,10,1.8832,6,4,0.6,409,0.9767,0.9551,0.1631
2,0.4,200,7,1.3183,3,4,0.4286,409,0.9767,0.9551,0.1622
3,0.4,200,2,0.3766,0,2,0,293,0.9833,0.9775,0.1645
4,0.4,200,0,0,0,0,NA,0,1,1,0.1676
1,0.45,200,14,2.6365,9,5,0.6429,475,0.9729,0.9438,0.1625
2,0.45,200,9,1.6949,5,4,0.5556,409,0.9767,0.9551,0.1628
3,0.45,200,2,0.3766,0,2,0,293,0.9833,0.9775,0.1645
4,0.45,200,0,0,0,0,NA,0,1,1,0.1676
1,0.5,200,21,3.9548,15,6,0.7143,597,0.9659,0.9326,0.1627
2,0.5,200,16,3.0132,11,5,0.6875,531,0.9697,0.9438,0.1631
3,0.5,200,5,0.9416,3,2,0.6,293,0.9833,0.9775,0.1654
4,0.5,200,0,0,0,0,NA,0,1,1,0.1676
1,0.55,200,24,4.5198,17,7,0.7083,731,0.9583,0.9213,0.1617
2,0.55,200,19,3.5782,13,6,0.6842,665,0.9621,0.9326,0.1621
3,0.55,200,5,0.9416,3,2,0.6,293,0.9833,0.9775,0.1654
4,0.55,200,0,0,0,0,NA,0,1,1,0.1676
1,0.6,200,31,5.838,23,8,0.7419,882,0.9497,0.9101,0.162
2,0.6,200,25,4.7081,18,7,0.72,816,0.9534,0.9213,0.1621
3,0.6,200,7,1.3183,4,3,0.5714,444,0.9747,0.9663,0.1641
4,0.6,200,0,0,0,0,NA,0,1,1,0.1676
1,0.65,200,37,6.968,26,11,0.7027,1417,0.9191,0.8764,0.1579
2,0.65,200,30,5.6497,20,10,0.6667,1351,0.9229,0.8876,0.1577
3,0.65,200,7,1.3183,4,3,0.5714,444,0.9747,0.9663,0.1641
4,0.65,200,0,0,0,0,NA,0,1,1,0.1676
1,0.7,200,39,7.3446,28,11,0.7179,1417,0.9191,0.8764,0.1585
2,0.7,200,31,5.838,21,10,0.6774,1351,0.9229,0.8876,0.158
3,0.7,200,7,1.3183,4,3,0.5714,444,0.9747,0.9663,0.1641
4,0.7,200,0,0,0,0,NA,0,1,1,0.1676
1,0.75,200,45,8.4746,33,12,0.7333,1540,0.9121,0.8652,0.1584
2,0.75,200,37,6.968,26,11,0.7027,1474,0.9159,0.8764,0.1579
3,0.75,200,8,1.5066,4,4,0.5,567,0.9676,0.9551,0.1625
4,0.75,200,0,0,0,0,NA,0,1,1,0.1676
1,0.8,200,46,8.6629,34,12,0.7391,1540,0.9121,0.8652,0.1588
2,0.8,200,38,7.1563,27,11,0.7105,1474,0.9159,0.8764,0.1582
3,0.8,200,8,1.5066,4,4,0.5,567,0.9676,0.9551,0.1625
4,0.8,200,0,0,0,0,NA,0,1,1,0.1676
1,0.85,200,51,9.6045,37,14,0.7255,1776,0.8987,0.8427,0.1562
2,0.85,200,43,8.0979,30,13,0.6977,1710,0.9024,0.8539,0.1557
3,0.85,200,9,1.6949,4,5,0.4444,638,0.9636,0.9438,0.1609
4,0.85,200,0,0,0,0,NA,0,1,1,0.1676
1,0.9,200,58,10.9228,43,15,0.7414,1842,0.8949,0.8315,0.1564
2,0.9,200,50,9.4162,36,14,0.72,1776,0.8987,0.8427,0.1559
3,0.9,200,9,1.6949,4,5,0.4444,638,0.9636,0.9438,0.1609
4,0.9,200,0,0,0,0,NA,0,1,1,0.1676
1,0.95,200,64,12.0527,48,16,0.75,1920,0.8904,0.8202,0.1563
2,0.95,200,56,10.5461,41,15,0.7321,1854,0.8942,0.8315,0.1558
3,0.95,200,11,2.0716,6,5,0.5455,638,0.9636,0.9438,0.1615
4,0.95,200,0,0,0,0,NA,0,1,1,0.1676
1,1,200,76,14.3126,56,20,0.7368,2498,0.8575,0.7753,0.1516
2,1,200,68,12.806,49,19,0.7206,2432,0.8612,0.7865,0.1512
3,1,200,17,3.2015,11,6,0.6471,885,0.9495,0.9326,0.1615
4,1,200,0,0,0,0,NA,0,1,1,0.1676
1,0.15,250,1,0.1883,0,1,0,38,0.9978,0.9888,0.166
2,0.15,250,1,0.1883,0,1,0,38,0.9978,0.9888,0.166
3,0.15,250,0,0,0,0,NA,0,1,1,0.1676
4,0.15,250,0,0,0,0,NA,0,1,1,0.1676
1,0.2,250,4,0.7533,2,2,0.5,192,0.989,0.9775,0.1651
2,0.2,250,4,0.7533,2,2,0.5,192,0.989,0.9775,0.1651
3,0.2,250,1,0.1883,0,1,0,154,0.9912,0.9888,0.166
4,0.2,250,0,0,0,0,NA,0,1,1,0.1676
1,0.25,250,7,1.3183,4,3,0.5714,270,0.9846,0.9663,0.1641
2,0.25,250,5,0.9416,2,3,0.4,270,0.9846,0.9663,0.1635
3,0.25,250,1,0.1883,0,1,0,154,0.9912,0.9888,0.166
4,0.25,250,0,0,0,0,NA,0,1,1,0.1676
1,0.3,250,8,1.5066,5,3,0.625,270,0.9846,0.9663,0.1644
2,0.3,250,6,1.1299,3,3,0.5,270,0.9846,0.9663,0.1638
3,0.3,250,2,0.3766,1,1,0.5,154,0.9912,0.9888,0.1664
4,0.3,250,0,0,0,0,NA,0,1,1,0.1676
1,0.35,250,9,1.6949,5,4,0.5556,409,0.9767,0.9551,0.1628
2,0.35,250,7,1.3183,3,4,0.4286,409,0.9767,0.9551,0.1622
3,0.35,250,3,0.565,1,2,0.3333,293,0.9833,0.9775,0.1648
4,0.35,250,0,0,0,0,NA,0,1,1,0.1676
1,0.4,250,11,2.0716,7,4,0.6364,409,0.9767,0.9551,0.1635
2,0.4,250,8,1.5066,4,4,0.5,409,0.9767,0.9551,0.1625
3,0.4,250,3,0.565,1,2,0.3333,293,0.9833,0.9775,0.1648
4,0.4,250,0,0,0,0,NA,0,1,1,0.1676
1,0.45,250,15,2.8249,10,5,0.6667,475,0.9729,0.9438,0.1628
2,0.45,250,10,1.8832,6,4,0.6,409,0.9767,0.9551,0.1631
3,0.45,250,3,0.565,1,2,0.3333,293,0.9833,0.9775,0.1648
4,0.45,250,0,0,0,0,NA,0,1,1,0.1676
1,0.5,250,23,4.3315,16,7,0.6957,1010,0.9424,0.9213,0.1614
2,0.5,250,18,3.3898,12,6,0.6667,944,0.9461,0.9326,0.1618
3,0.5,250,7,1.3183,4,3,0.5714,706,0.9597,0.9663,0.1641
4,0.5,250,0,0,0,0,NA,0,1,1,0.1676
1,0.55,250,27,5.0847,19,8,0.7037,1144,0.9347,0.9101,0.1607
2,0.55,250,22,4.1431,15,7,0.6818,1078,0.9385,0.9213,0.1611
3,0.55,250,7,1.3183,4,3,0.5714,706,0.9597,0.9663,0.1641
4,0.55,250,0,0,0,0,NA,0,1,1,0.1676
1,0.6,250,35,6.5913,26,9,0.7429,1295,0.9261,0.8989,0.1613
2,0.6,250,29,5.4614,21,8,0.7241,1229,0.9299,0.9101,0.1614
3,0.6,250,10,1.8832,6,4,0.6,857,0.9511,0.9551,0.1631
4,0.6,250,0,0,0,0,NA,0,1,1,0.1676
1,0.65,250,41,7.7213,29,12,0.7073,1830,0.8956,0.8652,0.1571
2,0.65,250,34,6.403,23,11,0.6765,1764,0.8993,0.8764,0.1569
3,0.65,250,10,1.8832,6,4,0.6,857,0.9511,0.9551,0.1631
4,0.65,250,0,0,0,0,NA,0,1,1,0.1676
1,0.7,250,44,8.2863,32,12,0.7273,1830,0.8956,0.8652,0.1581
2,0.7,250,36,6.7797,25,11,0.6944,1764,0.8993,0.8764,0.1576
3,0.7,250,11,2.0716,7,4,0.6364,857,0.9511,0.9551,0.1635
4,0.7,250,1,0.1883,1,0,1,0,1,1,0.1679
1,0.75,250,50,9.4162,37,13,0.74,1953,0.8886,0.8539,0.158
2,0.75,250,42,7.9096,30,12,0.7143,1887,0.8923,0.8652,0.1575
3,0.75,250,12,2.2599,7,5,0.5833,980,0.9441,0.9438,0.1618
4,0.75,250,1,0.1883,1,0,1,0,1,1,0.1679
1,0.8,250,53,9.9812,39,14,0.7358,2539,0.8551,0.8427,0.1569
2,0.8,250,45,8.4746,32,13,0.7111,2473,0.8589,0.8539,0.1564
3,0.8,250,12,2.2599,7,5,0.5833,980,0.9441,0.9438,0.1618
4,0.8,250,1,0.1883,1,0,1,0,1,1,0.1679
1,0.85,250,60,11.2994,42,18,0.7,3106,0.8228,0.7978,0.1507
2,0.85,250,52,9.7928,35,17,0.6731,3040,0.8265,0.809,0.1503
3,0.85,250,15,2.8249,7,8,0.4667,1382,0.9211,0.9101,0.157
4,0.85,250,2,0.3766,1,1,0.5,37,0.9979,0.9888,0.1664
1,0.9,250,69,12.9944,50,19,0.7246,3172,0.819,0.7865,0.1515
2,0.9,250,61,11.4878,43,18,0.7049,3106,0.8228,0.7978,0.1511
3,0.9,250,17,3.2015,9,8,0.5294,1382,0.9211,0.9101,0.1576
4,0.9,250,3,0.565,2,1,0.6667,37,0.9979,0.9888,0.1667
1,0.95,250,76,14.3126,56,20,0.7368,3250,0.8146,0.7753,0.1516
2,0.95,250,68,12.806,49,19,0.7206,3184,0.8183,0.7865,0.1512
3,0.95,250,20,3.7665,12,8,0.6,1382,0.9211,0.9101,0.1585
4,0.95,250,3,0.565,2,1,0.6667,37,0.9979,0.9888,0.1667
1,1,250,91,17.1375,67,24,0.7363,3828,0.7816,0.7303,0.1477
2,1,250,82,15.4426,59,23,0.7195,3762,0.7853,0.7416,0.147
3,1,250,28,5.2731,19,9,0.6786,1629,0.9071,0.8989,0.159
4,1,250,3,0.565,2,1,0.6667,37,0.9979,0.9888,0.1667
1,0.15,300,1,0.1883,0,1,0,38,0.9978,0.9888,0.166
2,0.15,300,1,0.1883,0,1,0,38,0.9978,0.9888,0.166
3,0.15,300,0,0,0,0,NA,0,1,1,0.1676
4,0.15,300,0,0,0,0,NA,0,1,1,0.1676
1,0.2,300,4,0.7533,2,2,0.5,192,0.989,0.9775,0.1651
2,0.2,300,4,0.7533,2,2,0.5,192,0.989,0.9775,0.1651
3,0.2,300,1,0.1883,0,1,0,154,0.9912,0.9888,0.166
4,0.2,300,0,0,0,0,NA,0,1,1,0.1676
1,0.25,300,7,1.3183,4,3,0.5714,270,0.9846,0.9663,0.1641
2,0.25,300,5,0.9416,2,3,0.4,270,0.9846,0.9663,0.1635
3,0.25,300,1,0.1883,0,1,0,154,0.9912,0.9888,0.166
4,0.25,300,0,0,0,0,NA,0,1,1,0.1676
1,0.3,300,8,1.5066,5,3,0.625,270,0.9846,0.9663,0.1644
2,0.3,300,6,1.1299,3,3,0.5,270,0.9846,0.9663,0.1638
3,0.3,300,2,0.3766,1,1,0.5,154,0.9912,0.9888,0.1664
4,0.3,300,0,0,0,0,NA,0,1,1,0.1676
1,0.35,300,9,1.6949,5,4,0.5556,409,0.9767,0.9551,0.1628
2,0.35,300,7,1.3183,3,4,0.4286,409,0.9767,0.9551,0.1622
3,0.35,300,3,0.565,1,2,0.3333,293,0.9833,0.9775,0.1648
4,0.35,300,0,0,0,0,NA,0,1,1,0.1676
1,0.4,300,11,2.0716,7,4,0.6364,409,0.9767,0.9551,0.1635
2,0.4,300,8,1.5066,4,4,0.5,409,0.9767,0.9551,0.1625
3,0.4,300,3,0.565,1,2,0.3333,293,0.9833,0.9775,0.1648
4,0.4,300,0,0,0,0,NA,0,1,1,0.1676
1,0.45,300,16,3.0132,11,5,0.6875,475,0.9729,0.9438,0.1631
2,0.45,300,11,2.0716,7,4,0.6364,409,0.9767,0.9551,0.1635
3,0.45,300,4,0.7533,2,2,0.5,293,0.9833,0.9775,0.1651
4,0.45,300,1,0.1883,1,0,1,0,1,1,0.1679
1,0.5,300,25,4.7081,18,7,0.72,1010,0.9424,0.9213,0.1621
2,0.5,300,20,3.7665,14,6,0.7,944,0.9461,0.9326,0.1624
3,0.5,300,9,1.6949,6,3,0.6667,706,0.9597,0.9663,0.1648
4,0.5,300,1,0.1883,1,0,1,0,1,1,0.1679
1,0.55,300,30,5.6497,22,8,0.7333,1144,0.9347,0.9101,0.1617
2,0.55,300,25,4.7081,18,7,0.72,1078,0.9385,0.9213,0.1621
3,0.55,300,10,1.8832,7,3,0.7,706,0.9597,0.9663,0.1651
4,0.55,300,1,0.1883,1,0,1,0,1,1,0.1679
1,0.6,300,40,7.533,31,9,0.775,1295,0.9261,0.8989,0.1629
2,0.6,300,34,6.403,26,8,0.7647,1229,0.9299,0.9101,0.163
3,0.6,300,13,2.4482,9,4,0.6923,857,0.9511,0.9551,0.1641
4,0.6,300,1,0.1883,1,0,1,0,1,1,0.1679
1,0.65,300,46,8.6629,34,12,0.7391,1830,0.8956,0.8652,0.1588
2,0.65,300,39,7.3446,28,11,0.7179,1764,0.8993,0.8764,0.1585
3,0.65,300,13,2.4482,9,4,0.6923,857,0.9511,0.9551,0.1641
4,0.65,300,1,0.1883,1,0,1,0,1,1,0.1679
1,0.7,300,49,9.2279,37,12,0.7551,1830,0.8956,0.8652,0.1598
2,0.7,300,41,7.7213,30,11,0.7317,1764,0.8993,0.8764,0.1592
3,0.7,300,14,2.6365,10,4,0.7143,857,0.9511,0.9551,0.1644
4,0.7,300,2,0.3766,2,0,1,0,1,1,0.1682
1,0.75,300,58,10.9228,45,13,0.7759,1953,0.8886,0.8539,0.1607
2,0.75,300,50,9.4162,38,12,0.76,1887,0.8923,0.8652,0.1601
3,0.75,300,18,3.3898,13,5,0.7222,980,0.9441,0.9438,0.1637
4,0.75,300,2,0.3766,2,0,1,0,1,1,0.1682
1,0.8,300,65,12.2411,50,15,0.7692,2625,0.8502,0.8315,0.1588
2,0.8,300,57,10.7345,43,14,0.7544,2559,0.854,0.8427,0.1582
3,0.8,300,22,4.1431,16,6,0.7273,1066,0.9392,0.9326,0.1631
4,0.8,300,3,0.565,3,0,1,0,1,1,0.1686
1,0.85,300,73,13.7476,54,19,0.7397,3192,0.8179,0.7865,0.1528
2,0.85,300,65,12.2411,47,18,0.7231,3126,0.8216,0.7978,0.1524
3,0.85,300,26,4.8964,17,9,0.6538,1468,0.9162,0.8989,0.1584
4,0.85,300,4,0.7533,3,1,0.75,37,0.9979,0.9888,0.167
1,0.9,300,89,16.7608,66,23,0.7416,4115,0.7652,0.7416,0.1493
2,0.9,300,81,15.2542,59,22,0.7284,4049,0.769,0.7528,0.1489
3,0.9,300,33,6.2147,22,11,0.6667,2249,0.8717,0.8764,0.1566
4,0.9,300,6,1.1299,4,2,0.6667,466,0.9734,0.9775,0.1657
1,0.95,300,104,19.5857,77,27,0.7404,4984,0.7156,0.6966,0.1452
2,0.95,300,96,18.0791,70,26,0.7292,4918,0.7194,0.7079,0.1448
3,0.95,300,44,8.2863,30,14,0.6818,3040,0.8265,0.8427,0.154
4,0.95,300,7,1.3183,5,2,0.7143,466,0.9734,0.9775,0.166
1,1,300,121,22.7872,90,31,0.7438,5562,0.6826,0.6517,0.1415
2,1,300,112,21.0923,82,30,0.7321,5496,0.6864,0.6629,0.1408
3,1,300,54,10.1695,39,15,0.7222,3287,0.8125,0.8315,0.1551
4,1,300,7,1.3183,5,2,0.7143,466,0.9734,0.9775,0.166
1,0.15,350,1,0.1883,0,1,0,38,0.9978,0.9888,0.166
2,0.15,350,1,0.1883,0,1,0,38,0.9978,0.9888,0.166
3,0.15,350,0,0,0,0,NA,0,1,1,0.1676
4,0.15,350,0,0,0,0,NA,0,1,1,0.1676
1,0.2,350,5,0.9416,3,2,0.6,192,0.989,0.9775,0.1654
2,0.2,350,5,0.9416,3,2,0.6,192,0.989,0.9775,0.1654
3,0.2,350,2,0.3766,1,1,0.5,154,0.9912,0.9888,0.1664
4,0.2,350,0,0,0,0,NA,0,1,1,0.1676
1,0.25,350,8,1.5066,5,3,0.625,270,0.9846,0.9663,0.1644
2,0.25,350,6,1.1299,3,3,0.5,270,0.9846,0.9663,0.1638
3,0.25,350,2,0.3766,1,1,0.5,154,0.9912,0.9888,0.1664
4,0.25,350,0,0,0,0,NA,0,1,1,0.1676
1,0.3,350,9,1.6949,6,3,0.6667,270,0.9846,0.9663,0.1648
2,0.3,350,7,1.3183,4,3,0.5714,270,0.9846,0.9663,0.1641
3,0.3,350,3,0.565,2,1,0.6667,154,0.9912,0.9888,0.1667
4,0.3,350,0,0,0,0,NA,0,1,1,0.1676
1,0.35,350,11,2.0716,7,4,0.6364,409,0.9767,0.9551,0.1635
2,0.35,350,9,1.6949,5,4,0.5556,409,0.9767,0.9551,0.1628
3,0.35,350,5,0.9416,3,2,0.6,293,0.9833,0.9775,0.1654
4,0.35,350,1,0.1883,1,0,1,0,1,1,0.1679
1,0.4,350,13,2.4482,9,4,0.6923,409,0.9767,0.9551,0.1641
2,0.4,350,10,1.8832,6,4,0.6,409,0.9767,0.9551,0.1631
3,0.4,350,5,0.9416,3,2,0.6,293,0.9833,0.9775,0.1654
4,0.4,350,1,0.1883,1,0,1,0,1,1,0.1679
1,0.45,350,18,3.3898,13,5,0.7222,475,0.9729,0.9438,0.1637
2,0.45,350,13,2.4482,9,4,0.6923,409,0.9767,0.9551,0.1641
3,0.45,350,6,1.1299,4,2,0.6667,293,0.9833,0.9775,0.1657
4,0.45,350,2,0.3766,2,0,1,0,1,1,0.1682
1,0.5,350,27,5.0847,20,7,0.7407,1010,0.9424,0.9213,0.1627
2,0.5,350,22,4.1431,16,6,0.7273,944,0.9461,0.9326,0.1631
3,0.5,350,11,2.0716,8,3,0.7273,706,0.9597,0.9663,0.1654
4,0.5,350,2,0.3766,2,0,1,0,1,1,0.1682
1,0.55,350,32,6.0264,24,8,0.75,1144,0.9347,0.9101,0.1623
2,0.55,350,27,5.0847,20,7,0.7407,1078,0.9385,0.9213,0.1627
3,0.55,350,12,2.2599,9,3,0.75,706,0.9597,0.9663,0.1657
4,0.55,350,2,0.3766,2,0,1,0,1,1,0.1682
1,0.6,350,44,8.2863,35,9,0.7955,1295,0.9261,0.8989,0.1643
2,0.6,350,38,7.1563,30,8,0.7895,1229,0.9299,0.9101,0.1643
3,0.6,350,17,3.2015,13,4,0.7647,857,0.9511,0.9551,0.1654
4,0.6,350,3,0.565,3,0,1,0,1,1,0.1686
1,0.65,350,52,9.7928,40,12,0.7692,1830,0.8956,0.8652,0.1608
2,0.65,350,45,8.4746,34,11,0.7556,1764,0.8993,0.8764,0.1605
3,0.65,350,19,3.5782,15,4,0.7895,857,0.9511,0.9551,0.166
4,0.65,350,3,0.565,3,0,1,0,1,1,0.1686
1,0.7,350,57,10.7345,44,13,0.7719,2728,0.8443,0.8539,0.1603
2,0.7,350,49,9.2279,37,12,0.7551,2662,0.8481,0.8652,0.1598
3,0.7,350,21,3.9548,17,4,0.8095,857,0.9511,0.9551,0.1667
4,0.7,350,4,0.7533,4,0,1,0,1,1,0.1689
1,0.75,350,68,12.806,54,14,0.7941,2851,0.8373,0.8427,0.162
2,0.75,350,60,11.2994,47,13,0.7833,2785,0.8411,0.8539,0.1614
3,0.75,350,27,5.0847,22,5,0.8148,980,0.9441,0.9438,0.1667
4,0.75,350,4,0.7533,4,0,1,0,1,1,0.1689
1,0.8,350,79,14.8776,63,16,0.7975,3523,0.799,0.8202,0.1615
2,0.8,350,71,13.371,56,15,0.7887,3457,0.8028,0.8315,0.1609
3,0.8,350,35,6.5913,29,6,0.8286,1066,0.9392,0.9326,0.1673
4,0.8,350,6,1.1299,6,0,1,0,1,1,0.1695
1,0.85,350,93,17.5141,72,21,0.7742,4285,0.7555,0.764,0.1553
2,0.85,350,85,16.0075,65,20,0.7647,4219,0.7593,0.7753,0.1547
3,0.85,350,45,8.4746,35,10,0.7778,1663,0.9051,0.8876,0.1626
4,0.85,350,7,1.3183,6,1,0.8571,37,0.9979,0.9888,0.1679
1,0.9,350,115,21.6573,90,25,0.7826,5208,0.7028,0.7191,0.1538
2,0.9,350,107,20.1507,83,24,0.7757,5142,0.7066,0.7303,0.1533
3,0.9,350,58,10.9228,46,12,0.7931,2444,0.8606,0.8652,0.1628
4,0.9,350,11,2.0716,9,2,0.8182,466,0.9734,0.9775,0.1673
1,0.95,350,130,24.4821,101,29,0.7769,6077,0.6533,0.6742,0.1496
2,0.95,350,122,22.9755,94,28,0.7705,6011,0.657,0.6854,0.1491
3,0.95,350,69,12.9944,54,15,0.7826,3235,0.8154,0.8315,0.1602
4,0.95,350,12,2.2599,10,2,0.8333,466,0.9734,0.9775,0.1676
1,1,350,148,27.8719,115,33,0.777,6655,0.6203,0.6292,0.1462
2,1,350,139,26.177,107,32,0.7698,6589,0.624,0.6404,0.1454
3,1,350,80,15.0659,64,16,0.8,3482,0.8013,0.8202,0.1619
4,1,350,12,2.2599,10,2,0.8333,466,0.9734,0.9775,0.1676
1,0.15,400,1,0.1883,0,1,0,38,0.9978,0.9888,0.166
2,0.15,400,1,0.1883,0,1,0,38,0.9978,0.9888,0.166
3,0.15,400,0,0,0,0,NA,0,1,1,0.1676
4,0.15,400,0,0,0,0,NA,0,1,1,0.1676
1,0.2,400,6,1.1299,4,2,0.6667,192,0.989,0.9775,0.1657
2,0.2,400,6,1.1299,4,2,0.6667,192,0.989,0.9775,0.1657
3,0.2,400,2,0.3766,1,1,0.5,154,0.9912,0.9888,0.1664
4,0.2,400,0,0,0,0,NA,0,1,1,0.1676
1,0.25,400,9,1.6949,6,3,0.6667,270,0.9846,0.9663,0.1648
2,0.25,400,7,1.3183,4,3,0.5714,270,0.9846,0.9663,0.1641
3,0.25,400,2,0.3766,1,1,0.5,154,0.9912,0.9888,0.1664
4,0.25,400,0,0,0,0,NA,0,1,1,0.1676
1,0.3,400,11,2.0716,8,3,0.7273,270,0.9846,0.9663,0.1654
2,0.3,400,9,1.6949,6,3,0.6667,270,0.9846,0.9663,0.1648
3,0.3,400,4,0.7533,3,1,0.75,154,0.9912,0.9888,0.167
4,0.3,400,0,0,0,0,NA,0,1,1,0.1676
1,0.35,400,13,2.4482,9,4,0.6923,409,0.9767,0.9551,0.1641
2,0.35,400,11,2.0716,7,4,0.6364,409,0.9767,0.9551,0.1635
3,0.35,400,6,1.1299,4,2,0.6667,293,0.9833,0.9775,0.1657
4,0.35,400,1,0.1883,1,0,1,0,1,1,0.1679
1,0.4,400,15,2.8249,11,4,0.7333,409,0.9767,0.9551,0.1647
2,0.4,400,12,2.2599,8,4,0.6667,409,0.9767,0.9551,0.1638
3,0.4,400,6,1.1299,4,2,0.6667,293,0.9833,0.9775,0.1657
4,0.4,400,1,0.1883,1,0,1,0,1,1,0.1679
1,0.45,400,21,3.9548,16,5,0.7619,475,0.9729,0.9438,0.1647
2,0.45,400,16,3.0132,12,4,0.75,409,0.9767,0.9551,0.165
3,0.45,400,8,1.5066,6,2,0.75,293,0.9833,0.9775,0.1663
4,0.45,400,3,0.565,3,0,1,0,1,1,0.1686
1,0.5,400,32,6.0264,24,8,0.75,1189,0.9322,0.9101,0.1623
2,0.5,400,27,5.0847,20,7,0.7407,1123,0.9359,0.9213,0.1627
3,0.5,400,15,2.8249,11,4,0.7333,885,0.9495,0.9551,0.1647
4,0.5,400,4,0.7533,3,1,0.75,179,0.9898,0.9888,0.167
1,0.55,400,38,7.1563,29,9,0.7632,1323,0.9245,0.8989,0.1623
2,0.55,400,33,6.2147,25,8,0.7576,1257,0.9283,0.9101,0.1627
3,0.55,400,17,3.2015,13,4,0.7647,885,0.9495,0.9551,0.1654
4,0.55,400,4,0.7533,3,1,0.75,179,0.9898,0.9888,0.167
1,0.6,400,52,9.7928,40,12,0.7692,1839,0.8951,0.8652,0.1608
2,0.6,400,46,8.6629,35,11,0.7609,1773,0.8988,0.8764,0.1608
3,0.6,400,24,4.5198,17,7,0.7083,1401,0.9201,0.9213,0.1617
4,0.6,400,5,0.9416,4,1,0.8,179,0.9898,0.9888,0.1673
1,0.65,400,60,11.2994,45,15,0.75,2374,0.8645,0.8315,0.1571
2,0.65,400,53,9.9812,39,14,0.7358,2308,0.8683,0.8427,0.1569
3,0.65,400,26,4.8964,19,7,0.7308,1401,0.9201,0.9213,0.1624
4,0.65,400,5,0.9416,4,1,0.8,179,0.9898,0.9888,0.1673
1,0.7,400,66,12.4294,50,16,0.7576,3272,0.8133,0.8202,0.157
2,0.7,400,58,10.9228,43,15,0.7414,3206,0.8171,0.8315,0.1564
3,0.7,400,29,5.4614,22,7,0.7586,1401,0.9201,0.9213,0.1633
4,0.7,400,6,1.1299,5,1,0.8333,179,0.9898,0.9888,0.1676
1,0.75,400,81,15.2542,64,17,0.7901,3395,0.8063,0.809,0.16
2,0.75,400,73,13.7476,57,16,0.7808,3329,0.8101,0.8202,0.1594
3,0.75,400,39,7.3446,31,8,0.7949,1524,0.913,0.9101,0.1646
4,0.75,400,7,1.3183,6,1,0.8571,179,0.9898,0.9888,0.1679
1,0.8,400,94,17.7024,75,19,0.7979,4067,0.7679,0.7865,0.1602
2,0.8,400,86,16.1959,68,18,0.7907,4001,0.7717,0.7978,0.1596
3,0.8,400,49,9.2279,40,9,0.8163,1610,0.9081,0.8989,0.166
4,0.8,400,9,1.6949,8,1,0.8889,179,0.9898,0.9888,0.1686
1,0.85,400,111,20.904,86,25,0.7748,5060,0.7113,0.7191,0.1524
2,0.85,400,103,19.3974,79,24,0.767,4994,0.7151,0.7303,0.1519
3,0.85,400,62,11.6761,48,14,0.7742,2438,0.8609,0.8427,0.1599
4,0.85,400,11,2.0716,8,3,0.7273,447,0.9745,0.9663,0.1654
1,0.9,400,138,25.9887,108,30,0.7826,6148,0.6492,0.6629,0.1501
2,0.9,400,130,24.4821,101,29,0.7769,6082,0.653,0.6742,0.1496
3,0.9,400,80,15.0659,63,17,0.7875,3384,0.8069,0.809,0.1596
4,0.9,400,15,2.8249,11,4,0.7333,876,0.95,0.9551,0.1647
1,0.95,400,155,29.1902,121,34,0.7806,7017,0.5996,0.618,0.1463
2,0.95,400,147,27.6836,114,33,0.7755,6951,0.6034,0.6292,0.1458
3,0.95,400,92,17.3258,72,20,0.7826,4175,0.7618,0.7753,0.1572
4,0.95,400,16,3.0132,12,4,0.75,876,0.95,0.9551,0.165
1,1,400,175,32.9567,136,39,0.7771,7918,0.5482,0.5618,0.1404
2,1,400,166,31.2618,128,38,0.7711,7852,0.552,0.573,0.1397
3,1,400,105,19.774,83,22,0.7905,4745,0.7293,0.7528,0.1573
4,1,400,17,3.2015,12,5,0.7059,1199,0.9316,0.9438,0.1634
1,0.15,450,1,0.1883,0,1,0,38,0.9978,0.9888,0.166
2,0.15,450,1,0.1883,0,1,0,38,0.9978,0.9888,0.166
3,0.15,450,0,0,0,0,NA,0,1,1,0.1676
4,0.15,450,0,0,0,0,NA,0,1,1,0.1676
1,0.2,450,6,1.1299,4,2,0.6667,192,0.989,0.9775,0.1657
2,0.2,450,6,1.1299,4,2,0.6667,192,0.989,0.9775,0.1657
3,0.2,450,2,0.3766,1,1,0.5,154,0.9912,0.9888,0.1664
4,0.2,450,0,0,0,0,NA,0,1,1,0.1676
1,0.25,450,9,1.6949,6,3,0.6667,270,0.9846,0.9663,0.1648
2,0.25,450,7,1.3183,4,3,0.5714,270,0.9846,0.9663,0.1641
3,0.25,450,2,0.3766,1,1,0.5,154,0.9912,0.9888,0.1664
4,0.25,450,0,0,0,0,NA,0,1,1,0.1676
1,0.3,450,12,2.2599,9,3,0.75,270,0.9846,0.9663,0.1657
2,0.3,450,10,1.8832,7,3,0.7,270,0.9846,0.9663,0.1651
3,0.3,450,5,0.9416,4,1,0.8,154,0.9912,0.9888,0.1673
4,0.3,450,0,0,0,0,NA,0,1,1,0.1676
1,0.35,450,14,2.6365,10,4,0.7143,409,0.9767,0.9551,0.1644
2,0.35,450,12,2.2599,8,4,0.6667,409,0.9767,0.9551,0.1638
3,0.35,450,7,1.3183,5,2,0.7143,293,0.9833,0.9775,0.166
4,0.35,450,1,0.1883,1,0,1,0,1,1,0.1679
1,0.4,450,17,3.2015,13,4,0.7647,409,0.9767,0.9551,0.1654
2,0.4,450,14,2.6365,10,4,0.7143,409,0.9767,0.9551,0.1644
3,0.4,450,8,1.5066,6,2,0.75,293,0.9833,0.9775,0.1663
4,0.4,450,1,0.1883,1,0,1,0,1,1,0.1679
1,0.45,450,26,4.8964,20,6,0.7692,532,0.9696,0.9326,0.1644
2,0.45,450,21,3.9548,16,5,0.7619,466,0.9734,0.9438,0.1647
3,0.45,450,11,2.0716,9,2,0.8182,293,0.9833,0.9775,0.1673
4,0.45,450,3,0.565,3,0,1,0,1,1,0.1686
1,0.5,450,40,7.533,30,10,0.75,1365,0.9221,0.8876,0.1609
2,0.5,450,35,6.5913,26,9,0.7429,1299,0.9259,0.8989,0.1613
3,0.5,450,20,3.7665,16,4,0.8,885,0.9495,0.9551,0.1663
4,0.5,450,4,0.7533,3,1,0.75,179,0.9898,0.9888,0.167
1,0.55,450,48,9.0395,36,12,0.75,1557,0.9112,0.8652,0.1594
2,0.55,450,43,8.0979,32,11,0.7442,1491,0.9149,0.8764,0.1598
3,0.55,450,24,4.5198,19,5,0.7917,943,0.9462,0.9438,0.1657
4,0.55,450,4,0.7533,3,1,0.75,179,0.9898,0.9888,0.167
1,0.6,450,65,12.2411,50,15,0.7692,2073,0.8817,0.8315,0.1588
2,0.6,450,59,11.1111,45,14,0.7627,2007,0.8855,0.8427,0.1589
3,0.6,450,33,6.2147,25,8,0.7576,1459,0.9168,0.9101,0.1627
4,0.6,450,6,1.1299,5,1,0.8333,179,0.9898,0.9888,0.1676
1,0.65,450,76,14.3126,57,19,0.75,2876,0.8359,0.7865,0.1538
2,0.65,450,69,12.9944,51,18,0.7391,2810,0.8397,0.7978,0.1537
3,0.65,450,38,7.1563,29,9,0.7632,1727,0.9015,0.8989,0.1623
4,0.65,450,6,1.1299,5,1,0.8333,179,0.9898,0.9888,0.1676
1,0.7,450,88,16.5725,65,23,0.7386,4267,0.7565,0.7416,0.149
2,0.7,450,80,15.0659,58,22,0.725,4201,0.7603,0.7528,0.1486
3,0.7,450,45,8.4746,35,10,0.7778,1797,0.8975,0.8876,0.1626
4,0.7,450,7,1.3183,6,1,0.8571,179,0.9898,0.9888,0.1679
1,0.75,450,107,20.1507,82,25,0.7664,4488,0.7439,0.7191,0.1509
2,0.75,450,99,18.6441,75,24,0.7576,4422,0.7477,0.7303,0.1505
3,0.75,450,59,11.1111,47,12,0.7966,2018,0.8849,0.8652,0.1631
4,0.75,450,8,1.5066,7,1,0.875,179,0.9898,0.9888,0.1683
1,0.8,450,122,22.9755,94,28,0.7705,5539,0.684,0.6854,0.1491
2,0.8,450,114,21.4689,87,27,0.7632,5473,0.6877,0.6966,0.1487
3,0.8,450,71,13.371,57,14,0.8028,2483,0.8583,0.8427,0.163
4,0.8,450,11,2.0716,10,1,0.9091,179,0.9898,0.9888,0.1692
1,0.85,450,139,26.177,105,34,0.7554,6532,0.6273,0.618,0.1403
2,0.85,450,131,24.6704,98,33,0.7481,6466,0.6311,0.6292,0.14
3,0.85,450,84,15.8192,65,19,0.7738,3311,0.8111,0.7865,0.1566
4,0.85,450,13,2.4482,10,3,0.7692,447,0.9745,0.9663,0.166
1,0.9,450,166,31.2618,127,39,0.7651,7620,0.5652,0.5618,0.137
2,0.9,450,158,29.7552,120,38,0.7595,7554,0.569,0.573,0.1367
3,0.9,450,102,19.209,80,22,0.7843,4257,0.7571,0.7528,0.1562
4,0.9,450,17,3.2015,13,4,0.7647,876,0.95,0.9551,0.1654
1,0.95,450,185,34.8399,142,43,0.7676,8489,0.5156,0.5169,0.1329
2,0.95,450,177,33.3333,135,42,0.7627,8423,0.5194,0.5281,0.1328
3,0.95,450,115,21.6573,90,25,0.7826,5048,0.712,0.7191,0.1538
4,0.95,450,18,3.3898,14,4,0.7778,876,0.95,0.9551,0.1657
1,1,450,205,38.6064,157,48,0.7659,9390,0.4642,0.4607,0.1258
2,1,450,196,36.9115,149,47,0.7602,9324,0.468,0.4719,0.1254
3,1,450,128,24.1055,101,27,0.7891,5618,0.6794,0.6966,0.1538
4,1,450,19,3.5782,14,5,0.7368,1199,0.9316,0.9438,0.1641
1,0.15,500,1,0.1883,0,1,0,38,0.9978,0.9888,0.166
2,0.15,500,1,0.1883,0,1,0,38,0.9978,0.9888,0.166
3,0.15,500,0,0,0,0,NA,0,1,1,0.1676
4,0.15,500,0,0,0,0,NA,0,1,1,0.1676
1,0.2,500,6,1.1299,4,2,0.6667,192,0.989,0.9775,0.1657
2,0.2,500,6,1.1299,4,2,0.6667,192,0.989,0.9775,0.1657
3,0.2,500,2,0.3766,1,1,0.5,154,0.9912,0.9888,0.1664
4,0.2,500,0,0,0,0,NA,0,1,1,0.1676
1,0.25,500,12,2.2599,9,3,0.75,270,0.9846,0.9663,0.1657
2,0.25,500,10,1.8832,7,3,0.7,270,0.9846,0.9663,0.1651
3,0.25,500,4,0.7533,3,1,0.75,154,0.9912,0.9888,0.167
4,0.25,500,2,0.3766,2,0,1,0,1,1,0.1682
1,0.3,500,15,2.8249,12,3,0.8,270,0.9846,0.9663,0.1667
2,0.3,500,13,2.4482,10,3,0.7692,270,0.9846,0.9663,0.166
3,0.3,500,7,1.3183,6,1,0.8571,154,0.9912,0.9888,0.1679
4,0.3,500,2,0.3766,2,0,1,0,1,1,0.1682
1,0.35,500,18,3.3898,14,4,0.7778,409,0.9767,0.9551,0.1657
2,0.35,500,16,3.0132,12,4,0.75,409,0.9767,0.9551,0.165
3,0.35,500,10,1.8832,8,2,0.8,293,0.9833,0.9775,0.167
4,0.35,500,4,0.7533,4,0,1,0,1,1,0.1689
1,0.4,500,23,4.3315,19,4,0.8261,409,0.9767,0.9551,0.1673
2,0.4,500,20,3.7665,16,4,0.8,409,0.9767,0.9551,0.1663
3,0.4,500,12,2.2599,10,2,0.8333,293,0.9833,0.9775,0.1676
4,0.4,500,5,0.9416,5,0,1,0,1,1,0.1692
1,0.45,500,33,6.2147,27,6,0.8182,532,0.9696,0.9326,0.1667
2,0.45,500,28,5.2731,23,5,0.8214,466,0.9734,0.9438,0.167
3,0.45,500,16,3.0132,14,2,0.875,293,0.9833,0.9775,0.1689
4,0.45,500,7,1.3183,7,0,1,0,1,1,0.1698
1,0.5,500,50,9.4162,39,11,0.78,1485,0.9153,0.8764,0.1622
2,0.5,500,45,8.4746,35,10,0.7778,1419,0.919,0.8876,0.1626
3,0.5,500,28,5.2731,23,5,0.8214,1005,0.9427,0.9438,0.167
4,0.5,500,11,2.0716,9,2,0.8182,299,0.9829,0.9775,0.1673
1,0.55,500,61,11.4878,48,13,0.7869,1677,0.9043,0.8539,0.1617
2,0.55,500,56,10.5461,44,12,0.7857,1611,0.9081,0.8652,0.1621
3,0.55,500,35,6.5913,29,6,0.8286,1063,0.9393,0.9326,0.1673
4,0.55,500,12,2.2599,10,2,0.8333,299,0.9829,0.9775,0.1676
1,0.6,500,80,15.0659,63,17,0.7875,2457,0.8598,0.809,0.1596
2,0.6,500,74,13.936,58,16,0.7838,2391,0.8636,0.8202,0.1597
3,0.6,500,45,8.4746,35,10,0.7778,1843,0.8948,0.8876,0.1626
4,0.6,500,14,2.6365,12,2,0.8571,299,0.9829,0.9775,0.1683
1,0.65,500,92,17.3258,71,21,0.7717,3260,0.814,0.764,0.1549
2,0.65,500,85,16.0075,65,20,0.7647,3194,0.8178,0.7753,0.1547
3,0.65,500,51,9.6045,40,11,0.7843,2111,0.8796,0.8764,0.1625
4,0.65,500,14,2.6365,12,2,0.8571,299,0.9829,0.9775,0.1683
1,0.7,500,105,19.774,80,25,0.7619,4651,0.7346,0.7191,0.1502
2,0.7,500,97,18.2674,73,24,0.7526,4585,0.7384,0.7303,0.1498
3,0.7,500,59,11.1111,47,12,0.7966,2181,0.8756,0.8652,0.1631
4,0.7,500,16,3.0132,14,2,0.875,299,0.9829,0.9775,0.1689
1,0.75,500,126,23.7288,98,28,0.7778,5058,0.7114,0.6854,0.1506
2,0.75,500,118,22.2222,91,27,0.7712,4992,0.7152,0.6966,0.1501
3,0.75,500,74,13.936,60,14,0.8108,2402,0.8629,0.8427,0.1641
4,0.75,500,17,3.2015,15,2,0.8824,299,0.9829,0.9775,0.1693
1,0.8,500,144,27.1186,112,32,0.7778,6439,0.6326,0.6404,0.1473
2,0.8,500,136,25.6121,105,31,0.7721,6373,0.6364,0.6517,0.1468
3,0.8,500,89,16.7608,72,17,0.809,3197,0.8176,0.809,0.1629
4,0.8,500,20,3.7665,18,2,0.9,299,0.9829,0.9775,0.1703
1,0.85,500,165,31.0734,124,41,0.7515,8038,0.5414,0.5393,0.1311
2,0.85,500,157,29.5669,117,40,0.7452,7972,0.5451,0.5506,0.131
3,0.85,500,106,19.9623,81,25,0.7642,4631,0.7358,0.7191,0.1506
4,0.85,500,22,4.1431,18,4,0.8182,567,0.9676,0.9551,0.167
1,0.9,500,196,36.9115,148,48,0.7551,9323,0.468,0.4607,0.1224
2,0.9,500,188,35.4049,141,47,0.75,9257,0.4718,0.4719,0.1224
3,0.9,500,128,24.1055,98,30,0.7656,5774,0.6705,0.6629,0.1464
4,0.9,500,26,4.8964,21,5,0.8077,996,0.9432,0.9438,0.1663
1,0.95,500,215,40.4896,163,52,0.7581,10192,0.4185,0.4157,0.1171
2,0.95,500,207,38.9831,156,51,0.7536,10126,0.4222,0.427,0.1173
3,0.95,500,141,26.5537,108,33,0.766,6565,0.6254,0.6292,0.1436
4,0.95,500,27,5.0847,22,5,0.8148,996,0.9432,0.9438,0.1667
1,1,500,235,44.2561,178,57,0.7574,11093,0.3671,0.3596,0.1081
2,1,500,226,42.5612,170,56,0.7522,11027,0.3708,0.3708,0.1082
3,1,500,154,29.0019,119,35,0.7727,7135,0.5929,0.6067,0.1432
4,1,500,28,5.2731,22,6,0.7857,1319,0.9247,0.9326,0.165
1,0.15,550,1,0.1883,0,1,0,38,0.9978,0.9888,0.166
2,0.15,550,1,0.1883,0,1,0,38,0.9978,0.9888,0.166
3,0.15,550,0,0,0,0,NA,0,1,1,0.1676
4,0.15,550,0,0,0,0,NA,0,1,1,0.1676
1,0.2,550,6,1.1299,4,2,0.6667,192,0.989,0.9775,0.1657
2,0.2,550,6,1.1299,4,2,0.6667,192,0.989,0.9775,0.1657
3,0.2,550,2,0.3766,1,1,0.5,154,0.9912,0.9888,0.1664
4,0.2,550,0,0,0,0,NA,0,1,1,0.1676
1,0.25,550,12,2.2599,9,3,0.75,270,0.9846,0.9663,0.1657
2,0.25,550,10,1.8832,7,3,0.7,270,0.9846,0.9663,0.1651
3,0.25,550,4,0.7533,3,1,0.75,154,0.9912,0.9888,0.167
4,0.25,550,2,0.3766,2,0,1,0,1,1,0.1682
1,0.3,550,16,3.0132,13,3,0.8125,270,0.9846,0.9663,0.167
2,0.3,550,14,2.6365,11,3,0.7857,270,0.9846,0.9663,0.1663
3,0.3,550,8,1.5066,7,1,0.875,154,0.9912,0.9888,0.1683
4,0.3,550,2,0.3766,2,0,1,0,1,1,0.1682
1,0.35,550,22,4.1431,18,4,0.8182,409,0.9767,0.9551,0.167
2,0.35,550,20,3.7665,16,4,0.8,409,0.9767,0.9551,0.1663
3,0.35,550,13,2.4482,11,2,0.8462,293,0.9833,0.9775,0.168
4,0.35,550,4,0.7533,4,0,1,0,1,1,0.1689
1,0.4,550,29,5.4614,24,5,0.8276,507,0.9711,0.9438,0.1673
2,0.4,550,26,4.8964,21,5,0.8077,507,0.9711,0.9438,0.1663
3,0.4,550,17,3.2015,14,3,0.8235,391,0.9777,0.9663,0.1673
4,0.4,550,5,0.9416,5,0,1,0,1,1,0.1692
1,0.45,550,39,7.3446,32,7,0.8205,630,0.9641,0.9213,0.1667
2,0.45,550,34,6.403,28,6,0.8235,564,0.9678,0.9326,0.167
3,0.45,550,21,3.9548,18,3,0.8571,391,0.9777,0.9663,0.1686
4,0.45,550,7,1.3183,7,0,1,0,1,1,0.1698
1,0.5,550,60,11.2994,48,12,0.8,1583,0.9097,0.8652,0.1635
2,0.5,550,55,10.3578,44,11,0.8,1517,0.9134,0.8764,0.1639
3,0.5,550,37,6.968,31,6,0.8378,1103,0.9371,0.9326,0.168
4,0.5,550,12,2.2599,10,2,0.8333,299,0.9829,0.9775,0.1676
1,0.55,550,72,13.5593,58,14,0.8056,1775,0.8987,0.8427,0.1634
2,0.55,550,67,12.6177,54,13,0.806,1709,0.9025,0.8539,0.1638
3,0.55,550,45,8.4746,38,7,0.8444,1161,0.9338,0.9213,0.1687
4,0.55,550,13,2.4482,11,2,0.8462,299,0.9829,0.9775,0.168
1,0.6,550,95,17.8908,77,18,0.8105,2555,0.8542,0.7978,0.1628
2,0.6,550,89,16.7608,72,17,0.809,2489,0.858,0.809,0.1629
3,0.6,550,58,10.9228,47,11,0.8103,1941,0.8893,0.8764,0.1649
4,0.6,550,15,2.8249,13,2,0.8667,299,0.9829,0.9775,0.1686
1,0.65,550,108,20.339,86,22,0.7963,3358,0.8084,0.7528,0.1584
2,0.65,550,101,19.0207,80,21,0.7921,3292,0.8122,0.764,0.1581
3,0.65,550,65,12.2411,53,12,0.8154,2209,0.874,0.8652,0.1652
4,0.65,550,15,2.8249,13,2,0.8667,299,0.9829,0.9775,0.1686
1,0.7,550,123,23.1638,97,26,0.7886,4749,0.729,0.7079,0.1544
2,0.7,550,115,21.6573,90,25,0.7826,4683,0.7328,0.7191,0.1538
3,0.7,550,75,14.1243,62,13,0.8267,2279,0.87,0.8539,0.1667
4,0.7,550,17,3.2015,15,2,0.8824,299,0.9829,0.9775,0.1693
1,0.75,550,149,28.0603,118,31,0.7919,5595,0.6808,0.6517,0.1518
2,0.75,550,141,26.5537,111,30,0.7872,5529,0.6845,0.6629,0.1513
3,0.75,550,95,17.8908,78,17,0.8211,2939,0.8323,0.809,0.1651
4,0.75,550,19,3.5782,17,2,0.8947,299,0.9829,0.9775,0.1699
1,0.8,550,169,31.8267,134,35,0.7929,6976,0.602,0.6067,0.1492
2,0.8,550,161,30.3202,127,34,0.7888,6910,0.6057,0.618,0.1486
3,0.8,550,112,21.0923,92,20,0.8214,3734,0.7869,0.7753,0.1647
4,0.8,550,22,4.1431,20,2,0.9091,299,0.9829,0.9775,0.1709
1,0.85,550,193,36.3465,149,44,0.772,8575,0.5107,0.5056,0.1331
2,0.85,550,185,34.8399,142,43,0.7676,8509,0.5145,0.5169,0.1329
3,0.85,550,132,24.8588,104,28,0.7879,5168,0.7051,0.6854,0.1529
4,0.85,550,25,4.7081,21,4,0.84,567,0.9676,0.9551,0.168
1,0.9,550,227,42.7495,175,52,0.7709,9943,0.4327,0.4157,0.1217
2,0.9,550,219,41.2429,168,51,0.7671,9877,0.4364,0.427,0.1218
3,0.9,550,157,29.5669,123,34,0.7834,6394,0.6352,0.618,0.1471
4,0.9,550,29,5.4614,24,5,0.8276,996,0.9432,0.9438,0.1673
1,0.95,550,248,46.7043,192,56,0.7742,10812,0.3831,0.3708,0.1166
2,0.95,550,240,45.1977,185,55,0.7708,10746,0.3869,0.382,0.1168
3,0.95,550,172,32.3917,135,37,0.7849,7185,0.59,0.5843,0.1448
4,0.95,550,31,5.838,26,5,0.8387,996,0.9432,0.9438,0.168
1,1,550,269,50.6591,208,61,0.7732,11713,0.3317,0.3146,0.1069
2,1,550,260,48.9642,200,60,0.7692,11647,0.3354,0.3258,0.107
3,1,550,186,35.0282,147,39,0.7903,7755,0.5575,0.5618,0.1449
4,1,550,32,6.0264,26,6,0.8125,1319,0.9247,0.9326,0.1663
1,0.15,600,2,0.3766,0,2,0,113,0.9936,0.9775,0.1645
2,0.15,600,2,0.3766,0,2,0,113,0.9936,0.9775,0.1645
3,0.15,600,1,0.1883,0,1,0,75,0.9957,0.9888,0.166
4,0.15,600,0,0,0,0,NA,0,1,1,0.1676
1,0.2,600,9,1.6949,6,3,0.6667,267,0.9848,0.9663,0.1648
2,0.2,600,9,1.6949,6,3,0.6667,267,0.9848,0.9663,0.1648
3,0.2,600,4,0.7533,2,2,0.5,229,0.9869,0.9775,0.1651
4,0.2,600,1,0.1883,1,0,1,0,1,1,0.1679
1,0.25,600,17,3.2015,13,4,0.7647,345,0.9803,0.9551,0.1654
2,0.25,600,15,2.8249,11,4,0.7333,345,0.9803,0.9551,0.1647
3,0.25,600,7,1.3183,5,2,0.7143,229,0.9869,0.9775,0.166
4,0.25,600,4,0.7533,4,0,1,0,1,1,0.1689
1,0.3,600,23,4.3315,19,4,0.8261,345,0.9803,0.9551,0.1673
2,0.3,600,21,3.9548,17,4,0.8095,345,0.9803,0.9551,0.1667
3,0.3,600,13,2.4482,11,2,0.8462,229,0.9869,0.9775,0.168
4,0.3,600,4,0.7533,4,0,1,0,1,1,0.1689
1,0.35,600,31,5.838,25,6,0.8065,566,0.9677,0.9326,0.166
2,0.35,600,29,5.4614,23,6,0.7931,566,0.9677,0.9326,0.1653
3,0.35,600,20,3.7665,16,4,0.8,450,0.9743,0.9551,0.1663
4,0.35,600,6,1.1299,6,0,1,0,1,1,0.1695
1,0.4,600,40,7.533,33,7,0.825,664,0.9621,0.9213,0.167
2,0.4,600,37,6.968,30,7,0.8108,664,0.9621,0.9213,0.166
3,0.4,600,25,4.7081,20,5,0.8,548,0.9687,0.9438,0.166
4,0.4,600,8,1.5066,8,0,1,0,1,1,0.1702
1,0.45,600,50,9.4162,41,9,0.82,787,0.9551,0.8989,0.1663
2,0.45,600,45,8.4746,37,8,0.8222,721,0.9589,0.9101,0.1667
3,0.45,600,29,5.4614,24,5,0.8276,548,0.9687,0.9438,0.1673
4,0.45,600,10,1.8832,10,0,1,0,1,1,0.1708
1,0.5,600,75,14.1243,61,14,0.8133,1740,0.9007,0.8427,0.1645
2,0.5,600,70,13.1827,57,13,0.8143,1674,0.9045,0.8539,0.1649
3,0.5,600,49,9.2279,41,8,0.8367,1260,0.9281,0.9101,0.168
4,0.5,600,15,2.8249,13,2,0.8667,299,0.9829,0.9775,0.1686
1,0.55,600,88,16.5725,72,16,0.8182,1932,0.8898,0.8202,0.1648
2,0.55,600,83,15.6309,68,15,0.8193,1866,0.8935,0.8315,0.1652
3,0.55,600,58,10.9228,49,9,0.8448,1318,0.9248,0.8989,0.1691
4,0.55,600,17,3.2015,15,2,0.8824,299,0.9829,0.9775,0.1693
1,0.6,600,115,21.6573,95,20,0.8261,2712,0.8453,0.7753,0.1659
2,0.6,600,109,20.5273,90,19,0.8257,2646,0.849,0.7865,0.1659
3,0.6,600,75,14.1243,62,13,0.8267,2098,0.8803,0.8539,0.1667
4,0.6,600,19,3.5782,17,2,0.8947,299,0.9829,0.9775,0.1699
1,0.65,600,129,24.2938,105,24,0.814,3515,0.7994,0.7303,0.1617
2,0.65,600,122,22.9755,99,23,0.8115,3449,0.8032,0.7416,0.1614
3,0.65,600,83,15.6309,69,14,0.8313,2366,0.865,0.8427,0.1674
4,0.65,600,19,3.5782,17,2,0.8947,299,0.9829,0.9775,0.1699
1,0.7,600,147,27.6836,119,28,0.8095,4906,0.7201,0.6854,0.1589
2,0.7,600,139,26.177,112,27,0.8058,4840,0.7238,0.6966,0.1582
3,0.7,600,96,18.0791,81,15,0.8438,2436,0.861,0.8315,0.1701
4,0.7,600,22,4.1431,20,2,0.9091,299,0.9829,0.9775,0.1709
1,0.75,600,173,32.58,140,33,0.8092,5752,0.6718,0.6292,0.1564
2,0.75,600,165,31.0734,133,32,0.8061,5686,0.6756,0.6404,0.1557
3,0.75,600,116,21.8456,97,19,0.8362,3096,0.8233,0.7865,0.1687
4,0.75,600,24,4.5198,22,2,0.9167,299,0.9829,0.9775,0.1716
1,0.8,600,195,36.7232,157,38,0.8051,7268,0.5853,0.573,0.1518
2,0.8,600,187,35.2166,150,37,0.8021,7202,0.5891,0.5843,0.1512
3,0.8,600,135,25.4237,112,23,0.8296,4026,0.7703,0.7416,0.1667
4,0.8,600,27,5.0847,25,2,0.9259,299,0.9829,0.9775,0.1726
1,0.85,600,222,41.8079,175,47,0.7883,8867,0.4941,0.4719,0.1359
2,0.85,600,214,40.3013,168,46,0.785,8801,0.4978,0.4831,0.1356
3,0.85,600,158,29.7552,127,31,0.8038,5460,0.6885,0.6517,0.1555
4,0.85,600,32,6.0264,28,4,0.875,567,0.9676,0.9551,0.1703
1,0.9,600,256,48.2109,201,55,0.7852,10235,0.416,0.382,0.1236
2,0.9,600,248,46.7043,194,54,0.7823,10169,0.4198,0.3933,0.1237
3,0.9,600,183,34.4633,146,37,0.7978,6686,0.6185,0.5843,0.1494
4,0.9,600,36,6.7797,31,5,0.8611,996,0.9432,0.9438,0.1697
1,0.95,600,279,52.5424,220,59,0.7885,11104,0.3664,0.3371,0.119
2,0.95,600,271,51.0358,213,58,0.786,11038,0.3702,0.3483,0.1192
3,0.95,600,200,37.6648,160,40,0.8,7477,0.5734,0.5506,0.148
4,0.95,600,38,7.1563,33,5,0.8684,996,0.9432,0.9438,0.1704
1,1,600,302,56.8738,238,64,0.7881,12005,0.315,0.2809,0.1092
2,1,600,293,55.1789,230,63,0.785,11939,0.3188,0.2921,0.1092
3,1,600,216,40.678,174,42,0.8056,8047,0.5409,0.5281,0.1492
4,1,600,39,7.3446,33,6,0.8462,1319,0.9247,0.9326,0.1687
1,0.15,650,2,0.3766,0,2,0,113,0.9936,0.9775,0.1645
2,0.15,650,2,0.3766,0,2,0,113,0.9936,0.9775,0.1645
3,0.15,650,1,0.1883,0,1,0,75,0.9957,0.9888,0.166
4,0.15,650,0,0,0,0,NA,0,1,1,0.1676
1,0.2,650,10,1.8832,7,3,0.7,267,0.9848,0.9663,0.1651
2,0.2,650,10,1.8832,7,3,0.7,267,0.9848,0.9663,0.1651
3,0.2,650,5,0.9416,3,2,0.6,229,0.9869,0.9775,0.1654
4,0.2,650,2,0.3766,2,0,1,0,1,1,0.1682
1,0.25,650,19,3.5782,15,4,0.7895,345,0.9803,0.9551,0.166
2,0.25,650,17,3.2015,13,4,0.7647,345,0.9803,0.9551,0.1654
3,0.25,650,9,1.6949,7,2,0.7778,229,0.9869,0.9775,0.1667
4,0.25,650,5,0.9416,5,0,1,0,1,1,0.1692
1,0.3,650,27,5.0847,23,4,0.8519,345,0.9803,0.9551,0.1687
2,0.3,650,25,4.7081,21,4,0.84,345,0.9803,0.9551,0.168
3,0.3,650,17,3.2015,15,2,0.8824,229,0.9869,0.9775,0.1693
4,0.3,650,5,0.9416,5,0,1,0,1,1,0.1692
1,0.35,650,35,6.5913,29,6,0.8286,566,0.9677,0.9326,0.1673
2,0.35,650,33,6.2147,27,6,0.8182,566,0.9677,0.9326,0.1667
3,0.35,650,24,4.5198,20,4,0.8333,450,0.9743,0.9551,0.1677
4,0.35,650,7,1.3183,7,0,1,0,1,1,0.1698
1,0.4,650,44,8.2863,37,7,0.8409,664,0.9621,0.9213,0.1684
2,0.4,650,41,7.7213,34,7,0.8293,664,0.9621,0.9213,0.1673
3,0.4,650,29,5.4614,24,5,0.8276,548,0.9687,0.9438,0.1673
4,0.4,650,9,1.6949,9,0,1,0,1,1,0.1705
1,0.45,650,56,10.5461,47,9,0.8393,787,0.9551,0.8989,0.1684
2,0.45,650,51,9.6045,43,8,0.8431,721,0.9589,0.9101,0.1688
3,0.45,650,34,6.403,29,5,0.8529,548,0.9687,0.9438,0.169
4,0.45,650,12,2.2599,12,0,1,0,1,1,0.1715
1,0.5,650,82,15.4426,68,14,0.8293,1740,0.9007,0.8427,0.167
2,0.5,650,77,14.5009,64,13,0.8312,1674,0.9045,0.8539,0.1674
3,0.5,650,55,10.3578,47,8,0.8545,1260,0.9281,0.9101,0.1702
4,0.5,650,17,3.2015,15,2,0.8824,299,0.9829,0.9775,0.1693
1,0.55,650,96,18.0791,80,16,0.8333,1932,0.8898,0.8202,0.1678
2,0.55,650,91,17.1375,76,15,0.8352,1866,0.8935,0.8315,0.1682
3,0.55,650,65,12.2411,56,9,0.8615,1318,0.9248,0.8989,0.1717
4,0.55,650,19,3.5782,17,2,0.8947,299,0.9829,0.9775,0.1699
1,0.6,650,125,23.5405,105,20,0.84,2712,0.8453,0.7753,0.17
2,0.6,650,119,22.4105,100,19,0.8403,2646,0.849,0.7865,0.1699
3,0.6,650,84,15.8192,71,13,0.8452,2098,0.8803,0.8539,0.17
4,0.6,650,21,3.9548,19,2,0.9048,299,0.9829,0.9775,0.1706
1,0.65,650,141,26.5537,117,24,0.8298,3515,0.7994,0.7303,0.1667
2,0.65,650,134,25.2354,111,23,0.8284,3449,0.8032,0.7416,0.1662
3,0.65,650,94,17.7024,80,14,0.8511,2366,0.865,0.8427,0.1716
4,0.65,650,21,3.9548,19,2,0.9048,299,0.9829,0.9775,0.1706
1,0.7,650,163,30.6968,134,29,0.8221,5123,0.7077,0.6742,0.163
2,0.7,650,155,29.1902,127,28,0.8194,5057,0.7115,0.6854,0.1622
3,0.7,650,111,20.904,95,16,0.8559,2653,0.8486,0.8202,0.1738
4,0.7,650,25,4.7081,23,2,0.92,299,0.9829,0.9775,0.1719
1,0.75,650,191,35.9699,157,34,0.822,5969,0.6594,0.618,0.1618
2,0.75,650,183,34.4633,150,33,0.8197,5903,0.6632,0.6292,0.1609
3,0.75,650,133,25.0471,113,20,0.8496,3313,0.811,0.7753,0.1734
4,0.75,650,27,5.0847,25,2,0.9259,299,0.9829,0.9775,0.1726
1,0.8,650,213,40.113,174,39,0.8169,7485,0.5729,0.5618,0.1572
2,0.8,650,205,38.6064,167,38,0.8146,7419,0.5767,0.573,0.1564
3,0.8,650,152,28.6252,128,24,0.8421,4243,0.7579,0.7303,0.1715
4,0.8,650,30,5.6497,28,2,0.9333,299,0.9829,0.9775,0.1737
1,0.85,650,241,45.3861,193,48,0.8008,9084,0.4817,0.4607,0.1414
2,0.85,650,233,43.8795,186,47,0.7983,9018,0.4855,0.4719,0.1409
3,0.85,650,176,33.145,144,32,0.8182,5677,0.6761,0.6404,0.1606
4,0.85,650,35,6.5913,31,4,0.8857,567,0.9676,0.9551,0.1714
1,0.9,650,275,51.7891,219,56,0.7964,10452,0.4036,0.3708,0.1289
2,0.9,650,267,50.2825,212,55,0.794,10386,0.4074,0.382,0.1288
3,0.9,650,201,37.8531,163,38,0.8109,6903,0.6061,0.573,0.1545
4,0.9,650,39,7.3446,34,5,0.8718,996,0.9432,0.9438,0.1707
1,0.95,650,298,56.1205,238,60,0.7987,11321,0.354,0.3258,0.1245
2,0.95,650,290,54.6139,231,59,0.7966,11255,0.3578,0.3371,0.1245
3,0.95,650,218,41.0546,177,41,0.8119,7694,0.561,0.5393,0.1534
4,0.95,650,41,7.7213,36,5,0.878,996,0.9432,0.9438,0.1714
1,1,650,321,60.452,256,65,0.7975,12222,0.3026,0.2697,0.1143
2,1,650,312,58.7571,248,64,0.7949,12156,0.3064,0.2809,0.1142
3,1,650,234,44.0678,191,43,0.8162,8264,0.5285,0.5169,0.1549
4,1,650,42,7.9096,36,6,0.8571,1319,0.9247,0.9326,0.1697
1,0.15,700,2,0.3766,0,2,0,113,0.9936,0.9775,0.1645
2,0.15,700,2,0.3766,0,2,0,113,0.9936,0.9775,0.1645
3,0.15,700,1,0.1883,0,1,0,75,0.9957,0.9888,0.166
4,0.15,700,0,0,0,0,NA,0,1,1,0.1676
1,0.2,700,10,1.8832,7,3,0.7,267,0.9848,0.9663,0.1651
2,0.2,700,10,1.8832,7,3,0.7,267,0.9848,0.9663,0.1651
3,0.2,700,5,0.9416,3,2,0.6,229,0.9869,0.9775,0.1654
4,0.2,700,2,0.3766,2,0,1,0,1,1,0.1682
1,0.25,700,23,4.3315,19,4,0.8261,345,0.9803,0.9551,0.1673
2,0.25,700,21,3.9548,17,4,0.8095,345,0.9803,0.9551,0.1667
3,0.25,700,12,2.2599,10,2,0.8333,229,0.9869,0.9775,0.1676
4,0.25,700,5,0.9416,5,0,1,0,1,1,0.1692
1,0.3,700,31,5.838,27,4,0.871,345,0.9803,0.9551,0.17
2,0.3,700,29,5.4614,25,4,0.8621,345,0.9803,0.9551,0.1693
3,0.3,700,20,3.7665,18,2,0.9,229,0.9869,0.9775,0.1703
4,0.3,700,5,0.9416,5,0,1,0,1,1,0.1692
1,0.35,700,41,7.7213,35,6,0.8537,566,0.9677,0.9326,0.1694
2,0.35,700,39,7.3446,33,6,0.8462,566,0.9677,0.9326,0.1687
3,0.35,700,28,5.2731,24,4,0.8571,450,0.9743,0.9551,0.169
4,0.35,700,7,1.3183,7,0,1,0,1,1,0.1698
1,0.4,700,53,9.9812,46,7,0.8679,664,0.9621,0.9213,0.1715
2,0.4,700,50,9.4162,43,7,0.86,664,0.9621,0.9213,0.1705
3,0.4,700,35,6.5913,30,5,0.8571,548,0.9687,0.9438,0.1694
4,0.4,700,10,1.8832,10,0,1,0,1,1,0.1708
1,0.45,700,67,12.6177,58,9,0.8657,787,0.9551,0.8989,0.1724
2,0.45,700,62,11.6761,54,8,0.871,721,0.9589,0.9101,0.1727
3,0.45,700,42,7.9096,37,5,0.881,548,0.9687,0.9438,0.1718
4,0.45,700,13,2.4482,13,0,1,0,1,1,0.1718
1,0.5,700,94,17.7024,79,15,0.8404,1996,0.8861,0.8315,0.1693
2,0.5,700,89,16.7608,75,14,0.8427,1930,0.8899,0.8427,0.1697
3,0.5,700,64,12.0527,55,9,0.8594,1516,0.9135,0.8989,0.1713
4,0.5,700,18,3.3898,16,2,0.8889,299,0.9829,0.9775,0.1696
1,0.55,700,111,20.904,93,18,0.8378,2298,0.8689,0.7978,0.169
2,0.55,700,106,19.9623,89,17,0.8396,2232,0.8726,0.809,0.1694
3,0.55,700,77,14.5009,66,11,0.8571,1684,0.9039,0.8764,0.1718
4,0.55,700,20,3.7665,18,2,0.9,299,0.9829,0.9775,0.1703
1,0.6,700,141,26.5537,119,22,0.844,3078,0.8244,0.7528,0.1718
2,0.6,700,135,25.4237,114,21,0.8444,3012,0.8281,0.764,0.1717
3,0.6,700,97,18.2674,82,15,0.8454,2464,0.8594,0.8315,0.1705
4,0.6,700,22,4.1431,20,2,0.9091,299,0.9829,0.9775,0.1709
1,0.65,700,158,29.7552,132,26,0.8354,3881,0.7786,0.7079,0.1689
2,0.65,700,151,28.4369,126,25,0.8344,3815,0.7823,0.7191,0.1684
3,0.65,700,108,20.339,92,16,0.8519,2732,0.8441,0.8202,0.1726
4,0.65,700,22,4.1431,20,2,0.9091,299,0.9829,0.9775,0.1709
1,0.7,700,183,34.4633,152,31,0.8306,5489,0.6868,0.6517,0.1667
2,0.7,700,175,32.9567,145,30,0.8286,5423,0.6906,0.6629,0.1657
3,0.7,700,128,24.1055,110,18,0.8594,3019,0.8277,0.7978,0.1762
4,0.7,700,26,4.8964,24,2,0.9231,299,0.9829,0.9775,0.1723
1,0.75,700,211,39.7363,175,36,0.8294,6335,0.6385,0.5955,0.1656
2,0.75,700,203,38.2298,168,35,0.8276,6269,0.6423,0.6067,0.1646
3,0.75,700,150,28.2486,128,22,0.8533,3679,0.7901,0.7528,0.1759
4,0.75,700,28,5.2731,26,2,0.9286,299,0.9829,0.9775,0.173
1,0.8,700,233,43.8795,192,41,0.824,7851,0.552,0.5393,0.1611
2,0.8,700,225,42.3729,185,40,0.8222,7785,0.5558,0.5506,0.1601
3,0.8,700,169,31.8267,143,26,0.8462,4609,0.737,0.7079,0.174
4,0.8,700,31,5.838,29,2,0.9355,299,0.9829,0.9775,0.174
1,0.85,700,262,49.3409,211,51,0.8053,9611,0.4516,0.427,0.1413
2,0.85,700,254,47.8343,204,50,0.8031,9545,0.4554,0.4382,0.1408
3,0.85,700,194,36.5348,159,35,0.8196,6204,0.646,0.6067,0.1602
4,0.85,700,37,6.968,32,5,0.8649,728,0.9585,0.9438,0.17
1,0.9,700,296,55.7439,237,59,0.8007,10979,0.3736,0.3371,0.1277
2,0.9,700,288,54.2373,230,58,0.7986,10913,0.3773,0.3483,0.1276
3,0.9,700,219,41.2429,178,41,0.8128,7430,0.5761,0.5393,0.1538
4,0.9,700,41,7.7213,35,6,0.8537,1157,0.934,0.9326,0.1694
1,0.95,700,319,60.0753,256,63,0.8025,11848,0.324,0.2921,0.1226
2,0.95,700,311,58.5687,249,62,0.8006,11782,0.3277,0.3034,0.1227
3,0.95,700,236,44.4444,192,44,0.8136,8221,0.5309,0.5056,0.1525
4,0.95,700,43,8.0979,37,6,0.8605,1157,0.934,0.9326,0.1701
1,1,700,343,64.5951,275,68,0.8017,12749,0.2726,0.236,0.1117
2,1,700,334,62.9002,267,67,0.7994,12683,0.2763,0.2472,0.1117
3,1,700,253,47.646,207,46,0.8182,8791,0.4984,0.4831,0.1547
4,1,700,44,8.2863,37,7,0.8409,1480,0.9156,0.9213,0.1684
1,0.15,750,3,0.565,1,2,0.3333,113,0.9936,0.9775,0.1648
2,0.15,750,3,0.565,1,2,0.3333,113,0.9936,0.9775,0.1648
3,0.15,750,1,0.1883,0,1,0,75,0.9957,0.9888,0.166
4,0.15,750,0,0,0,0,NA,0,1,1,0.1676
1,0.2,750,11,2.0716,8,3,0.7273,267,0.9848,0.9663,0.1654
2,0.2,750,11,2.0716,8,3,0.7273,267,0.9848,0.9663,0.1654
3,0.2,750,5,0.9416,3,2,0.6,229,0.9869,0.9775,0.1654
4,0.2,750,2,0.3766,2,0,1,0,1,1,0.1682
1,0.25,750,27,5.0847,22,5,0.8148,410,0.9766,0.9438,0.1667
2,0.25,750,25,4.7081,20,5,0.8,410,0.9766,0.9438,0.166
3,0.25,750,14,2.6365,12,2,0.8571,229,0.9869,0.9775,0.1683
4,0.25,750,6,1.1299,6,0,1,0,1,1,0.1695
1,0.3,750,36,6.7797,30,6,0.8333,680,0.9612,0.9326,0.1677
2,0.3,750,34,6.403,28,6,0.8235,680,0.9612,0.9326,0.167
3,0.3,750,23,4.3315,20,3,0.8696,499,0.9715,0.9663,0.1693
4,0.3,750,6,1.1299,6,0,1,0,1,1,0.1695
1,0.35,750,47,8.8512,39,8,0.8298,901,0.9486,0.9101,0.1674
2,0.35,750,45,8.4746,37,8,0.8222,901,0.9486,0.9101,0.1667
3,0.35,750,31,5.838,26,5,0.8387,720,0.9589,0.9438,0.168
4,0.35,750,8,1.5066,8,0,1,0,1,1,0.1702
1,0.4,750,62,11.6761,53,9,0.8548,999,0.943,0.8989,0.1706
2,0.4,750,59,11.1111,50,9,0.8475,999,0.943,0.8989,0.1695
3,0.4,750,41,7.7213,35,6,0.8537,818,0.9533,0.9326,0.1694
4,0.4,750,11,2.0716,11,0,1,0,1,1,0.1712
1,0.45,750,79,14.8776,68,11,0.8608,1122,0.936,0.8764,0.1726
2,0.45,750,74,13.936,64,10,0.8649,1056,0.9397,0.8876,0.1729
3,0.45,750,51,9.6045,45,6,0.8824,818,0.9533,0.9326,0.1729
4,0.45,750,15,2.8249,15,0,1,0,1,1,0.1725
1,0.5,750,106,19.9623,89,17,0.8396,2331,0.867,0.809,0.1694
2,0.5,750,101,19.0207,85,16,0.8416,2265,0.8708,0.8202,0.1698
3,0.5,750,73,13.7476,63,10,0.863,1786,0.8981,0.8876,0.1725
4,0.5,750,20,3.7665,18,2,0.9,299,0.9829,0.9775,0.1703
1,0.55,750,126,23.7288,106,20,0.8413,2633,0.8498,0.7753,0.1704
2,0.55,750,121,22.7872,102,19,0.843,2567,0.8535,0.7865,0.1707
3,0.55,750,89,16.7608,77,12,0.8652,1954,0.8885,0.8652,0.1742
4,0.55,750,24,4.5198,22,2,0.9167,299,0.9829,0.9775,0.1716
1,0.6,750,157,29.5669,133,24,0.8471,3413,0.8053,0.7303,0.1738
2,0.6,750,151,28.4369,128,23,0.8477,3347,0.809,0.7416,0.1737
3,0.6,750,110,20.7156,94,16,0.8545,2734,0.844,0.8202,0.1734
4,0.6,750,27,5.0847,25,2,0.9259,299,0.9829,0.9775,0.1726
1,0.65,750,174,32.7684,146,28,0.8391,4216,0.7594,0.6854,0.1709
2,0.65,750,167,31.4501,140,27,0.8383,4150,0.7632,0.6966,0.1703
3,0.65,750,121,22.7872,104,17,0.8595,3002,0.8287,0.809,0.1756
4,0.65,750,27,5.0847,25,2,0.9259,299,0.9829,0.9775,0.1726
1,0.7,750,200,37.6648,167,33,0.835,5824,0.6677,0.6292,0.1692
2,0.7,750,192,36.1582,160,32,0.8333,5758,0.6715,0.6404,0.1681
3,0.7,750,142,26.742,123,19,0.8662,3289,0.8123,0.7865,0.1799
4,0.7,750,31,5.838,29,2,0.9355,299,0.9829,0.9775,0.174
1,0.75,750,229,43.1262,191,38,0.8341,6670,0.6194,0.573,0.1689
2,0.75,750,221,41.6196,184,37,0.8326,6604,0.6232,0.5843,0.1677
3,0.75,750,165,31.0734,142,23,0.8606,3949,0.7747,0.7416,0.1803
4,0.75,750,33,6.2147,31,2,0.9394,299,0.9829,0.9775,0.1747
1,0.8,750,251,47.2693,208,43,0.8287,8186,0.5329,0.5169,0.1643
2,0.8,750,243,45.7627,201,42,0.8272,8120,0.5367,0.5281,0.1632
3,0.8,750,184,34.6516,157,27,0.8533,4879,0.7216,0.6966,0.1787
4,0.8,750,36,6.7797,34,2,0.9444,299,0.9829,0.9775,0.1758
1,0.85,750,280,52.7307,227,53,0.8107,9946,0.4325,0.4045,0.1434
2,0.85,750,272,51.2241,220,52,0.8088,9880,0.4363,0.4157,0.1429
3,0.85,750,209,39.3597,173,36,0.8278,6474,0.6306,0.5955,0.1646
4,0.85,750,42,7.9096,37,5,0.881,728,0.9585,0.9438,0.1718
1,0.9,750,314,59.1337,253,61,0.8057,11314,0.3544,0.3146,0.129
2,0.9,750,306,57.6271,246,60,0.8039,11248,0.3582,0.3258,0.1289
3,0.9,750,234,44.0678,192,42,0.8205,7700,0.5607,0.5281,0.1582
4,0.9,750,46,8.6629,40,6,0.8696,1157,0.934,0.9326,0.1711
1,0.95,750,338,63.6535,273,65,0.8077,12183,0.3049,0.2697,0.1244
2,0.95,750,330,62.1469,266,64,0.8061,12117,0.3086,0.2809,0.1244
3,0.95,750,252,47.4576,207,45,0.8214,8491,0.5155,0.4944,0.1577
4,0.95,750,48,9.0395,42,6,0.875,1157,0.934,0.9326,0.1718
1,1,750,364,68.5499,293,71,0.8049,13354,0.238,0.2022,0.1078
2,1,750,355,66.855,285,70,0.8028,13288,0.2418,0.2135,0.108
3,1,750,271,51.0358,223,48,0.8229,9331,0.4676,0.4607,0.1577
4,1,750,50,9.4162,42,8,0.84,1750,0.9001,0.9101,0.1684
1,0.15,800,3,0.565,1,2,0.3333,113,0.9936,0.9775,0.1648
2,0.15,800,3,0.565,1,2,0.3333,113,0.9936,0.9775,0.1648
3,0.15,800,1,0.1883,0,1,0,75,0.9957,0.9888,0.166
4,0.15,800,0,0,0,0,NA,0,1,1,0.1676
1,0.2,800,12,2.2599,9,3,0.75,267,0.9848,0.9663,0.1657
2,0.2,800,12,2.2599,9,3,0.75,267,0.9848,0.9663,0.1657
3,0.2,800,6,1.1299,4,2,0.6667,229,0.9869,0.9775,0.1657
4,0.2,800,2,0.3766,2,0,1,0,1,1,0.1682
1,0.25,800,28,5.2731,23,5,0.8214,410,0.9766,0.9438,0.167
2,0.25,800,26,4.8964,21,5,0.8077,410,0.9766,0.9438,0.1663
3,0.25,800,15,2.8249,13,2,0.8667,229,0.9869,0.9775,0.1686
4,0.25,800,6,1.1299,6,0,1,0,1,1,0.1695
1,0.3,800,38,7.1563,32,6,0.8421,680,0.9612,0.9326,0.1684
2,0.3,800,36,6.7797,30,6,0.8333,680,0.9612,0.9326,0.1677
3,0.3,800,25,4.7081,22,3,0.88,499,0.9715,0.9663,0.17
4,0.3,800,6,1.1299,6,0,1,0,1,1,0.1695
1,0.35,800,51,9.6045,42,9,0.8235,1021,0.9417,0.8989,0.1667
2,0.35,800,49,9.2279,40,9,0.8163,1021,0.9417,0.8989,0.166
3,0.35,800,35,6.5913,29,6,0.8286,840,0.9521,0.9326,0.1673
4,0.35,800,8,1.5066,8,0,1,0,1,1,0.1702
1,0.4,800,70,13.1827,58,12,0.8286,1278,0.9271,0.8652,0.167
2,0.4,800,67,12.6177,55,12,0.8209,1278,0.9271,0.8652,0.1659
3,0.4,800,48,9.0395,39,9,0.8125,1097,0.9374,0.8989,0.1656
4,0.4,800,13,2.4482,12,1,0.9231,110,0.9937,0.9888,0.1699
1,0.45,800,89,16.7608,75,14,0.8427,1401,0.9201,0.8427,0.1697
2,0.45,800,84,15.8192,71,13,0.8452,1335,0.9238,0.8539,0.17
3,0.45,800,60,11.2994,51,9,0.85,1097,0.9374,0.8989,0.1699
4,0.45,800,18,3.3898,17,1,0.9444,110,0.9937,0.9888,0.1715
1,0.5,800,120,22.5989,100,20,0.8333,2610,0.8511,0.7753,0.1679
2,0.5,800,115,21.6573,96,19,0.8348,2544,0.8548,0.7865,0.1683
3,0.5,800,86,16.1959,73,13,0.8488,2065,0.8822,0.8539,0.1708
4,0.5,800,23,4.3315,20,3,0.8696,409,0.9767,0.9663,0.1693
1,0.55,800,140,26.3653,117,23,0.8357,2912,0.8338,0.7416,0.1688
2,0.55,800,135,25.4237,113,22,0.837,2846,0.8376,0.7528,0.1692
3,0.55,800,102,19.209,87,15,0.8529,2233,0.8726,0.8315,0.1725
4,0.55,800,27,5.0847,24,3,0.8889,409,0.9767,0.9663,0.1706
1,0.6,800,171,32.2034,144,27,0.8421,3692,0.7893,0.6966,0.1722
2,0.6,800,165,31.0734,139,26,0.8424,3626,0.7931,0.7079,0.1721
3,0.6,800,123,23.1638,104,19,0.8455,3013,0.8281,0.7865,0.1716
4,0.6,800,30,5.6497,27,3,0.9,409,0.9767,0.9663,0.1717
1,0.65,800,189,35.5932,158,31,0.836,4495,0.7435,0.6517,0.1696
2,0.65,800,182,34.275,152,30,0.8352,4429,0.7473,0.6629,0.1691
3,0.65,800,135,25.4237,115,20,0.8519,3281,0.8128,0.7753,0.1742
4,0.65,800,30,5.6497,27,3,0.9,409,0.9767,0.9663,0.1717
1,0.7,800,216,40.678,180,36,0.8333,6103,0.6518,0.5955,0.1683
2,0.7,800,208,39.1714,173,35,0.8317,6037,0.6555,0.6067,0.1672
3,0.7,800,157,29.5669,135,22,0.8599,3568,0.7964,0.7528,0.1791
4,0.7,800,34,6.403,31,3,0.9118,409,0.9767,0.9663,0.173
1,0.75,800,246,46.3277,205,41,0.8333,6949,0.6035,0.5393,0.1684
2,0.75,800,238,44.8211,198,40,0.8319,6883,0.6073,0.5506,0.1672
3,0.75,800,181,34.0866,155,26,0.8564,4228,0.7588,0.7079,0.18
4,0.75,800,37,6.968,34,3,0.9189,409,0.9767,0.9663,0.1741
1,0.8,800,269,50.6591,223,46,0.829,8465,0.517,0.4831,0.1641
2,0.8,800,261,49.1525,216,45,0.8276,8399,0.5208,0.4944,0.163
3,0.8,800,201,37.8531,171,30,0.8507,5158,0.7057,0.6629,0.1788
4,0.8,800,40,7.533,37,3,0.925,409,0.9767,0.9663,0.1752
1,0.85,800,299,56.3089,243,56,0.8127,10225,0.4166,0.3708,0.1422
2,0.85,800,291,54.8023,236,55,0.811,10159,0.4203,0.382,0.1417
3,0.85,800,227,42.7495,188,39,0.8282,6753,0.6147,0.5618,0.1645
4,0.85,800,46,8.6629,40,6,0.8696,838,0.9522,0.9326,0.1711
1,0.9,800,333,62.7119,269,64,0.8078,11593,0.3385,0.2809,0.1263
2,0.9,800,325,61.2053,262,63,0.8062,11527,0.3423,0.2921,0.1262
3,0.9,800,252,47.4576,207,45,0.8214,7979,0.5447,0.4944,0.1577
4,0.9,800,50,9.4162,43,7,0.86,1267,0.9277,0.9213,0.1705
1,0.95,800,357,67.2316,289,68,0.8095,12462,0.2889,0.236,0.1207
2,0.95,800,349,65.725,282,67,0.808,12396,0.2927,0.2472,0.1209
3,0.95,800,270,50.8475,222,48,0.8222,8770,0.4996,0.4607,0.1571
4,0.95,800,52,9.7928,45,7,0.8654,1267,0.9277,0.9213,0.1712
1,1,800,383,72.1281,309,74,0.8068,13633,0.2221,0.1685,0.1014
2,1,800,374,70.4331,301,73,0.8048,13567,0.2259,0.1798,0.1019
3,1,800,289,54.4256,238,51,0.8235,9610,0.4517,0.427,0.157
4,1,800,54,10.1695,45,9,0.8333,1860,0.8939,0.8989,0.1677
1,0.15,850,4,0.7533,2,2,0.5,113,0.9936,0.9775,0.1651
2,0.15,850,4,0.7533,2,2,0.5,113,0.9936,0.9775,0.1651
3,0.15,850,2,0.3766,1,1,0.5,75,0.9957,0.9888,0.1664
4,0.15,850,1,0.1883,1,0,1,0,1,1,0.1679
1,0.2,850,16,3.0132,13,3,0.8125,267,0.9848,0.9663,0.167
2,0.2,850,16,3.0132,13,3,0.8125,267,0.9848,0.9663,0.167
3,0.2,850,7,1.3183,5,2,0.7143,229,0.9869,0.9775,0.166
4,0.2,850,3,0.565,3,0,1,0,1,1,0.1686
1,0.25,850,34,6.403,29,5,0.8529,410,0.9766,0.9438,0.169
2,0.25,850,32,6.0264,27,5,0.8438,410,0.9766,0.9438,0.1683
3,0.25,850,17,3.2015,15,2,0.8824,229,0.9869,0.9775,0.1693
4,0.25,850,7,1.3183,7,0,1,0,1,1,0.1698
1,0.3,850,47,8.8512,41,6,0.8723,680,0.9612,0.9326,0.1715
2,0.3,850,45,8.4746,39,6,0.8667,680,0.9612,0.9326,0.1708
3,0.3,850,29,5.4614,26,3,0.8966,499,0.9715,0.9663,0.1713
4,0.3,850,7,1.3183,7,0,1,0,1,1,0.1698
1,0.35,850,61,11.4878,52,9,0.8525,1021,0.9417,0.8989,0.1702
2,0.35,850,59,11.1111,50,9,0.8475,1021,0.9417,0.8989,0.1695
3,0.35,850,40,7.533,34,6,0.85,840,0.9521,0.9326,0.169
4,0.35,850,9,1.6949,9,0,1,0,1,1,0.1705
1,0.4,850,81,15.2542,68,13,0.8395,1593,0.9091,0.8539,0.1689
2,0.4,850,78,14.6893,65,13,0.8333,1593,0.9091,0.8539,0.1678
3,0.4,850,54,10.1695,44,10,0.8148,1412,0.9194,0.8876,0.1656
4,0.4,850,15,2.8249,13,2,0.8667,425,0.9758,0.9775,0.1686
1,0.45,850,100,18.8324,85,15,0.85,1716,0.9021,0.8315,0.1717
2,0.45,850,95,17.8908,81,14,0.8526,1650,0.9059,0.8427,0.172
3,0.45,850,66,12.4294,56,10,0.8485,1412,0.9194,0.8876,0.1699
4,0.45,850,20,3.7665,18,2,0.9,425,0.9758,0.9775,0.1703
1,0.5,850,132,24.8588,111,21,0.8409,2925,0.8331,0.764,0.1704
2,0.5,850,127,23.9171,107,20,0.8425,2859,0.8369,0.7753,0.1708
3,0.5,850,93,17.5141,79,14,0.8495,2380,0.8642,0.8427,0.1712
4,0.5,850,25,4.7081,21,4,0.84,724,0.9587,0.9551,0.168
1,0.55,850,152,28.6252,128,24,0.8421,3227,0.8159,0.7303,0.1715
2,0.55,850,147,27.6836,124,23,0.8435,3161,0.8196,0.7416,0.1719
3,0.55,850,109,20.5273,93,16,0.8532,2548,0.8546,0.8202,0.173
4,0.55,850,29,5.4614,25,4,0.8621,724,0.9587,0.9551,0.1693
1,0.6,850,183,34.4633,155,28,0.847,4007,0.7714,0.6854,0.1753
2,0.6,850,177,33.3333,150,27,0.8475,3941,0.7751,0.6966,0.1751
3,0.6,850,130,24.4821,110,20,0.8462,3328,0.8101,0.7753,0.1721
4,0.6,850,32,6.0264,28,4,0.875,724,0.9587,0.9551,0.1703
1,0.65,850,201,37.8531,169,32,0.8408,4810,0.7256,0.6404,0.1727
2,0.65,850,194,36.5348,163,31,0.8402,4744,0.7293,0.6517,0.1721
3,0.65,850,142,26.742,121,21,0.8521,3596,0.7948,0.764,0.1748
4,0.65,850,32,6.0264,28,4,0.875,724,0.9587,0.9551,0.1703
1,0.7,850,230,43.3145,193,37,0.8391,6418,0.6338,0.5843,0.1728
2,0.7,850,222,41.8079,186,36,0.8378,6352,0.6376,0.5955,0.1715
3,0.7,850,166,31.2618,143,23,0.8614,3883,0.7784,0.7416,0.1808
4,0.7,850,36,6.7797,32,4,0.8889,724,0.9587,0.9551,0.1717
1,0.75,850,260,48.9642,218,42,0.8385,7264,0.5855,0.5281,0.1734
2,0.75,850,252,47.4576,211,41,0.8373,7198,0.5893,0.5393,0.172
3,0.75,850,190,35.7815,163,27,0.8579,4543,0.7408,0.6966,0.1818
4,0.75,850,39,7.3446,35,4,0.8974,724,0.9587,0.9551,0.1728
1,0.8,850,283,53.2957,236,47,0.8339,8780,0.499,0.4719,0.1694
2,0.8,850,275,51.7891,229,46,0.8327,8714,0.5028,0.4831,0.168
3,0.8,850,210,39.548,179,31,0.8524,5473,0.6877,0.6517,0.1807
4,0.8,850,42,7.9096,38,4,0.9048,724,0.9587,0.9551,0.1738
1,0.85,850,313,58.9454,256,57,0.8179,10540,0.3986,0.3596,0.1468
2,0.85,850,305,57.4388,249,56,0.8164,10474,0.4024,0.3708,0.146
3,0.85,850,236,44.4444,196,40,0.8305,7068,0.5967,0.5506,0.1661
4,0.85,850,48,9.0395,41,7,0.8542,1153,0.9342,0.9213,0.1698
1,0.9,850,347,65.3484,282,65,0.8127,11908,0.3206,0.2697,0.1304
2,0.9,850,339,63.8418,275,64,0.8112,11842,0.3243,0.2809,0.1302
3,0.9,850,261,49.1525,215,46,0.8238,8294,0.5268,0.4831,0.1593
4,0.9,850,52,9.7928,44,8,0.8462,1582,0.9097,0.9101,0.1691
1,0.95,850,371,69.8682,302,69,0.814,12777,0.271,0.2247,0.125
2,0.95,850,363,68.3616,295,68,0.8127,12711,0.2747,0.236,0.125
3,0.95,850,279,52.5424,230,49,0.8244,9085,0.4816,0.4494,0.1587
4,0.95,850,54,10.1695,46,8,0.8519,1582,0.9097,0.9101,0.1698
1,1,850,398,74.9529,323,75,0.8116,13948,0.2042,0.1573,0.1053
2,1,850,389,73.258,315,74,0.8098,13882,0.2079,0.1685,0.1056
3,1,850,299,56.3089,247,52,0.8261,9925,0.4337,0.4157,0.1595
4,1,850,57,10.7345,47,10,0.8246,2175,0.8759,0.8876,0.1667
1,0.15,900,4,0.7533,2,2,0.5,113,0.9936,0.9775,0.1651
2,0.15,900,4,0.7533,2,2,0.5,113,0.9936,0.9775,0.1651
3,0.15,900,2,0.3766,1,1,0.5,75,0.9957,0.9888,0.1664
4,0.15,900,1,0.1883,1,0,1,0,1,1,0.1679
1,0.2,900,16,3.0132,13,3,0.8125,267,0.9848,0.9663,0.167
2,0.2,900,16,3.0132,13,3,0.8125,267,0.9848,0.9663,0.167
3,0.2,900,7,1.3183,5,2,0.7143,229,0.9869,0.9775,0.166
4,0.2,900,3,0.565,3,0,1,0,1,1,0.1686
1,0.25,900,34,6.403,29,5,0.8529,410,0.9766,0.9438,0.169
2,0.25,900,32,6.0264,27,5,0.8438,410,0.9766,0.9438,0.1683
3,0.25,900,17,3.2015,15,2,0.8824,229,0.9869,0.9775,0.1693
4,0.25,900,7,1.3183,7,0,1,0,1,1,0.1698
1,0.3,900,48,9.0395,42,6,0.875,680,0.9612,0.9326,0.1718
2,0.3,900,46,8.6629,40,6,0.8696,680,0.9612,0.9326,0.1711
3,0.3,900,30,5.6497,27,3,0.9,499,0.9715,0.9663,0.1717
4,0.3,900,7,1.3183,7,0,1,0,1,1,0.1698
1,0.35,900,63,11.8644,54,9,0.8571,1021,0.9417,0.8989,0.1709
2,0.35,900,61,11.4878,52,9,0.8525,1021,0.9417,0.8989,0.1702
3,0.35,900,42,7.9096,36,6,0.8571,840,0.9521,0.9326,0.1697
4,0.35,900,9,1.6949,9,0,1,0,1,1,0.1705
1,0.4,900,83,15.6309,70,13,0.8434,1593,0.9091,0.8539,0.1696
2,0.4,900,80,15.0659,67,13,0.8375,1593,0.9091,0.8539,0.1685
3,0.4,900,56,10.5461,46,10,0.8214,1412,0.9194,0.8876,0.1663
4,0.4,900,15,2.8249,13,2,0.8667,425,0.9758,0.9775,0.1686
1,0.45,900,103,19.3974,88,15,0.8544,1716,0.9021,0.8315,0.1729
2,0.45,900,98,18.4557,84,14,0.8571,1650,0.9059,0.8427,0.1732
3,0.45,900,69,12.9944,59,10,0.8551,1412,0.9194,0.8876,0.171
4,0.45,900,20,3.7665,18,2,0.9,425,0.9758,0.9775,0.1703
1,0.5,900,136,25.6121,115,21,0.8456,2925,0.8331,0.764,0.1722
2,0.5,900,131,24.6704,111,20,0.8473,2859,0.8369,0.7753,0.1725
3,0.5,900,97,18.2674,83,14,0.8557,2380,0.8642,0.8427,0.1728
4,0.5,900,25,4.7081,21,4,0.84,724,0.9587,0.9551,0.168
1,0.55,900,156,29.3785,132,24,0.8462,3227,0.8159,0.7303,0.1733
2,0.55,900,151,28.4369,128,23,0.8477,3161,0.8196,0.7416,0.1737
3,0.55,900,113,21.2806,97,16,0.8584,2548,0.8546,0.8202,0.1746
4,0.55,900,29,5.4614,25,4,0.8621,724,0.9587,0.9551,0.1693
1,0.6,900,187,35.2166,159,28,0.8503,4007,0.7714,0.6854,0.1773
2,0.6,900,181,34.0866,154,27,0.8508,3941,0.7751,0.6966,0.1771
3,0.6,900,134,25.2354,114,20,0.8507,3328,0.8101,0.7753,0.1738
4,0.6,900,32,6.0264,28,4,0.875,724,0.9587,0.9551,0.1703
1,0.65,900,205,38.6064,173,32,0.8439,4810,0.7256,0.6404,0.1748
2,0.65,900,198,37.2881,167,31,0.8434,4744,0.7293,0.6517,0.1742
3,0.65,900,146,27.4953,125,21,0.8562,3596,0.7948,0.764,0.1766
4,0.65,900,32,6.0264,28,4,0.875,724,0.9587,0.9551,0.1703
1,0.7,900,234,44.0678,197,37,0.8419,6418,0.6338,0.5843,0.1751
2,0.7,900,226,42.5612,190,36,0.8407,6352,0.6376,0.5955,0.1738
3,0.7,900,170,32.0151,147,23,0.8647,3883,0.7784,0.7416,0.1828
4,0.7,900,36,6.7797,32,4,0.8889,724,0.9587,0.9551,0.1717
1,0.75,900,265,49.9058,223,42,0.8415,7264,0.5855,0.5281,0.1767
2,0.75,900,257,48.3992,216,41,0.8405,7198,0.5893,0.5393,0.1752
3,0.75,900,195,36.7232,168,27,0.8615,4543,0.7408,0.6966,0.1845
4,0.75,900,39,7.3446,35,4,0.8974,724,0.9587,0.9551,0.1728
1,0.8,900,289,54.4256,242,47,0.8374,8780,0.499,0.4719,0.1736
2,0.8,900,281,52.919,235,46,0.8363,8714,0.5028,0.4831,0.172
3,0.8,900,216,40.678,185,31,0.8565,5473,0.6877,0.6517,0.1841
4,0.8,900,42,7.9096,38,4,0.9048,724,0.9587,0.9551,0.1738
1,0.85,900,319,60.0753,262,57,0.8213,10540,0.3986,0.3596,0.1509
2,0.85,900,311,58.5687,255,56,0.8199,10474,0.4024,0.3708,0.15
3,0.85,900,242,45.5744,202,40,0.8347,7068,0.5967,0.5506,0.1696
4,0.85,900,48,9.0395,41,7,0.8542,1153,0.9342,0.9213,0.1698
1,0.9,900,353,66.4783,288,65,0.8159,11908,0.3206,0.2697,0.1348
2,0.9,900,345,64.9718,281,64,0.8145,11842,0.3243,0.2809,0.1344
3,0.9,900,267,50.2825,221,46,0.8277,8294,0.5268,0.4831,0.1629
4,0.9,900,52,9.7928,44,8,0.8462,1582,0.9097,0.9101,0.1691
1,0.95,900,377,70.9981,308,69,0.817,12777,0.271,0.2247,0.1299
2,0.95,900,369,69.4915,301,68,0.8157,12711,0.2747,0.236,0.1296
3,0.95,900,285,53.6723,236,49,0.8281,9085,0.4816,0.4494,0.1626
4,0.95,900,54,10.1695,46,8,0.8519,1582,0.9097,0.9101,0.1698
1,1,900,404,76.0829,329,75,0.8144,13948,0.2042,0.1573,0.1102
2,1,900,395,74.3879,321,74,0.8127,13882,0.2079,0.1685,0.1103
3,1,900,305,57.4388,253,52,0.8295,9925,0.4337,0.4157,0.1637
4,1,900,57,10.7345,47,10,0.8246,2175,0.8759,0.8876,0.1667
1,0.15,950,4,0.7533,2,2,0.5,113,0.9936,0.9775,0.1651
2,0.15,950,4,0.7533,2,2,0.5,113,0.9936,0.9775,0.1651
3,0.15,950,2,0.3766,1,1,0.5,75,0.9957,0.9888,0.1664
4,0.15,950,1,0.1883,1,0,1,0,1,1,0.1679
1,0.2,950,17,3.2015,13,4,0.7647,345,0.9803,0.9551,0.1654
2,0.2,950,17,3.2015,13,4,0.7647,345,0.9803,0.9551,0.1654
3,0.2,950,7,1.3183,5,2,0.7143,229,0.9869,0.9775,0.166
4,0.2,950,3,0.565,3,0,1,0,1,1,0.1686
1,0.25,950,36,6.7797,29,7,0.8056,567,0.9676,0.9213,0.1657
2,0.25,950,34,6.403,27,7,0.7941,567,0.9676,0.9213,0.165
3,0.25,950,18,3.3898,15,3,0.8333,308,0.9824,0.9663,0.1676
4,0.25,950,8,1.5066,7,1,0.875,79,0.9955,0.9888,0.1683
1,0.3,950,51,9.6045,43,8,0.8431,837,0.9522,0.9101,0.1688
2,0.3,950,49,9.2279,41,8,0.8367,837,0.9522,0.9101,0.168
3,0.3,950,32,6.0264,28,4,0.875,578,0.967,0.9551,0.1703
4,0.3,950,8,1.5066,7,1,0.875,79,0.9955,0.9888,0.1683
1,0.35,950,66,12.4294,55,11,0.8333,1178,0.9328,0.8764,0.1677
2,0.35,950,64,12.0527,53,11,0.8281,1178,0.9328,0.8764,0.167
3,0.35,950,44,8.2863,37,7,0.8409,919,0.9476,0.9213,0.1684
4,0.35,950,10,1.8832,9,1,0.9,79,0.9955,0.9888,0.1689
1,0.4,950,86,16.1959,71,15,0.8256,1750,0.9001,0.8315,0.1663
2,0.4,950,83,15.6309,68,15,0.8193,1750,0.9001,0.8315,0.1652
3,0.4,950,58,10.9228,47,11,0.8103,1491,0.9149,0.8764,0.1649
4,0.4,950,16,3.0132,13,3,0.8125,504,0.9712,0.9663,0.167
1,0.45,950,106,19.9623,89,17,0.8396,1873,0.8931,0.809,0.1694
2,0.45,950,101,19.0207,85,16,0.8416,1807,0.8969,0.8202,0.1698
3,0.45,950,71,13.371,60,11,0.8451,1491,0.9149,0.8764,0.1696
4,0.45,950,21,3.9548,18,3,0.8571,504,0.9712,0.9663,0.1686
1,0.5,950,139,26.177,116,23,0.8345,3082,0.8241,0.7416,0.1684
2,0.5,950,134,25.2354,112,22,0.8358,3016,0.8279,0.7528,0.1688
3,0.5,950,99,18.6441,84,15,0.8485,2459,0.8597,0.8315,0.1713
4,0.5,950,26,4.8964,21,5,0.8077,803,0.9542,0.9438,0.1663
1,0.55,950,159,29.9435,133,26,0.8365,3384,0.8069,0.7079,0.1694
2,0.55,950,154,29.0019,129,25,0.8377,3318,0.8107,0.7191,0.1698
3,0.55,950,115,21.6573,98,17,0.8522,2627,0.8501,0.809,0.1731
4,0.55,950,30,5.6497,25,5,0.8333,803,0.9542,0.9438,0.1677
1,0.6,950,190,35.7815,160,30,0.8421,4164,0.7624,0.6629,0.173
2,0.6,950,184,34.6516,155,29,0.8424,4098,0.7662,0.6742,0.1729
3,0.6,950,136,25.6121,115,21,0.8456,3407,0.8056,0.764,0.1722
4,0.6,950,33,6.2147,28,5,0.8485,803,0.9542,0.9438,0.1687
1,0.65,950,210,39.548,176,34,0.8381,4967,0.7166,0.618,0.1713
2,0.65,950,203,38.2298,170,33,0.8374,4901,0.7204,0.6292,0.1707
3,0.65,950,150,28.2486,128,22,0.8533,3675,0.7903,0.7528,0.1759
4,0.65,950,33,6.2147,28,5,0.8485,803,0.9542,0.9438,0.1687
1,0.7,950,239,45.0094,200,39,0.8368,6575,0.6248,0.5618,0.1712
2,0.7,950,231,43.5028,193,38,0.8355,6509,0.6286,0.573,0.17
3,0.7,950,174,32.7684,150,24,0.8621,3962,0.7739,0.7303,0.1821
4,0.7,950,37,6.968,32,5,0.8649,803,0.9542,0.9438,0.17
1,0.75,950,270,50.8475,226,44,0.837,7421,0.5766,0.5056,0.1724
2,0.75,950,262,49.3409,219,43,0.8359,7355,0.5803,0.5169,0.171
3,0.75,950,199,37.4765,171,28,0.8593,4622,0.7363,0.6854,0.1837
4,0.75,950,40,7.533,35,5,0.875,803,0.9542,0.9438,0.1711
1,0.8,950,294,55.3672,245,49,0.8333,8937,0.4901,0.4494,0.1688
2,0.8,950,286,53.8606,238,48,0.8322,8871,0.4938,0.4607,0.1673
3,0.8,950,220,41.4313,188,32,0.8545,5552,0.6832,0.6404,0.1833
4,0.8,950,43,8.0979,38,5,0.8837,803,0.9542,0.9438,0.1721
1,0.85,950,324,61.0169,265,59,0.8179,10697,0.3896,0.3371,0.1449
2,0.85,950,316,59.5104,258,58,0.8165,10631,0.3934,0.3483,0.1442
3,0.85,950,246,46.3277,205,41,0.8333,7147,0.5922,0.5393,0.1684
4,0.85,950,49,9.2279,41,8,0.8367,1232,0.9297,0.9101,0.168
1,0.9,950,359,67.6083,292,67,0.8134,12065,0.3116,0.2472,0.1279
2,0.9,950,351,66.1017,285,66,0.812,11999,0.3154,0.2584,0.1278
3,0.9,950,272,51.2241,225,47,0.8272,8373,0.5223,0.4719,0.1622
4,0.9,950,53,9.9812,44,9,0.8302,1661,0.9052,0.8989,0.1674
1,0.95,950,383,72.1281,312,71,0.8146,12934,0.262,0.2022,0.1216
2,0.95,950,375,70.6215,305,70,0.8133,12868,0.2658,0.2135,0.1218
3,0.95,950,290,54.6139,240,50,0.8276,9164,0.4771,0.4382,0.1618
4,0.95,950,55,10.3578,46,9,0.8364,1661,0.9052,0.8989,0.1681
1,1,950,410,77.2128,333,77,0.8122,14105,0.1952,0.1348,0.0992
2,1,950,401,75.5179,325,76,0.8105,14039,0.199,0.1461,0.1
3,1,950,310,58.3804,257,53,0.829,10004,0.4292,0.4045,0.1629
4,1,950,58,10.9228,47,11,0.8103,2254,0.8714,0.8764,0.1649
1,0.15,1000,5,0.9416,3,2,0.6,113,0.9936,0.9775,0.1654
2,0.15,1000,5,0.9416,3,2,0.6,113,0.9936,0.9775,0.1654
3,0.15,1000,3,0.565,2,1,0.6667,75,0.9957,0.9888,0.1667
4,0.15,1000,1,0.1883,1,0,1,0,1,1,0.1679
1,0.2,1000,21,3.9548,16,5,0.7619,459,0.9738,0.9438,0.1647
2,0.2,1000,21,3.9548,16,5,0.7619,459,0.9738,0.9438,0.1647
3,0.2,1000,11,2.0716,8,3,0.7273,343,0.9804,0.9663,0.1654
4,0.2,1000,3,0.565,3,0,1,0,1,1,0.1686
1,0.25,1000,40,7.533,32,8,0.8,681,0.9611,0.9101,0.165
2,0.25,1000,38,7.1563,30,8,0.7895,681,0.9611,0.9101,0.1643
3,0.25,1000,22,4.1431,18,4,0.8182,422,0.9759,0.9551,0.167
4,0.25,1000,8,1.5066,7,1,0.875,79,0.9955,0.9888,0.1683
1,0.3,1000,56,10.5461,46,10,0.8214,1037,0.9408,0.8876,0.1663
2,0.3,1000,54,10.1695,44,10,0.8148,1037,0.9408,0.8876,0.1656
3,0.3,1000,37,6.968,31,6,0.8378,778,0.9556,0.9326,0.168
4,0.3,1000,8,1.5066,7,1,0.875,79,0.9955,0.9888,0.1683
1,0.35,1000,73,13.7476,60,13,0.8219,1378,0.9214,0.8539,0.1659
2,0.35,1000,71,13.371,58,13,0.8169,1378,0.9214,0.8539,0.1652
3,0.35,1000,51,9.6045,42,9,0.8235,1119,0.9362,0.8989,0.1667
4,0.35,1000,11,2.0716,10,1,0.9091,79,0.9955,0.9888,0.1692
1,0.4,1000,94,17.7024,77,17,0.8191,1950,0.8887,0.809,0.1648
2,0.4,1000,91,17.1375,74,17,0.8132,1950,0.8887,0.809,0.1636
3,0.4,1000,66,12.4294,53,13,0.803,1691,0.9035,0.8539,0.1634
4,0.4,1000,17,3.2015,14,3,0.8235,504,0.9712,0.9663,0.1673
1,0.45,1000,114,21.4689,95,19,0.8333,2073,0.8817,0.7865,0.1679
2,0.45,1000,109,20.5273,91,18,0.8349,2007,0.8855,0.7978,0.1682
3,0.45,1000,79,14.8776,66,13,0.8354,1691,0.9035,0.8539,0.1681
4,0.45,1000,22,4.1431,19,3,0.8636,504,0.9712,0.9663,0.169
1,0.5,1000,148,27.8719,123,25,0.8311,3282,0.8127,0.7191,0.1671
2,0.5,1000,143,26.9303,119,24,0.8322,3216,0.8165,0.7303,0.1675
3,0.5,1000,108,20.339,91,17,0.8426,2659,0.8483,0.809,0.1702
4,0.5,1000,28,5.2731,23,5,0.8214,803,0.9542,0.9438,0.167
1,0.55,1000,168,31.6384,140,28,0.8333,3584,0.7955,0.6854,0.168
2,0.55,1000,163,30.6968,136,27,0.8344,3518,0.7993,0.6966,0.1685
3,0.55,1000,124,23.3522,105,19,0.8468,2827,0.8387,0.7865,0.172
4,0.55,1000,32,6.0264,27,5,0.8438,803,0.9542,0.9438,0.1683
1,0.6,1000,199,37.4765,167,32,0.8392,4364,0.751,0.6404,0.1717
2,0.6,1000,193,36.3465,162,31,0.8394,4298,0.7548,0.6517,0.1716
3,0.6,1000,145,27.307,122,23,0.8414,3607,0.7942,0.7416,0.171
4,0.6,1000,35,6.5913,30,5,0.8571,803,0.9542,0.9438,0.1694
1,0.65,1000,219,41.2429,183,36,0.8356,5167,0.7052,0.5955,0.1699
2,0.65,1000,212,39.9247,177,35,0.8349,5101,0.7089,0.6067,0.1693
3,0.65,1000,159,29.9435,135,24,0.8491,3875,0.7789,0.7303,0.1747
4,0.65,1000,35,6.5913,30,5,0.8571,803,0.9542,0.9438,0.1694
1,0.7,1000,248,46.7043,207,41,0.8347,6775,0.6134,0.5393,0.1696
2,0.7,1000,240,45.1977,200,40,0.8333,6709,0.6172,0.5506,0.1684
3,0.7,1000,183,34.4633,157,26,0.8579,4162,0.7625,0.7079,0.181
4,0.7,1000,39,7.3446,34,5,0.8718,803,0.9542,0.9438,0.1707
1,0.75,1000,279,52.5424,233,46,0.8351,7621,0.5652,0.4831,0.1706
2,0.75,1000,271,51.0358,226,45,0.8339,7555,0.5689,0.4944,0.1692
3,0.75,1000,208,39.1714,178,30,0.8558,4822,0.7249,0.6629,0.1827
4,0.75,1000,42,7.9096,37,5,0.881,803,0.9542,0.9438,0.1718
1,0.8,1000,303,57.0621,252,51,0.8317,9137,0.4787,0.427,0.1667
2,0.8,1000,295,55.5556,245,50,0.8305,9071,0.4824,0.4382,0.1653
3,0.8,1000,229,43.1262,195,34,0.8515,5752,0.6718,0.618,0.1821
4,0.8,1000,45,8.4746,40,5,0.8889,803,0.9542,0.9438,0.1728
1,0.85,1000,333,62.7119,272,61,0.8168,10897,0.3782,0.3146,0.1414
2,0.85,1000,325,61.2053,265,60,0.8154,10831,0.382,0.3258,0.1408
3,0.85,1000,255,48.0226,212,43,0.8314,7347,0.5808,0.5169,0.1667
4,0.85,1000,51,9.6045,43,8,0.8431,1232,0.9297,0.9101,0.1688
1,0.9,1000,369,69.4915,299,70,0.8103,12355,0.295,0.2135,0.1173
2,0.9,1000,361,67.9849,292,69,0.8089,12289,0.2988,0.2247,0.1176
3,0.9,1000,282,53.1073,232,50,0.8227,8663,0.5057,0.4382,0.1566
4,0.9,1000,55,10.3578,46,9,0.8364,1661,0.9052,0.8989,0.1681
1,0.95,1000,393,74.0113,319,74,0.8117,13224,0.2455,0.1685,0.1087
2,0.95,1000,385,72.5047,312,73,0.8104,13158,0.2492,0.1798,0.1096
3,0.95,1000,300,56.4972,247,53,0.8233,9454,0.4606,0.4045,0.1558
4,0.95,1000,57,10.7345,48,9,0.8421,1661,0.9052,0.8989,0.1688
1,1,1000,420,79.096,340,80,0.8095,14395,0.1786,0.1011,0.0811
2,1,1000,411,77.4011,332,79,0.8078,14329,0.1824,0.1124,0.0833
3,1,1000,320,60.2637,264,56,0.825,10294,0.4126,0.3708,0.1564
4,1,1000,60,11.2994,49,11,0.8167,2254,0.8714,0.8764,0.1656
1,0.15,1050,5,0.9416,3,2,0.6,113,0.9936,0.9775,0.1654
2,0.15,1050,5,0.9416,3,2,0.6,113,0.9936,0.9775,0.1654
3,0.15,1050,3,0.565,2,1,0.6667,75,0.9957,0.9888,0.1667
4,0.15,1050,1,0.1883,1,0,1,0,1,1,0.1679
1,0.2,1050,22,4.1431,17,5,0.7727,459,0.9738,0.9438,0.165
2,0.2,1050,22,4.1431,17,5,0.7727,459,0.9738,0.9438,0.165
3,0.2,1050,12,2.2599,9,3,0.75,343,0.9804,0.9663,0.1657
4,0.2,1050,3,0.565,3,0,1,0,1,1,0.1686
1,0.25,1050,43,8.0979,35,8,0.814,681,0.9611,0.9101,0.166
2,0.25,1050,41,7.7213,33,8,0.8049,681,0.9611,0.9101,0.1653
3,0.25,1050,25,4.7081,21,4,0.84,422,0.9759,0.9551,0.168
4,0.25,1050,8,1.5066,7,1,0.875,79,0.9955,0.9888,0.1683
1,0.3,1050,59,11.1111,49,10,0.8305,1037,0.9408,0.8876,0.1674
2,0.3,1050,57,10.7345,47,10,0.8246,1037,0.9408,0.8876,0.1667
3,0.3,1050,40,7.533,34,6,0.85,778,0.9556,0.9326,0.169
4,0.3,1050,8,1.5066,7,1,0.875,79,0.9955,0.9888,0.1683
1,0.35,1050,76,14.3126,63,13,0.8289,1378,0.9214,0.8539,0.167
2,0.35,1050,74,13.936,61,13,0.8243,1378,0.9214,0.8539,0.1663
3,0.35,1050,54,10.1695,45,9,0.8333,1119,0.9362,0.8989,0.1677
4,0.35,1050,11,2.0716,10,1,0.9091,79,0.9955,0.9888,0.1692
1,0.4,1050,98,18.4557,81,17,0.8265,1950,0.8887,0.809,0.1663
2,0.4,1050,95,17.8908,78,17,0.8211,1950,0.8887,0.809,0.1651
3,0.4,1050,70,13.1827,57,13,0.8143,1691,0.9035,0.8539,0.1649
4,0.4,1050,18,3.3898,15,3,0.8333,504,0.9712,0.9663,0.1676
1,0.45,1050,118,22.2222,99,19,0.839,2073,0.8817,0.7865,0.1695
2,0.45,1050,113,21.2806,95,18,0.8407,2007,0.8855,0.7978,0.1699
3,0.45,1050,83,15.6309,70,13,0.8434,1691,0.9035,0.8539,0.1696
4,0.45,1050,23,4.3315,20,3,0.8696,504,0.9712,0.9663,0.1693
1,0.5,1050,152,28.6252,127,25,0.8355,3282,0.8127,0.7191,0.1689
2,0.5,1050,147,27.6836,123,24,0.8367,3216,0.8165,0.7303,0.1693
3,0.5,1050,112,21.0923,95,17,0.8482,2659,0.8483,0.809,0.1718
4,0.5,1050,29,5.4614,24,5,0.8276,803,0.9542,0.9438,0.1673
1,0.55,1050,172,32.3917,144,28,0.8372,3584,0.7955,0.6854,0.1699
2,0.55,1050,167,31.4501,140,27,0.8383,3518,0.7993,0.6966,0.1703
3,0.55,1050,128,24.1055,109,19,0.8516,2827,0.8387,0.7865,0.1737
4,0.55,1050,33,6.2147,28,5,0.8485,803,0.9542,0.9438,0.1687
1,0.6,1050,203,38.2298,171,32,0.8424,4364,0.751,0.6404,0.1738
2,0.6,1050,197,37.0998,166,31,0.8426,4298,0.7548,0.6517,0.1737
3,0.6,1050,149,28.0603,126,23,0.8456,3607,0.7942,0.7416,0.1728
4,0.6,1050,36,6.7797,31,5,0.8611,803,0.9542,0.9438,0.1697
1,0.65,1050,223,41.9962,187,36,0.8386,5167,0.7052,0.5955,0.1721
2,0.65,1050,216,40.678,181,35,0.838,5101,0.7089,0.6067,0.1714
3,0.65,1050,163,30.6968,139,24,0.8528,3875,0.7789,0.7303,0.1766
4,0.65,1050,36,6.7797,31,5,0.8611,803,0.9542,0.9438,0.1697
1,0.7,1050,252,47.4576,211,41,0.8373,6775,0.6134,0.5393,0.172
2,0.7,1050,244,45.951,204,40,0.8361,6709,0.6172,0.5506,0.1707
3,0.7,1050,187,35.2166,161,26,0.861,4162,0.7625,0.7079,0.1831
4,0.7,1050,40,7.533,35,5,0.875,803,0.9542,0.9438,0.1711
1,0.75,1050,283,53.2957,237,46,0.8375,7621,0.5652,0.4831,0.1734
2,0.75,1050,275,51.7891,230,45,0.8364,7555,0.5689,0.4944,0.1719
3,0.75,1050,212,39.9247,182,30,0.8585,4822,0.7249,0.6629,0.185
4,0.75,1050,43,8.0979,38,5,0.8837,803,0.9542,0.9438,0.1721
1,0.8,1050,307,57.8154,256,51,0.8339,9137,0.4787,0.427,0.1696
2,0.8,1050,299,56.3089,249,50,0.8328,9071,0.4824,0.4382,0.1681
3,0.8,1050,233,43.8795,199,34,0.8541,5752,0.6718,0.618,0.1846
4,0.8,1050,46,8.6629,41,5,0.8913,803,0.9542,0.9438,0.1732
1,0.85,1050,337,63.4652,276,61,0.819,10897,0.3782,0.3146,0.1443
2,0.85,1050,329,61.9586,269,60,0.8176,10831,0.382,0.3258,0.1436
3,0.85,1050,259,48.7759,216,43,0.834,7347,0.5808,0.5169,0.1691
4,0.85,1050,52,9.7928,44,8,0.8462,1232,0.9297,0.9101,0.1691
1,0.9,1050,374,70.4331,303,71,0.8102,12473,0.2883,0.2022,0.1146
2,0.9,1050,366,68.9266,296,70,0.8087,12407,0.2921,0.2135,0.1152
3,0.9,1050,287,54.049,236,51,0.8223,8781,0.499,0.427,0.1557
4,0.9,1050,56,10.5461,47,9,0.8393,1661,0.9052,0.8989,0.1684
1,0.95,1050,398,74.9529,323,75,0.8116,13342,0.2387,0.1573,0.1053
2,0.95,1050,390,73.4463,316,74,0.8103,13276,0.2425,0.1685,0.1064
3,0.95,1050,305,57.4388,251,54,0.823,9572,0.4538,0.3933,0.1549
4,0.95,1050,58,10.9228,49,9,0.8448,1661,0.9052,0.8989,0.1691
1,1,1050,425,80.0377,344,81,0.8094,14513,0.1719,0.0899,0.0755
2,1,1050,416,78.3427,336,80,0.8077,14447,0.1757,0.1011,0.0783
3,1,1050,325,61.2053,268,57,0.8246,10412,0.4059,0.3596,0.1553
4,1,1050,61,11.4878,50,11,0.8197,2254,0.8714,0.8764,0.166
