"target","arm","seed","budget","n_te","n_err_te","n_flagged","n_errors_caught","precision","base_rate_te","dollar_recall","artifact_share_flagged","n_rules_deployed","n_rules_deployed_newfeat","n_rules_deployed_slt","slack"
"California","base",117,0.05,814,106,40,14,0.35,0.1302,0.1383,0.05,100,0,0,0
"California","base",117,0.1,814,106,81,26,0.321,0.1302,0.2655,0.0617,195,0,0,0
"California","base",20260805,0.05,814,106,40,13,0.325,0.1302,0.129,0.05,101,0,0,0
"California","base",20260805,0.1,814,106,81,25,0.3086,0.1302,0.2944,0.0494,210,0,0,0
"California","base",31415,0.05,814,106,40,15,0.375,0.1302,0.1591,0.025,104,0,0,0
"California","base",31415,0.1,814,106,81,27,0.3333,0.1302,0.3083,0.0864,207,0,0,0
"California","cand",117,0.05,814,106,40,13,0.325,0.1302,0.1296,0.075,102,85,0,0
"California","cand",117,0.1,814,106,81,22,0.2716,0.1302,0.2617,0.0494,227,197,0,0
"California","cand",20260805,0.05,814,106,40,12,0.3,0.1302,0.1268,0.025,112,96,0,0
"California","cand",20260805,0.1,814,106,81,24,0.2963,0.1302,0.2846,0.0741,239,204,0,0
"California","cand",31415,0.05,814,106,40,15,0.375,0.1302,0.1602,0.025,105,89,0,0
"California","cand",31415,0.1,814,106,81,23,0.284,0.1302,0.2798,0.0741,247,212,0,0
"California","base_slt",117,0.05,814,106,40,15,0.375,0.1302,0.1535,0.025,87,20,20,0
"California","base_slt",117,0.1,814,106,81,27,0.3333,0.1302,0.3061,0.037,191,45,45,0
"California","base_slt",20260805,0.05,814,106,40,13,0.325,0.1302,0.1215,0.075,117,24,24,0
"California","base_slt",20260805,0.1,814,106,81,23,0.284,0.1302,0.2426,0.0864,214,49,49,0
"California","base_slt",31415,0.05,814,106,40,15,0.375,0.1302,0.2042,0.05,101,22,22,0
"California","base_slt",31415,0.1,814,106,81,26,0.321,0.1302,0.2991,0.0617,204,45,45,0
"California","cand_slt",117,0.05,814,106,40,16,0.4,0.1302,0.1646,0.025,101,90,11,0
"California","cand_slt",117,0.1,814,106,81,22,0.2716,0.1302,0.245,0.0617,228,199,24,0
"California","cand_slt",20260805,0.05,814,106,40,13,0.325,0.1302,0.1398,0.05,114,93,8,0
"California","cand_slt",20260805,0.1,814,106,81,22,0.2716,0.1302,0.2554,0.0741,233,193,23,0
"California","cand_slt",31415,0.05,814,106,40,13,0.325,0.1302,0.1379,0,108,88,11,0
"California","cand_slt",31415,0.1,814,106,81,21,0.2593,0.1302,0.2561,0.037,235,193,27,0
"Texas","base",117,0.05,832,124,41,12,0.2927,0.149,0.1027,0.0244,105,0,0,0
"Texas","base",117,0.1,832,124,83,21,0.253,0.149,0.1568,0.012,193,0,0,0
"Texas","base",20260805,0.05,832,124,41,11,0.2683,0.149,0.0958,0.0244,105,0,0,0
"Texas","base",20260805,0.1,832,124,83,21,0.253,0.149,0.1659,0.012,213,0,0,0
"Texas","base",31415,0.05,832,124,41,12,0.2927,0.149,0.1018,0.0244,111,0,0,0
"Texas","base",31415,0.1,832,124,83,17,0.2048,0.149,0.1289,0.012,209,0,0,0
"Texas","cand",117,0.05,832,124,41,12,0.2927,0.149,0.0907,0,114,97,0,0
"Texas","cand",117,0.1,832,124,83,22,0.2651,0.149,0.1821,0.012,228,197,0,0
"Texas","cand",20260805,0.05,832,124,41,10,0.2439,0.149,0.0799,0.0244,101,86,0,0
"Texas","cand",20260805,0.1,832,124,83,23,0.2771,0.149,0.2111,0.012,223,190,0,0
"Texas","cand",31415,0.05,832,124,41,13,0.3171,0.149,0.116,0,94,77,0,0
"Texas","cand",31415,0.1,832,124,83,28,0.3373,0.149,0.2489,0.012,194,167,0,0
"Texas","base_slt",117,0.05,832,124,41,12,0.2927,0.149,0.0941,0,113,36,36,0
"Texas","base_slt",117,0.1,832,124,83,19,0.2289,0.149,0.15,0.012,212,71,71,0
"Texas","base_slt",20260805,0.05,832,124,41,12,0.2927,0.149,0.0958,0.0244,99,27,27,0
"Texas","base_slt",20260805,0.1,832,124,83,21,0.253,0.149,0.1546,0.012,209,54,54,0
"Texas","base_slt",31415,0.05,832,124,41,15,0.3659,0.149,0.1192,0.0244,89,31,31,0
"Texas","base_slt",31415,0.1,832,124,83,22,0.2651,0.149,0.1787,0.012,182,60,60,0
"Texas","cand_slt",117,0.05,832,124,41,9,0.2195,0.149,0.0611,0.0244,119,107,14,0
"Texas","cand_slt",117,0.1,832,124,83,21,0.253,0.149,0.1957,0.012,233,206,29,0
"Texas","cand_slt",20260805,0.05,832,124,41,9,0.2195,0.149,0.0637,0.0244,106,88,9,0
"Texas","cand_slt",20260805,0.1,832,124,83,20,0.241,0.149,0.1445,0.012,207,173,24,0
"Texas","cand_slt",31415,0.05,832,124,41,11,0.2683,0.149,0.107,0,112,102,18,0
"Texas","cand_slt",31415,0.1,832,124,83,19,0.2289,0.149,0.1494,0.012,215,197,40,0
"Michigan","base",117,0.05,847,111,42,20,0.4762,0.1311,0.1523,0.0714,126,0,0,0
"Michigan","base",117,0.1,847,111,84,31,0.369,0.1311,0.288,0.0357,223,0,0,0
"Michigan","base",20260805,0.05,847,111,42,16,0.381,0.1311,0.1521,0.0238,111,0,0,0
"Michigan","base",20260805,0.1,847,111,84,28,0.3333,0.1311,0.2761,0.0238,229,0,0,0
"Michigan","base",31415,0.05,847,111,42,16,0.381,0.1311,0.1059,0.0476,125,0,0,0
"Michigan","base",31415,0.1,847,111,84,26,0.3095,0.1311,0.2537,0.0357,235,0,0,0
"Michigan","cand",117,0.05,847,111,42,16,0.381,0.1311,0.0976,0.0714,132,112,0,0
"Michigan","cand",117,0.1,847,111,84,27,0.3214,0.1311,0.1976,0.0357,260,225,0,0
"Michigan","cand",20260805,0.05,847,111,42,15,0.3571,0.1311,0.0878,0.0238,123,106,0,0
"Michigan","cand",20260805,0.1,847,111,84,27,0.3214,0.1311,0.1919,0.0119,268,236,0,0
"Michigan","cand",31415,0.05,847,111,42,13,0.3095,0.1311,0.0721,0.0238,111,93,0,0
"Michigan","cand",31415,0.1,847,111,84,25,0.2976,0.1311,0.2183,0.0357,245,214,0,0
"Michigan","base_slt",117,0.05,847,111,42,13,0.3095,0.1311,0.1092,0.0238,129,36,36,0
"Michigan","base_slt",117,0.1,847,111,84,28,0.3333,0.1311,0.2489,0.0357,248,76,76,0
"Michigan","base_slt",20260805,0.05,847,111,42,17,0.4048,0.1311,0.1302,0.0476,117,24,24,0
"Michigan","base_slt",20260805,0.1,847,111,84,28,0.3333,0.1311,0.2769,0.0357,231,54,54,0
"Michigan","base_slt",31415,0.05,847,111,42,18,0.4286,0.1311,0.1145,0.0714,123,37,37,0
"Michigan","base_slt",31415,0.1,847,111,84,25,0.2976,0.1311,0.1678,0.0357,229,74,74,0
"Michigan","cand_slt",117,0.05,847,111,42,13,0.3095,0.1311,0.0668,0.0714,128,114,12,0
"Michigan","cand_slt",117,0.1,847,111,84,26,0.3095,0.1311,0.2497,0.0357,273,243,29,0
"Michigan","cand_slt",20260805,0.05,847,111,42,15,0.3571,0.1311,0.0841,0.0714,129,108,11,0
"Michigan","cand_slt",20260805,0.1,847,111,84,27,0.3214,0.1311,0.2216,0.0357,253,220,24,0
"Michigan","cand_slt",31415,0.05,847,111,42,13,0.3095,0.1311,0.067,0.0238,138,117,7,0
"Michigan","cand_slt",31415,0.1,847,111,84,22,0.2619,0.1311,0.1649,0.0119,263,224,24,0
"Massachusetts","base",117,0.05,764,118,38,22,0.5789,0.1545,0.1608,0.0263,113,0,0,0
"Massachusetts","base",117,0.1,764,118,76,32,0.4211,0.1545,0.2517,0.0263,233,0,0,0
"Massachusetts","base",20260805,0.05,764,118,38,21,0.5526,0.1545,0.1645,0.0263,115,0,0,0
"Massachusetts","base",20260805,0.1,764,118,76,32,0.4211,0.1545,0.2598,0.0263,247,0,0,0
"Massachusetts","base",31415,0.05,764,118,38,21,0.5526,0.1545,0.1585,0.0526,107,0,0,0
"Massachusetts","base",31415,0.1,764,118,76,30,0.3947,0.1545,0.2293,0.0526,232,0,0,0
"Massachusetts","cand",117,0.05,764,118,38,11,0.2895,0.1545,0.0787,0,103,89,0,0
"Massachusetts","cand",117,0.1,764,118,76,21,0.2763,0.1545,0.142,0.0395,228,195,0,0
"Massachusetts","cand",20260805,0.05,764,118,38,20,0.5263,0.1545,0.1396,0.0526,112,96,0,0
"Massachusetts","cand",20260805,0.1,764,118,76,25,0.3289,0.1545,0.1705,0.0263,234,203,0,0
"Massachusetts","cand",31415,0.05,764,118,38,10,0.2632,0.1545,0.0689,0.0263,107,87,0,0
"Massachusetts","cand",31415,0.1,764,118,76,19,0.25,0.1545,0.1288,0.0395,237,202,0,0
"Massachusetts","base_slt",117,0.05,764,118,38,20,0.5263,0.1545,0.1472,0.0263,105,23,23,0
"Massachusetts","base_slt",117,0.1,764,118,76,33,0.4342,0.1545,0.2779,0.0132,236,58,58,0
"Massachusetts","base_slt",20260805,0.05,764,118,38,21,0.5526,0.1545,0.1451,0.0526,108,23,23,0
"Massachusetts","base_slt",20260805,0.1,764,118,76,29,0.3816,0.1545,0.2122,0.0395,222,57,57,0
"Massachusetts","base_slt",31415,0.05,764,118,38,18,0.4737,0.1545,0.1471,0.0263,106,31,31,0
"Massachusetts","base_slt",31415,0.1,764,118,76,31,0.4079,0.1545,0.2375,0.0395,224,58,58,0
"Massachusetts","cand_slt",117,0.05,764,118,38,9,0.2368,0.1545,0.0542,0,107,98,12,0
"Massachusetts","cand_slt",117,0.1,764,118,76,27,0.3553,0.1545,0.1931,0.0395,240,206,28,0
"Massachusetts","cand_slt",20260805,0.05,764,118,38,9,0.2368,0.1545,0.0618,0,102,85,5,0
"Massachusetts","cand_slt",20260805,0.1,764,118,76,23,0.3026,0.1545,0.1632,0.0132,231,200,19,0
"Massachusetts","cand_slt",31415,0.05,764,118,38,11,0.2895,0.1545,0.0863,0,105,87,9,0
"Massachusetts","cand_slt",31415,0.1,764,118,76,22,0.2895,0.1545,0.1508,0.0263,240,201,26,0
"Arizona","base",117,0.05,863,97,43,14,0.3256,0.1124,0.1629,0.0465,87,0,0,0
"Arizona","base",117,0.1,863,97,86,29,0.3372,0.1124,0.302,0.0233,193,0,0,0
"Arizona","base",20260805,0.05,863,97,43,15,0.3488,0.1124,0.1824,0.0465,79,0,0,0
"Arizona","base",20260805,0.1,863,97,86,30,0.3488,0.1124,0.3253,0.0233,184,0,0,0
"Arizona","base",31415,0.05,863,97,43,12,0.2791,0.1124,0.1171,0,86,0,0,0
"Arizona","base",31415,0.1,863,97,86,32,0.3721,0.1124,0.4002,0.0233,181,0,0,0
"Arizona","cand",117,0.05,863,97,43,14,0.3256,0.1124,0.1507,0.0465,101,85,0,0
"Arizona","cand",117,0.1,863,97,86,29,0.3372,0.1124,0.3356,0.0233,235,202,0,0
"Arizona","cand",20260805,0.05,863,97,43,12,0.2791,0.1124,0.1044,0.0465,105,89,0,0
"Arizona","cand",20260805,0.1,863,97,86,31,0.3605,0.1124,0.3932,0.0233,235,196,0,0
"Arizona","cand",31415,0.05,863,97,43,13,0.3023,0.1124,0.1096,0.0465,99,83,0,0
"Arizona","cand",31415,0.1,863,97,86,30,0.3488,0.1124,0.3949,0.0233,214,178,0,0
"Arizona","base_slt",117,0.05,863,97,43,11,0.2558,0.1124,0.1335,0,90,23,23,0
"Arizona","base_slt",117,0.1,863,97,86,24,0.2791,0.1124,0.2456,0.0233,202,52,52,0
"Arizona","base_slt",20260805,0.05,863,97,43,13,0.3023,0.1124,0.1472,0.0233,84,17,17,0
"Arizona","base_slt",20260805,0.1,863,97,86,31,0.3605,0.1124,0.3397,0.0233,189,44,44,0
"Arizona","base_slt",31415,0.05,863,97,43,13,0.3023,0.1124,0.1714,0.0233,87,15,15,0
"Arizona","base_slt",31415,0.1,863,97,86,29,0.3372,0.1124,0.3337,0.0116,184,38,38,0
"Arizona","cand_slt",117,0.05,863,97,43,12,0.2791,0.1124,0.1055,0.0465,102,90,13,0
"Arizona","cand_slt",117,0.1,863,97,86,29,0.3372,0.1124,0.2901,0.0233,223,193,27,0
"Arizona","cand_slt",20260805,0.05,863,97,43,13,0.3023,0.1124,0.1595,0.0465,104,85,11,0
"Arizona","cand_slt",20260805,0.1,863,97,86,28,0.3256,0.1124,0.3634,0.0233,221,184,26,0
"Arizona","cand_slt",31415,0.05,863,97,43,11,0.2558,0.1124,0.1009,0.0233,109,92,14,0
"Arizona","cand_slt",31415,0.1,863,97,86,29,0.3372,0.1124,0.3775,0.0233,221,188,28,0
"Washington","base",117,0.05,678,61,33,12,0.3636,0.09,0.1768,0,91,0,0,0
"Washington","base",117,0.1,678,61,67,22,0.3284,0.09,0.3988,0,203,0,0,0
"Washington","base",20260805,0.05,678,61,33,10,0.303,0.09,0.1798,0.0303,108,0,0,0
"Washington","base",20260805,0.1,678,61,67,19,0.2836,0.09,0.3656,0.0149,206,0,0,0
"Washington","base",31415,0.05,678,61,33,11,0.3333,0.09,0.2344,0.0303,108,0,0,0
"Washington","base",31415,0.1,678,61,67,18,0.2687,0.09,0.343,0.0149,208,0,0,0
"Washington","cand",117,0.05,678,61,33,11,0.3333,0.09,0.1941,0,112,99,0,0
"Washington","cand",117,0.1,678,61,67,20,0.2985,0.09,0.3799,0.0149,232,206,0,0
"Washington","cand",20260805,0.05,678,61,33,13,0.3939,0.09,0.2133,0.0303,111,99,0,0
"Washington","cand",20260805,0.1,678,61,67,23,0.3433,0.09,0.4176,0.0149,244,208,0,0
"Washington","cand",31415,0.05,678,61,33,9,0.2727,0.09,0.1913,0.0303,98,86,0,0
"Washington","cand",31415,0.1,678,61,67,18,0.2687,0.09,0.3109,0.0149,235,209,0,0
"Washington","base_slt",117,0.05,678,61,33,11,0.3333,0.09,0.1545,0,88,22,22,0
"Washington","base_slt",117,0.1,678,61,67,18,0.2687,0.09,0.3306,0.0149,213,65,65,0
"Washington","base_slt",20260805,0.05,678,61,33,8,0.2424,0.09,0.1271,0.0303,106,33,33,0
"Washington","base_slt",20260805,0.1,678,61,67,19,0.2836,0.09,0.3749,0.0149,224,61,61,0
"Washington","base_slt",31415,0.05,678,61,33,8,0.2424,0.09,0.1154,0,98,20,20,0
"Washington","base_slt",31415,0.1,678,61,67,20,0.2985,0.09,0.3678,0,198,52,52,0
"Washington","cand_slt",117,0.05,678,61,33,9,0.2727,0.09,0.1547,0.0303,115,100,10,0
"Washington","cand_slt",117,0.1,678,61,67,18,0.2687,0.09,0.3194,0.0149,231,199,27,0
"Washington","cand_slt",20260805,0.05,678,61,33,14,0.4242,0.09,0.2347,0.0303,110,94,10,0
"Washington","cand_slt",20260805,0.1,678,61,67,22,0.3284,0.09,0.3983,0.0149,250,216,29,0
"Washington","cand_slt",31415,0.05,678,61,33,10,0.303,0.09,0.2252,0,112,99,11,0
"Washington","cand_slt",31415,0.1,678,61,67,17,0.2537,0.09,0.3313,0.0149,242,214,31,0
"Louisiana","base",117,0.05,873,96,43,10,0.2326,0.11,0.125,0.0465,120,0,0,0
"Louisiana","base",117,0.1,873,96,87,22,0.2529,0.11,0.285,0.023,230,0,0,0
"Louisiana","base",20260805,0.05,873,96,43,14,0.3256,0.11,0.1801,0.0465,108,0,0,0
"Louisiana","base",20260805,0.1,873,96,87,27,0.3103,0.11,0.3508,0.023,220,0,0,0
"Louisiana","base",31415,0.05,873,96,43,10,0.2326,0.11,0.0883,0.0465,116,0,0,0
"Louisiana","base",31415,0.1,873,96,87,25,0.2874,0.11,0.2874,0.023,220,0,0,0
"Louisiana","cand",117,0.05,873,96,43,13,0.3023,0.11,0.1407,0.0233,123,105,0,0
"Louisiana","cand",117,0.1,873,96,87,25,0.2874,0.11,0.2735,0.023,236,207,0,0
"Louisiana","cand",20260805,0.05,873,96,43,13,0.3023,0.11,0.1519,0.0465,104,92,0,0
"Louisiana","cand",20260805,0.1,873,96,87,24,0.2759,0.11,0.3008,0.023,238,209,0,0
"Louisiana","cand",31415,0.05,873,96,43,9,0.2093,0.11,0.1194,0.0465,131,116,0,0
"Louisiana","cand",31415,0.1,873,96,87,21,0.2414,0.11,0.229,0.023,244,220,0,0
"Louisiana","base_slt",117,0.05,873,96,43,13,0.3023,0.11,0.1694,0.0233,125,41,41,0
"Louisiana","base_slt",117,0.1,873,96,87,25,0.2874,0.11,0.3174,0.023,234,77,77,0
"Louisiana","base_slt",20260805,0.05,873,96,43,12,0.2791,0.11,0.158,0.0465,121,36,36,0
"Louisiana","base_slt",20260805,0.1,873,96,87,21,0.2414,0.11,0.2667,0.023,231,65,65,0
"Louisiana","base_slt",31415,0.05,873,96,43,12,0.2791,0.11,0.1472,0.0465,111,26,26,0
"Louisiana","base_slt",31415,0.1,873,96,87,24,0.2759,0.11,0.3116,0.023,218,69,69,0
"Louisiana","cand_slt",117,0.05,873,96,43,14,0.3256,0.11,0.1569,0.0233,117,104,16,0
"Louisiana","cand_slt",117,0.1,873,96,87,27,0.3103,0.11,0.3108,0.023,239,214,33,0
"Louisiana","cand_slt",20260805,0.05,873,96,43,12,0.2791,0.11,0.1871,0.0465,114,96,10,0
"Louisiana","cand_slt",20260805,0.1,873,96,87,22,0.2529,0.11,0.3046,0.023,230,198,22,0
"Louisiana","cand_slt",31415,0.05,873,96,43,11,0.2558,0.11,0.1473,0.0233,120,108,15,0
"Louisiana","cand_slt",31415,0.1,873,96,87,20,0.2299,0.11,0.2479,0.0115,233,208,30,0
"Maine","base",117,0.05,928,115,46,10,0.2174,0.1239,0.137,0.0217,116,0,0,0
"Maine","base",117,0.1,928,115,92,24,0.2609,0.1239,0.2474,0.0217,244,0,0,0
"Maine","base",20260805,0.05,928,115,46,10,0.2174,0.1239,0.1479,0,121,0,0,0
"Maine","base",20260805,0.1,928,115,92,23,0.25,0.1239,0.2753,0,268,0,0,0
"Maine","base",31415,0.05,928,115,46,11,0.2391,0.1239,0.1613,0,111,0,0,0
"Maine","base",31415,0.1,928,115,92,23,0.25,0.1239,0.2669,0.0109,243,0,0,0
"Maine","cand",117,0.05,928,115,46,9,0.1957,0.1239,0.1349,0.0217,115,100,0,0
"Maine","cand",117,0.1,928,115,92,24,0.2609,0.1239,0.2778,0.0109,264,230,0,0
"Maine","cand",20260805,0.05,928,115,46,12,0.2609,0.1239,0.1268,0.0217,124,104,0,0
"Maine","cand",20260805,0.1,928,115,92,22,0.2391,0.1239,0.2459,0.0435,272,227,0,0
"Maine","cand",31415,0.05,928,115,46,12,0.2609,0.1239,0.1489,0.0217,120,100,0,0
"Maine","cand",31415,0.1,928,115,92,23,0.25,0.1239,0.2747,0.0109,250,218,0,0
"Maine","base_slt",117,0.05,928,115,46,13,0.2826,0.1239,0.1698,0,121,35,35,0
"Maine","base_slt",117,0.1,928,115,92,21,0.2283,0.1239,0.2388,0.0761,252,70,70,0
"Maine","base_slt",20260805,0.05,928,115,46,8,0.1739,0.1239,0.135,0,117,29,29,0
"Maine","base_slt",20260805,0.1,928,115,92,23,0.25,0.1239,0.2586,0.0109,254,66,66,0
"Maine","base_slt",31415,0.05,928,115,46,11,0.2391,0.1239,0.1473,0.1087,117,34,34,0
"Maine","base_slt",31415,0.1,928,115,92,26,0.2826,0.1239,0.3027,0.0652,253,70,70,0
"Maine","cand_slt",117,0.05,928,115,46,15,0.3261,0.1239,0.1613,0,133,110,9,0
"Maine","cand_slt",117,0.1,928,115,92,29,0.3152,0.1239,0.3263,0,269,228,20,0
"Maine","cand_slt",20260805,0.05,928,115,46,11,0.2391,0.1239,0.1657,0.0217,120,97,9,0
"Maine","cand_slt",20260805,0.1,928,115,92,23,0.25,0.1239,0.294,0.0109,261,219,26,0
"Maine","cand_slt",31415,0.05,928,115,46,14,0.3043,0.1239,0.1714,0.0217,126,106,15,0
"Maine","cand_slt",31415,0.1,928,115,92,27,0.2935,0.1239,0.2903,0.0109,264,224,32,0
"New Jersey","base",117,0.05,621,59,31,4,0.129,0.095,0.0897,0.0323,110,0,0,0
"New Jersey","base",117,0.1,621,59,62,10,0.1613,0.095,0.1774,0.0161,199,0,0,0
"New Jersey","base",20260805,0.05,621,59,31,7,0.2258,0.095,0.1529,0.0323,97,0,0,0
"New Jersey","base",20260805,0.1,621,59,62,14,0.2258,0.095,0.2631,0.0161,195,0,0,0
"New Jersey","base",31415,0.05,621,59,31,5,0.1613,0.095,0.1166,0.0323,96,0,0,0
"New Jersey","base",31415,0.1,621,59,62,14,0.2258,0.095,0.2392,0.0161,201,0,0,0
"New Jersey","cand",117,0.05,621,59,31,4,0.129,0.095,0.046,0,115,97,0,0
"New Jersey","cand",117,0.1,621,59,62,11,0.1774,0.095,0.1508,0.0323,224,194,0,0
"New Jersey","cand",20260805,0.05,621,59,31,8,0.2581,0.095,0.1197,0,103,91,0,0
"New Jersey","cand",20260805,0.1,621,59,62,15,0.2419,0.095,0.233,0.0323,225,193,0,0
"New Jersey","cand",31415,0.05,621,59,31,6,0.1935,0.095,0.0942,0.0323,110,94,0,0
"New Jersey","cand",31415,0.1,621,59,62,11,0.1774,0.095,0.194,0.0323,218,187,0,0
"New Jersey","base_slt",117,0.05,621,59,31,7,0.2258,0.095,0.1587,0,101,22,22,0
"New Jersey","base_slt",117,0.1,621,59,62,10,0.1613,0.095,0.1995,0.0161,203,55,55,0
"New Jersey","base_slt",20260805,0.05,621,59,31,6,0.1935,0.095,0.1091,0.0323,104,26,26,0
"New Jersey","base_slt",20260805,0.1,621,59,62,13,0.2097,0.095,0.2375,0.0161,199,49,49,0
"New Jersey","base_slt",31415,0.05,621,59,31,4,0.129,0.095,0.0897,0.0323,102,22,22,0
"New Jersey","base_slt",31415,0.1,621,59,62,10,0.1613,0.095,0.1943,0.0161,205,50,50,0
"New Jersey","cand_slt",117,0.05,621,59,31,8,0.2581,0.095,0.1132,0,111,96,11,0
"New Jersey","cand_slt",117,0.1,621,59,62,16,0.2581,0.095,0.2545,0.0323,223,192,22,0
"New Jersey","cand_slt",20260805,0.05,621,59,31,8,0.2581,0.095,0.145,0,104,87,8,0
"New Jersey","cand_slt",20260805,0.1,621,59,62,14,0.2258,0.095,0.216,0.0323,215,184,25,0
"New Jersey","cand_slt",31415,0.05,621,59,31,6,0.1935,0.095,0.0942,0.0323,115,95,7,0
"New Jersey","cand_slt",31415,0.1,621,59,62,13,0.2097,0.095,0.2265,0.0161,235,189,18,0
"Mississippi","base",117,0.05,902,127,45,15,0.3333,0.1408,0.0993,0.1111,106,0,0,0
"Mississippi","base",117,0.1,902,127,90,24,0.2667,0.1408,0.1727,0.0556,169,0,0,0
"Mississippi","base",20260805,0.05,902,127,45,13,0.2889,0.1408,0.0924,0.1333,102,0,0,0
"Mississippi","base",20260805,0.1,902,127,90,24,0.2667,0.1408,0.1808,0.0667,186,0,0,0
"Mississippi","base",31415,0.05,902,127,45,15,0.3333,0.1408,0.102,0.1333,104,0,0,0
"Mississippi","base",31415,0.1,902,127,90,25,0.2778,0.1408,0.174,0.0667,170,0,0,0
"Mississippi","cand",117,0.05,902,127,45,14,0.3111,0.1408,0.0941,0.1333,114,97,0,0
"Mississippi","cand",117,0.1,902,127,90,33,0.3667,0.1408,0.2338,0.0667,206,183,0,0
"Mississippi","cand",20260805,0.05,902,127,45,16,0.3556,0.1408,0.1139,0.1333,97,86,0,0
"Mississippi","cand",20260805,0.1,902,127,90,33,0.3667,0.1408,0.2341,0.0778,206,181,0,0
"Mississippi","cand",31415,0.05,902,127,45,16,0.3556,0.1408,0.1393,0.1556,98,84,0,0
"Mississippi","cand",31415,0.1,902,127,90,34,0.3778,0.1408,0.2602,0.0778,204,177,0,0
"Mississippi","base_slt",117,0.05,902,127,45,14,0.3111,0.1408,0.1125,0.1556,92,39,39,0
"Mississippi","base_slt",117,0.1,902,127,90,28,0.3111,0.1408,0.2123,0.0778,180,75,75,0
"Mississippi","base_slt",20260805,0.05,902,127,45,12,0.2667,0.1408,0.0832,0.1333,94,32,32,0
"Mississippi","base_slt",20260805,0.1,902,127,90,30,0.3333,0.1408,0.2459,0.0667,180,54,54,0
"Mississippi","base_slt",31415,0.05,902,127,45,12,0.2667,0.1408,0.0762,0.1333,96,30,30,0
"Mississippi","base_slt",31415,0.1,902,127,90,28,0.3111,0.1408,0.2252,0.0667,160,51,51,0
"Mississippi","cand_slt",117,0.05,902,127,45,15,0.3333,0.1408,0.1091,0.0889,103,91,10,0
"Mississippi","cand_slt",117,0.1,902,127,90,33,0.3667,0.1408,0.2432,0.0667,215,195,28,0
"Mississippi","cand_slt",20260805,0.05,902,127,45,19,0.4222,0.1408,0.1364,0.1111,92,77,10,0
"Mississippi","cand_slt",20260805,0.1,902,127,90,35,0.3889,0.1408,0.2737,0.0667,207,182,33,0
"Mississippi","cand_slt",31415,0.05,902,127,45,16,0.3556,0.1408,0.1299,0.1556,91,79,20,0
"Mississippi","cand_slt",31415,0.1,902,127,90,34,0.3778,0.1408,0.2396,0.0778,189,167,41,0
