"state","Alabama","Arizona","Arkansas","California","Colorado","Connecticut","Delaware","District.of.Columbia","Florida","Georgia","Idaho","Illinois","Indiana","Iowa","Kansas","Kentucky","Louisiana","Maine","Maryland","Massachusetts","Michigan","Minnesota","Mississippi","Missouri","Montana","Nebraska","Nevada","New.Hampshire","New.Jersey","New.Mexico","New.York","North.Carolina","North.Dakota","Ohio","Oklahoma","Oregon","Pennsylvania","Rhode.Island","South.Carolina","South.Dakota","Tennessee","Texas","Utah","Vermont","Virginia","Washington","West.Virginia","Wisconsin","Wyoming"
"Alabama",1,0.9101,0.7597,0.8947,0.8397,0.8033,0.9094,0.8464,0.8486,0.8999,0.8525,0.9277,0.9308,0.8587,0.8578,0.9116,0.9267,0.8299,0.8862,0.809,0.9146,0.9161,0.7876,0.8582,0.9272,0.8882,0.8371,0.8061,0.8514,0.9267,0.7913,0.8922,0.8518,0.9338,0.933,0.8731,0.9013,0.8572,0.862,0.8357,0.8629,0.9252,0.7645,0.7778,0.9116,0.81,0.793,0.9141,0.7322
"Arizona",0.9101,1,0.7514,0.8983,0.8962,0.7706,0.9411,0.7948,0.906,0.9128,0.9173,0.9102,0.9255,0.9106,0.8457,0.9001,0.8887,0.7906,0.9298,0.7774,0.8849,0.9056,0.7972,0.8497,0.8932,0.9109,0.9297,0.805,0.8388,0.9352,0.7698,0.8813,0.8373,0.8878,0.9115,0.889,0.8571,0.8076,0.8875,0.778,0.8595,0.9584,0.8311,0.7401,0.9115,0.8318,0.7718,0.945,0.7901
"Arkansas",0.7597,0.7514,1,0.699,0.6751,0.5671,0.7355,0.8083,0.6566,0.7494,0.7171,0.7327,0.7486,0.7006,0.8707,0.8117,0.7629,0.615,0.7057,0.5747,0.6949,0.7226,0.9434,0.8354,0.7328,0.7045,0.728,0.573,0.6647,0.7961,0.5705,0.6611,0.6146,0.7417,0.7619,0.6835,0.6587,0.5933,0.7461,0.7448,0.8889,0.7551,0.7955,0.545,0.7904,0.766,0.8153,0.7463,0.7602
"California",0.8947,0.8983,0.699,1,0.8641,0.8617,0.9504,0.8089,0.8697,0.8388,0.8006,0.9529,0.8676,0.8161,0.8508,0.8305,0.8449,0.862,0.9307,0.8861,0.9243,0.9306,0.7221,0.8509,0.9226,0.8675,0.8391,0.8235,0.933,0.9076,0.8714,0.8935,0.8005,0.9239,0.8582,0.9483,0.9253,0.9002,0.7691,0.8356,0.8355,0.8882,0.7753,0.8374,0.8943,0.9001,0.8132,0.9362,0.7342
"Colorado",0.8397,0.8962,0.6751,0.8641,1,0.755,0.8838,0.7144,0.9331,0.9076,0.9227,0.861,0.8287,0.9361,0.7646,0.7773,0.7678,0.7581,0.9064,0.7812,0.8423,0.8712,0.735,0.7917,0.8393,0.9512,0.9315,0.8405,0.8271,0.8245,0.767,0.8594,0.8745,0.8291,0.8123,0.873,0.8441,0.8105,0.8755,0.7373,0.7746,0.9008,0.872,0.737,0.8328,0.8078,0.7017,0.8843,0.821
"Connecticut",0.8033,0.7706,0.5671,0.8617,0.755,1,0.8248,0.6488,0.7578,0.7072,0.6787,0.8463,0.7427,0.6987,0.7003,0.691,0.7198,0.964,0.8203,0.9478,0.8573,0.8507,0.5892,0.7054,0.8394,0.7527,0.7248,0.9142,0.9114,0.7635,0.9447,0.8921,0.7795,0.8549,0.7162,0.8172,0.9095,0.9147,0.65,0.8753,0.6939,0.7593,0.6562,0.9571,0.7474,0.7578,0.6506,0.8057,0.6081
"Delaware",0.9094,0.9411,0.7355,0.9504,0.8838,0.8248,1,0.8082,0.892,0.8728,0.8485,0.947,0.9064,0.8588,0.867,0.8582,0.8676,0.8317,0.9548,0.842,0.9085,0.927,0.7738,0.8702,0.9126,0.8947,0.8855,0.812,0.8958,0.9275,0.8249,0.8998,0.815,0.9106,0.8808,0.9389,0.9036,0.8634,0.8224,0.8145,0.8606,0.927,0.8043,0.793,0.9041,0.887,0.8065,0.9514,0.7508
"District of Columbia",0.8464,0.7948,0.8083,0.8089,0.7144,0.6488,0.8082,1,0.7224,0.7962,0.733,0.8145,0.8373,0.7318,0.8432,0.8761,0.8476,0.6867,0.7609,0.6471,0.7827,0.7766,0.795,0.801,0.8041,0.762,0.7299,0.6205,0.7377,0.8796,0.647,0.7003,0.634,0.8225,0.8677,0.7787,0.7434,0.689,0.748,0.7389,0.8481,0.814,0.7099,0.621,0.8521,0.8111,0.8513,0.816,0.6597
"Florida",0.8486,0.906,0.6566,0.8697,0.9331,0.7578,0.892,0.7224,1,0.9163,0.9077,0.8725,0.8294,0.9156,0.7644,0.7994,0.8144,0.7726,0.9249,0.789,0.8197,0.8533,0.7264,0.7824,0.8145,0.9023,0.9449,0.8439,0.8358,0.8564,0.7721,0.8483,0.8316,0.8134,0.8299,0.8804,0.8357,0.8033,0.8914,0.7104,0.7907,0.9262,0.8527,0.7446,0.8568,0.7965,0.6574,0.8845,0.7927
"Georgia",0.8999,0.9128,0.7494,0.8388,0.9076,0.7072,0.8728,0.7962,0.9163,1,0.9317,0.8699,0.8879,0.9229,0.8311,0.8816,0.8641,0.7392,0.8804,0.7256,0.8423,0.8528,0.8117,0.8417,0.8514,0.9244,0.9083,0.7865,0.7888,0.8848,0.7245,0.8355,0.8501,0.8438,0.892,0.8415,0.8161,0.7704,0.9303,0.7494,0.8516,0.9357,0.8685,0.6942,0.8809,0.798,0.7454,0.895,0.8394
"Idaho",0.8525,0.9173,0.7171,0.8006,0.9227,0.6787,0.8485,0.733,0.9077,0.9317,1,0.8246,0.8733,0.9465,0.7572,0.8434,0.8176,0.708,0.8547,0.6831,0.8142,0.8245,0.7685,0.7627,0.8157,0.9268,0.9346,0.7864,0.7442,0.85,0.6939,0.8197,0.8502,0.814,0.8662,0.7953,0.7836,0.7371,0.9254,0.6991,0.7826,0.9305,0.86,0.6567,0.8393,0.7259,0.6803,0.8596,0.8033
"Illinois",0.9277,0.9102,0.7327,0.9529,0.861,0.8463,0.947,0.8145,0.8725,0.8699,0.8246,1,0.8932,0.841,0.8627,0.866,0.8756,0.8661,0.9217,0.8755,0.9311,0.9366,0.7614,0.861,0.9331,0.8841,0.8529,0.8344,0.9302,0.9215,0.864,0.9118,0.8346,0.9327,0.8894,0.9363,0.9296,0.8994,0.815,0.8624,0.8563,0.9108,0.7745,0.8356,0.9282,0.8812,0.8055,0.9451,0.741
"Indiana",0.9308,0.9255,0.7486,0.8676,0.8287,0.7427,0.9064,0.8373,0.8294,0.8879,0.8733,0.8932,1,0.8646,0.8293,0.9297,0.9379,0.7764,0.8726,0.7261,0.8783,0.8898,0.7691,0.8112,0.889,0.8987,0.8388,0.745,0.8005,0.9327,0.7271,0.844,0.7848,0.911,0.9566,0.8518,0.8458,0.7868,0.8461,0.7649,0.8379,0.9263,0.7515,0.7099,0.9124,0.7929,0.7844,0.9207,0.7202
"Iowa",0.8587,0.9106,0.7006,0.8161,0.9361,0.6987,0.8588,0.7318,0.9156,0.9229,0.9465,0.841,0.8646,1,0.7744,0.8415,0.8105,0.7196,0.874,0.7171,0.8233,0.8508,0.7651,0.7787,0.8315,0.9496,0.9271,0.8146,0.7666,0.8479,0.7183,0.849,0.876,0.8252,0.853,0.8223,0.8082,0.7562,0.9094,0.7204,0.7897,0.9239,0.8656,0.6875,0.8431,0.7612,0.7076,0.88,0.8363
"Kansas",0.8578,0.8457,0.8707,0.8508,0.7646,0.7003,0.867,0.8432,0.7644,0.8311,0.7572,0.8627,0.8293,0.7744,1,0.8622,0.8364,0.7276,0.8246,0.7226,0.8235,0.8486,0.8648,0.9478,0.8542,0.7997,0.762,0.6695,0.7986,0.8971,0.7192,0.7792,0.7099,0.8399,0.8418,0.8471,0.7944,0.7409,0.7571,0.8346,0.9598,0.8485,0.8457,0.6891,0.87,0.9026,0.8927,0.8762,0.815
"Kentucky",0.9116,0.9001,0.8117,0.8305,0.7773,0.691,0.8582,0.8761,0.7994,0.8816,0.8434,0.866,0.9297,0.8415,0.8622,1,0.9264,0.7394,0.8247,0.6829,0.8457,0.858,0.8298,0.8273,0.8698,0.8479,0.8141,0.6997,0.7773,0.9425,0.7,0.8009,0.7445,0.8881,0.9472,0.8067,0.7983,0.7296,0.8449,0.7634,0.8728,0.91,0.7619,0.6696,0.9004,0.7871,0.8363,0.8958,0.7476
"Louisiana",0.9267,0.8887,0.7629,0.8449,0.7678,0.7198,0.8676,0.8476,0.8144,0.8641,0.8176,0.8756,0.9379,0.8105,0.8364,0.9264,1,0.754,0.8452,0.7112,0.831,0.8391,0.7635,0.8142,0.8485,0.8306,0.8084,0.7092,0.7835,0.9267,0.6977,0.8029,0.7282,0.8719,0.9366,0.8332,0.815,0.7593,0.8347,0.749,0.8581,0.9137,0.7245,0.6912,0.9171,0.7646,0.7535,0.8842,0.6931
"Maine",0.8299,0.7906,0.615,0.862,0.7581,0.964,0.8317,0.6867,0.7726,0.7392,0.708,0.8661,0.7764,0.7196,0.7276,0.7394,0.754,1,0.8213,0.9323,0.8723,0.872,0.6293,0.7161,0.8515,0.7686,0.746,0.9129,0.9134,0.8003,0.9387,0.8933,0.7797,0.875,0.7615,0.8211,0.9134,0.8973,0.6834,0.8826,0.7251,0.7857,0.6718,0.9558,0.7904,0.7728,0.6737,0.821,0.6171
"Maryland",0.8862,0.9298,0.7057,0.9307,0.9064,0.8203,0.9548,0.7609,0.9249,0.8804,0.8547,0.9217,0.8726,0.874,0.8246,0.8247,0.8452,0.8213,1,0.8515,0.8689,0.9127,0.7604,0.8486,0.876,0.9017,0.911,0.8425,0.8959,0.8895,0.8245,0.8966,0.8285,0.878,0.8426,0.9262,0.8837,0.8491,0.8464,0.7797,0.8242,0.9159,0.8256,0.7915,0.8753,0.8602,0.7341,0.9272,0.778
"Massachusetts",0.809,0.7774,0.5747,0.8861,0.7812,0.9478,0.842,0.6471,0.789,0.7256,0.6831,0.8755,0.7261,0.7171,0.7226,0.6829,0.7112,0.9323,0.8515,1,0.8608,0.8735,0.6101,0.7429,0.8552,0.7704,0.7421,0.9192,0.937,0.7602,0.9577,0.9077,0.8135,0.8573,0.7066,0.8608,0.924,0.9363,0.6742,0.8792,0.7097,0.7634,0.6775,0.9469,0.7652,0.7887,0.6625,0.8278,0.6468
"Michigan",0.9146,0.8849,0.6949,0.9243,0.8423,0.8573,0.9085,0.7827,0.8197,0.8423,0.8142,0.9311,0.8783,0.8233,0.8235,0.8457,0.831,0.8723,0.8689,0.8608,1,0.9384,0.7199,0.8142,0.9519,0.8749,0.8103,0.8279,0.8987,0.8926,0.8628,0.9167,0.8627,0.9569,0.8658,0.8846,0.9503,0.9116,0.7729,0.8687,0.8147,0.8729,0.7558,0.834,0.8663,0.8397,0.8025,0.915,0.7283
"Minnesota",0.9161,0.9056,0.7226,0.9306,0.8712,0.8507,0.927,0.7766,0.8533,0.8528,0.8245,0.9366,0.8898,0.8508,0.8486,0.858,0.8391,0.872,0.9127,0.8735,0.9384,1,0.7517,0.8423,0.9408,0.9051,0.8387,0.8438,0.9204,0.8998,0.859,0.9252,0.8552,0.9445,0.875,0.913,0.9408,0.8948,0.7963,0.8644,0.8318,0.8918,0.7812,0.8426,0.8894,0.8734,0.798,0.9382,0.7503
"Mississippi",0.7876,0.7972,0.9434,0.7221,0.735,0.5892,0.7738,0.795,0.7264,0.8117,0.7685,0.7614,0.7691,0.7651,0.8648,0.8298,0.7635,0.6293,0.7604,0.6101,0.7199,0.7517,1,0.8508,0.762,0.7539,0.7885,0.6229,0.6901,0.8083,0.6149,0.7103,0.6872,0.7532,0.7793,0.7139,0.6838,0.6237,0.8193,0.7383,0.8878,0.7929,0.823,0.5761,0.795,0.779,0.8087,0.7815,0.8062
"Missouri",0.8582,0.8497,0.8354,0.8509,0.7917,0.7054,0.8702,0.801,0.7824,0.8417,0.7627,0.861,0.8112,0.7787,0.9478,0.8273,0.8142,0.7161,0.8486,0.7429,0.8142,0.8423,0.8508,1,0.8494,0.809,0.7818,0.691,0.7954,0.8667,0.7261,0.7893,0.7462,0.8208,0.8173,0.8592,0.7931,0.7579,0.788,0.8256,0.9253,0.8414,0.8375,0.7008,0.852,0.8802,0.8621,0.8762,0.8276
"Montana",0.9272,0.8932,0.7328,0.9226,0.8393,0.8394,0.9126,0.8041,0.8145,0.8514,0.8157,0.9331,0.889,0.8315,0.8542,0.8698,0.8485,0.8515,0.876,0.8552,0.9519,0.9408,0.762,0.8494,1,0.8731,0.8083,0.8206,0.8931,0.8961,0.8492,0.9145,0.8676,0.9545,0.8737,0.8913,0.9305,0.8929,0.7952,0.8825,0.8486,0.8853,0.7661,0.8261,0.879,0.8501,0.8373,0.9256,0.7529
"Nebraska",0.8882,0.9109,0.7045,0.8675,0.9512,0.7527,0.8947,0.762,0.9023,0.9244,0.9268,0.8841,0.8987,0.9496,0.7997,0.8479,0.8306,0.7686,0.9017,0.7704,0.8749,0.9051,0.7539,0.809,0.8731,1,0.9026,0.8291,0.8236,0.8645,0.7663,0.8787,0.8816,0.8811,0.878,0.8691,0.8651,0.8169,0.8815,0.7655,0.8015,0.9208,0.8509,0.7395,0.8701,0.8118,0.7488,0.9108,0.8227
"Nevada",0.8371,0.9297,0.728,0.8391,0.9315,0.7248,0.8855,0.7299,0.9449,0.9083,0.9346,0.8529,0.8388,0.9271,0.762,0.8141,0.8084,0.746,0.911,0.7421,0.8103,0.8387,0.7885,0.7818,0.8083,0.9026,1,0.8221,0.7933,0.8539,0.7297,0.8357,0.8346,0.8101,0.832,0.8341,0.8041,0.7649,0.9199,0.7078,0.7898,0.9219,0.8638,0.6936,0.8464,0.7706,0.6767,0.87,0.8044
"New Hampshire",0.8061,0.805,0.573,0.8235,0.8405,0.9142,0.812,0.6205,0.8439,0.7865,0.7864,0.8344,0.745,0.8146,0.6695,0.6997,0.7092,0.9129,0.8425,0.9192,0.8279,0.8438,0.6229,0.691,0.8206,0.8291,0.8221,1,0.8747,0.7447,0.9099,0.9056,0.8752,0.8271,0.7225,0.795,0.8845,0.8823,0.7576,0.8232,0.6831,0.8057,0.7403,0.9074,0.758,0.7172,0.5941,0.8063,0.6992
"New Jersey",0.8514,0.8388,0.6647,0.933,0.8271,0.9114,0.8958,0.7377,0.8358,0.7888,0.7442,0.9302,0.8005,0.7666,0.7986,0.7773,0.7835,0.9134,0.8959,0.937,0.8987,0.9204,0.6901,0.7954,0.8931,0.8236,0.7933,0.8747,1,0.8502,0.9283,0.9176,0.7949,0.897,0.7958,0.91,0.9359,0.9237,0.7259,0.8756,0.7873,0.8349,0.7441,0.906,0.8489,0.8689,0.7466,0.8911,0.6964
"New Mexico",0.9267,0.9352,0.7961,0.9076,0.8245,0.7635,0.9275,0.8796,0.8564,0.8848,0.85,0.9215,0.9327,0.8479,0.8971,0.9425,0.9267,0.8003,0.8895,0.7602,0.8926,0.8998,0.8083,0.8667,0.8961,0.8645,0.8539,0.7447,0.8502,1,0.7621,0.8471,0.7584,0.9113,0.9494,0.8927,0.8604,0.8019,0.8344,0.8049,0.8984,0.9391,0.7921,0.737,0.9341,0.868,0.8493,0.9346,0.7508
"New York",0.7913,0.7698,0.5705,0.8714,0.767,0.9447,0.8249,0.647,0.7721,0.7245,0.6939,0.864,0.7271,0.7183,0.7192,0.7,0.6977,0.9387,0.8245,0.9577,0.8628,0.859,0.6149,0.7261,0.8492,0.7663,0.7297,0.9099,0.9283,0.7621,1,0.8996,0.8028,0.8498,0.7102,0.831,0.9089,0.9221,0.671,0.8758,0.7014,0.7555,0.6757,0.9594,0.7551,0.7711,0.67,0.821,0.6527
"North Carolina",0.8922,0.8813,0.6611,0.8935,0.8594,0.8921,0.8998,0.7003,0.8483,0.8355,0.8197,0.9118,0.844,0.849,0.7792,0.8009,0.8029,0.8933,0.8966,0.9077,0.9167,0.9252,0.7103,0.7893,0.9145,0.8787,0.8357,0.9056,0.9176,0.8471,0.8996,1,0.9008,0.9175,0.8149,0.8696,0.95,0.9271,0.7929,0.8761,0.7796,0.872,0.7648,0.8799,0.8324,0.8053,0.7159,0.8915,0.7414
"North Dakota",0.8518,0.8373,0.6146,0.8005,0.8745,0.7795,0.815,0.634,0.8316,0.8501,0.8502,0.8346,0.7848,0.876,0.7099,0.7445,0.7282,0.7797,0.8285,0.8135,0.8627,0.8552,0.6872,0.7462,0.8676,0.8816,0.8346,0.8752,0.7949,0.7584,0.8028,0.9008,1,0.8469,0.7623,0.7856,0.8647,0.8509,0.8268,0.8001,0.7197,0.8343,0.7743,0.7746,0.7614,0.7042,0.6437,0.8289,0.7761
"Ohio",0.9338,0.8878,0.7417,0.9239,0.8291,0.8549,0.9106,0.8225,0.8134,0.8438,0.814,0.9327,0.911,0.8252,0.8399,0.8881,0.8719,0.875,0.878,0.8573,0.9569,0.9445,0.7532,0.8208,0.9545,0.8811,0.8101,0.8271,0.897,0.9113,0.8498,0.9175,0.8469,1,0.8961,0.8823,0.9433,0.9018,0.7852,0.8773,0.8357,0.8855,0.7554,0.828,0.8825,0.8461,0.8322,0.9225,0.7328
"Oklahoma",0.933,0.9115,0.7619,0.8582,0.8123,0.7162,0.8808,0.8677,0.8299,0.892,0.8662,0.8894,0.9566,0.853,0.8418,0.9472,0.9366,0.7615,0.8426,0.7066,0.8658,0.875,0.7793,0.8173,0.8737,0.878,0.832,0.7225,0.7958,0.9494,0.7102,0.8149,0.7623,0.8961,1,0.8509,0.8273,0.769,0.8576,0.76,0.848,0.9289,0.7468,0.6947,0.9277,0.7967,0.8019,0.9103,0.7146
"Oregon",0.8731,0.889,0.6835,0.9483,0.873,0.8172,0.9389,0.7787,0.8804,0.8415,0.7953,0.9363,0.8518,0.8223,0.8471,0.8067,0.8332,0.8211,0.9262,0.8608,0.8846,0.913,0.7139,0.8592,0.8913,0.8691,0.8341,0.795,0.91,0.8927,0.831,0.8696,0.7856,0.8823,0.8509,1,0.8972,0.8688,0.7801,0.8102,0.827,0.8888,0.7707,0.8136,0.8937,0.9059,0.7955,0.9441,0.7308
"Pennsylvania",0.9013,0.8571,0.6587,0.9253,0.8441,0.9095,0.9036,0.7434,0.8357,0.8161,0.7836,0.9296,0.8458,0.8082,0.7944,0.7983,0.815,0.9134,0.8837,0.924,0.9503,0.9408,0.6838,0.7931,0.9305,0.8651,0.8041,0.8845,0.9359,0.8604,0.9089,0.95,0.8647,0.9433,0.8273,0.8972,1,0.9608,0.7555,0.8851,0.7863,0.8572,0.7368,0.8974,0.8514,0.8361,0.7497,0.8993,0.6984
"Rhode Island",0.8572,0.8076,0.5933,0.9002,0.8105,0.9147,0.8634,0.689,0.8033,0.7704,0.7371,0.8994,0.7868,0.7562,0.7409,0.7296,0.7593,0.8973,0.8491,0.9363,0.9116,0.8948,0.6237,0.7579,0.8929,0.8169,0.7649,0.8823,0.9237,0.8019,0.9221,0.9271,0.8509,0.9018,0.769,0.8688,0.9608,1,0.716,0.8696,0.7309,0.8058,0.6906,0.9071,0.7945,0.7847,0.6938,0.8583,0.6557
"South Carolina",0.862,0.8875,0.7461,0.7691,0.8755,0.65,0.8224,0.748,0.8914,0.9303,0.9254,0.815,0.8461,0.9094,0.7571,0.8449,0.8347,0.6834,0.8464,0.6742,0.7729,0.7963,0.8193,0.788,0.7952,0.8815,0.9199,0.7576,0.7259,0.8344,0.671,0.7929,0.8268,0.7852,0.8576,0.7801,0.7555,0.716,1,0.6961,0.7941,0.9039,0.8151,0.6401,0.8346,0.7056,0.6723,0.8326,0.8061
"South Dakota",0.8357,0.778,0.7448,0.8356,0.7373,0.8753,0.8145,0.7389,0.7104,0.7494,0.6991,0.8624,0.7649,0.7204,0.8346,0.7634,0.749,0.8826,0.7797,0.8792,0.8687,0.8644,0.7383,0.8256,0.8825,0.7655,0.7078,0.8232,0.8756,0.8049,0.8758,0.8761,0.8001,0.8773,0.76,0.8102,0.8851,0.8696,0.6961,1,0.8185,0.7717,0.7409,0.8786,0.7987,0.8218,0.7882,0.8232,0.7214
"Tennessee",0.8629,0.8595,0.8889,0.8355,0.7746,0.6939,0.8606,0.8481,0.7907,0.8516,0.7826,0.8563,0.8379,0.7897,0.9598,0.8728,0.8581,0.7251,0.8242,0.7097,0.8147,0.8318,0.8878,0.9253,0.8486,0.8015,0.7898,0.6831,0.7873,0.8984,0.7014,0.7796,0.7197,0.8357,0.848,0.827,0.7863,0.7309,0.7941,0.8185,1,0.8671,0.8599,0.6756,0.8836,0.8721,0.8622,0.87,0.8264
"Texas",0.9252,0.9584,0.7551,0.8882,0.9008,0.7593,0.927,0.814,0.9262,0.9357,0.9305,0.9108,0.9263,0.9239,0.8485,0.91,0.9137,0.7857,0.9159,0.7634,0.8729,0.8918,0.7929,0.8414,0.8853,0.9208,0.9219,0.8057,0.8349,0.9391,0.7555,0.872,0.8343,0.8855,0.9289,0.8888,0.8572,0.8058,0.9039,0.7717,0.8671,1,0.8401,0.7337,0.9216,0.8241,0.7667,0.9331,0.7891
"Utah",0.7645,0.8311,0.7955,0.7753,0.872,0.6562,0.8043,0.7099,0.8527,0.8685,0.86,0.7745,0.7515,0.8656,0.8457,0.7619,0.7245,0.6718,0.8256,0.6775,0.7558,0.7812,0.823,0.8375,0.7661,0.8509,0.8638,0.7403,0.7441,0.7921,0.6757,0.7648,0.7743,0.7554,0.7468,0.7707,0.7368,0.6906,0.8151,0.7409,0.8599,0.8401,1,0.6331,0.7867,0.8162,0.73,0.804,0.9093
"Vermont",0.7778,0.7401,0.545,0.8374,0.737,0.9571,0.793,0.621,0.7446,0.6942,0.6567,0.8356,0.7099,0.6875,0.6891,0.6696,0.6912,0.9558,0.7915,0.9469,0.834,0.8426,0.5761,0.7008,0.8261,0.7395,0.6936,0.9074,0.906,0.737,0.9594,0.8799,0.7746,0.828,0.6947,0.8136,0.8974,0.9071,0.6401,0.8786,0.6756,0.7337,0.6331,1,0.7373,0.7449,0.6392,0.795,0.6079
"Virginia",0.9116,0.9115,0.7904,0.8943,0.8328,0.7474,0.9041,0.8521,0.8568,0.8809,0.8393,0.9282,0.9124,0.8431,0.87,0.9004,0.9171,0.7904,0.8753,0.7652,0.8663,0.8894,0.795,0.852,0.879,0.8701,0.8464,0.758,0.8489,0.9341,0.7551,0.8324,0.7614,0.8825,0.9277,0.8937,0.8514,0.7945,0.8346,0.7987,0.8836,0.9216,0.7867,0.7373,1,0.8495,0.8051,0.9224,0.7416
"Washington",0.81,0.8318,0.766,0.9001,0.8078,0.7578,0.887,0.8111,0.7965,0.798,0.7259,0.8812,0.7929,0.7612,0.9026,0.7871,0.7646,0.7728,0.8602,0.7887,0.8397,0.8734,0.779,0.8802,0.8501,0.8118,0.7706,0.7172,0.8689,0.868,0.7711,0.8053,0.7042,0.8461,0.7967,0.9059,0.8361,0.7847,0.7056,0.8218,0.8721,0.8241,0.8162,0.7449,0.8495,1,0.8759,0.8853,0.7706
"West Virginia",0.793,0.7718,0.8153,0.8132,0.7017,0.6506,0.8065,0.8513,0.6574,0.7454,0.6803,0.8055,0.7844,0.7076,0.8927,0.8363,0.7535,0.6737,0.7341,0.6625,0.8025,0.798,0.8087,0.8621,0.8373,0.7488,0.6767,0.5941,0.7466,0.8493,0.67,0.7159,0.6437,0.8322,0.8019,0.7955,0.7497,0.6938,0.6723,0.7882,0.8622,0.7667,0.73,0.6392,0.8051,0.8759,1,0.8319,0.7433
"Wisconsin",0.9141,0.945,0.7463,0.9362,0.8843,0.8057,0.9514,0.816,0.8845,0.895,0.8596,0.9451,0.9207,0.88,0.8762,0.8958,0.8842,0.821,0.9272,0.8278,0.915,0.9382,0.7815,0.8762,0.9256,0.9108,0.87,0.8063,0.8911,0.9346,0.821,0.8915,0.8289,0.9225,0.9103,0.9441,0.8993,0.8583,0.8326,0.8232,0.87,0.9331,0.804,0.795,0.9224,0.8853,0.8319,1,0.7832
"Wyoming",0.7322,0.7901,0.7602,0.7342,0.821,0.6081,0.7508,0.6597,0.7927,0.8394,0.8033,0.741,0.7202,0.8363,0.815,0.7476,0.6931,0.6171,0.778,0.6468,0.7283,0.7503,0.8062,0.8276,0.7529,0.8227,0.8044,0.6992,0.6964,0.7508,0.6527,0.7414,0.7761,0.7328,0.7146,0.7308,0.6984,0.6557,0.8061,0.7214,0.8264,0.7891,0.9093,0.6079,0.7416,0.7706,0.7433,0.7832,1
