hh_size,rule_id,optimize_for,min_flagged_req,n_conditions,n_optimized,n_flagged,errors_caught,clean_flagged,workload_pct,precision,recall,dollar_recall,lift,precision_state_orig,precision_national_csv,optimized_rule,original_rule
3,rule1850,recall,10,3,3,48,12,36,22.97,0.25,0.522,0.464,2.27,0.5,0.23,shelter_expenses >= 0 & unc_rawben_rel_max < 0.95 & rawben_rel_max >= 0.6,shelter_expenses >= 1910 & unc_rawben_rel_max < 1.336 & rawben_rel_max >= 0.6304
3,rule11213,recall,10,3,3,44,11,33,21.05,0.25,0.478,0.435,2.27,0.25,0.25,rawearn < 1000 & rawben_rel_max < 0.95 & shelter_expenses < 1950,rawearn < 1814 & rawben_rel_max < 0.6135 & shelter_expenses < 454
1,rule24,recall,10,3,3,39,10,29,2.75,0.256,0.192,0.174,7,0.18,0.509,rawearn >= 150 & rawben_rel_max < 0.8037 & rawgross < 1350,rawearn >= 447 & rawben_rel_max < 0.8037 & rawgross < 1709
3,rule47,recall,10,3,3,33,10,23,15.79,0.303,0.435,0.343,2.75,0.222,0.203,rawben_rel_max < 0.95 & rawgross < 1500 & utilities < 550,rawben_rel_max < 0.721 & rawgross < 1908 & utilities < 372
1,rule10301,recall,10,3,3,33,9,24,2.32,0.273,0.173,0.15,7.45,0.128,0.211,rawgross >= 1102 & months_since_cert_n < 2 & rawgross < 1450,rawgross >= 1102 & months_since_cert_n < 4.5 & rawgross < 1498
1,rule3217,recall,10,4,4,36,9,27,2.54,0.25,0.173,0.136,6.83,0.085,0.418,shelter_expenses < 1150 & rawearn >= 450 & rawben_rel_max < 0.85 & rawben_rel_max >= 0.2,shelter_expenses < 1906 & rawearn >= 1.5 & rawben_rel_max < 0.97 & rawben_rel_max >= 0.5326
3,rule4868,recall,10,4,3,22,8,14,10.53,0.364,0.348,0.299,3.3,0.125,0.232,"rawgross < 1500 & elderly_disabled_i %in% c(""FALSE"") & rawben_rel_max < 0.95 & rawunearn >= 0","rawgross < 2144 & elderly_disabled_i %in% c(""FALSE"") & rawben_rel_max < 0.852 & rawunearn >= 6"
3,rule1926,recall,10,3,2,22,8,14,10.53,0.364,0.348,0.299,3.3,0.118,0.215,"rawben_rel_max < 0.95 & rawgross < 1500 & elderly_disabled_i %in% c(""FALSE"")","rawben_rel_max < 0.734 & rawgross < 1914 & elderly_disabled_i %in% c(""FALSE"")"
1,rule941,recall,10,4,3,28,7,21,1.97,0.25,0.135,0.129,6.83,0.09,0.223,"unc_rawben_rel_max < 0.55 & rawearn < 1400 & rawearn >= 350 & expedited_i %in% c(""FALSE"")","unc_rawben_rel_max < 1.229 & rawearn < 2628 & rawearn >= 275.5 & expedited_i %in% c(""FALSE"")"
3,rule958,recall,10,4,4,26,7,19,12.44,0.269,0.304,0.409,2.45,0.5,0.237,total_deductions >= 700 & rawgross < 3200 & shelter_expenses >= 1400 & months_since_cert_n >= 1,total_deductions >= 796.7 & rawgross < 1792 & shelter_expenses >= 1414 & months_since_cert_n >= 3.5
3,rule11617,recall,10,2,2,28,7,21,13.4,0.25,0.304,0.201,2.27,0.286,0.241,count_divisible_by_100 >= 0.5 & utilities >= 0,count_divisible_by_100 >= 0.5 & utilities >= 415.5
4,rule7113,recall,10,4,3,27,7,20,21.6,0.259,0.412,0.487,1.91,0,0.228,rawgross < 1300 & cat_elig >= 0.5 & total_deductions >= 550 & utilities < 575,rawgross < 144 & cat_elig >= 0.5 & total_deductions >= 613.5 & utilities < 545
1,rule18002,recall,10,3,3,14,6,8,0.99,0.429,0.115,0.104,11.7,0.138,0.231,rawearn < 1200 & rawunearn < 900 & rawgross >= 1100,rawearn < 1214 & rawunearn < 1247 & rawgross >= 1157
1,rule9227,recall,10,3,2,21,6,15,1.48,0.286,0.115,0.117,7.8,0.214,0.679,"unc_rawben_rel_max < 0.55 & elderly_disabled_i %in% c(""FALSE"") & rawearn < 1300","unc_rawben_rel_max < 0.8025 & elderly_disabled_i %in% c(""FALSE"") & rawearn < 911"
1,rule1230,recall,10,4,3,23,6,17,1.62,0.261,0.115,0.121,7.12,0,0.26,"unc_rawben_rel_max < 1.1 & rawgross < 1000 & elderly_disabled_i %in% c(""TRUE"") & shelter_expenses >= 1050","unc_rawben_rel_max < 1.705 & rawgross < 740.5 & elderly_disabled_i %in% c(""TRUE"") & shelter_expenses >= 225"
1,rule4299,recall,10,3,3,23,6,17,1.62,0.261,0.115,0.135,7.12,0,0.391,unc_rawben_rel_max < 1.1 & months_since_cert_n >= 13 & unc_rawben_rel_max >= 0.95,unc_rawben_rel_max < 1.912 & months_since_cert_n >= 5.5 & unc_rawben_rel_max >= 1.806
1,rule1798,recall,10,4,3,24,6,18,1.69,0.25,0.115,0.117,6.83,0.211,0.645,"unc_rawben_rel_max < 0.55 & elderly_disabled_i %in% c(""FALSE"") & unc_rawben_rel_max >= -0.09462 & total_deductions < 800","unc_rawben_rel_max < 0.6521 & elderly_disabled_i %in% c(""FALSE"") & unc_rawben_rel_max >= -0.09462 & total_deductions < 372.5"
1,rule2686,recall,10,3,3,24,6,18,1.69,0.25,0.115,0.115,6.83,0.25,0.392,rawearn >= 450 & rawben_rel_max >= 0.05 & utilities < 10,rawearn >= 590 & rawben_rel_max >= 0.08093 & utilities < 10
1,rule7999,recall,10,4,4,24,6,18,1.69,0.25,0.115,0.111,6.83,0.123,0.333,total_deductions < 350 & unc_rawben_rel_max >= -0.3 & rawearn < 1400 & rawearn >= 450,total_deductions < 1145 & unc_rawben_rel_max >= -0.001718 & rawearn < 1190 & rawearn >= 497
1,rule8227,recall,10,4,4,24,6,18,1.69,0.25,0.115,0.095,6.83,0,0.225,rawearn < 1200 & months_since_cert_n >= 0 & rawunearn < 300 & unc_rawben_rel_max < 0.8,rawearn < 823 & months_since_cert_n >= 4.5 & rawunearn < 781.5 & unc_rawben_rel_max < 0.965
1,rule7449,recall,10,4,4,24,6,18,1.69,0.25,0.115,0.095,6.83,0,0.226,rawearn < 1200 & rawben_rel_max >= 0.05 & unc_rawben_rel_max < 0.8 & rawunearn < 300,rawearn < 19 & rawben_rel_max >= 0.5435 & unc_rawben_rel_max < 0.9718 & rawunearn < 737
2,rule10893,recall,10,3,3,23,6,17,5.93,0.261,0.176,0.118,2.98,0,0.241,rawben_rel_max >= 0.7 & unc_rawben_rel_max < 0.95 & rawearn >= 2.5,rawben_rel_max >= 0.8823 & unc_rawben_rel_max < 0.9826 & rawearn >= 2.5
2,rule6490,recall,10,3,3,24,6,18,6.19,0.25,0.176,0.139,2.85,0.125,0.269,total_deductions >= 700 & rawearn < 300 & shelter_expenses >= 800,total_deductions >= 996.9 & rawearn < 1685 & shelter_expenses >= 1534
1,rule3928,recall,10,4,4,16,5,11,1.13,0.312,0.096,0.065,8.53,0.069,0.304,rawearn >= 450 & utilities >= 0 & rawearn < 950 & rawgross >= 852.5,rawearn >= 532.5 & utilities >= 14.5 & rawearn < 1523 & rawgross >= 852.5
1,rule5633,recall,10,4,4,17,5,12,1.2,0.294,0.096,0.056,8.03,0.065,0.218,rawearn < 950 & total_deductions < 550 & rawearn >= 522.5 & shelter_expenses >= 0,rawearn < 1928 & total_deductions < 1764 & rawearn >= 522.5 & shelter_expenses >= 60
1,rule920,recall,10,4,4,18,5,13,1.27,0.278,0.096,0.103,7.59,0.25,0.356,rawgross < 1550 & unc_rawben_rel_max < 0.4 & rawearn >= 250 & shelter_expenses < 1150,rawgross < 2887 & unc_rawben_rel_max < 1.85 & rawearn >= 331.5 & shelter_expenses < 72
2,rule9311,recall,10,4,4,20,5,15,5.15,0.25,0.147,0.066,2.85,0.263,0.235,months_since_cert_n >= 1.5 & rawgross < 2482 & rawearn >= 1346 & utilities >= 325,months_since_cert_n >= 1.5 & rawgross < 2482 & rawearn >= 1346 & utilities >= 420.5
3,rule17870,recall,10,3,3,19,5,14,9.09,0.263,0.217,0.191,2.39,0.2,0.212,shelter_expenses < 619.5 & rawben_rel_max < 0.8 & total_deductions < 345.8,shelter_expenses < 619.5 & rawben_rel_max < 0.6155 & total_deductions < 345.8
1,rule4127,recall,10,4,4,12,4,8,0.85,0.333,0.077,0.121,9.1,0.143,0.371,rawgross < 0.5 & utilities < 575 & shelter_expenses >= 800 & months_since_cert_n >= 4.5,rawgross < 0.5 & utilities < 793 & shelter_expenses >= 27 & months_since_cert_n >= 4.5
1,rule7338,recall,10,4,4,14,4,10,0.99,0.286,0.077,0.066,7.8,0,0.438,rawgross >= 0 & unc_rawben_rel_max < 0.4 & rawben_rel_max >= 0.2 & rawearn >= 2.5,rawgross >= 17 & unc_rawben_rel_max < 0.974 & rawben_rel_max >= 0.7966 & rawearn >= 2.5
1,rule230,recall,10,4,4,14,4,10,0.99,0.286,0.077,0.066,7.8,0.171,0.505,unc_rawben_rel_max >= -0.75 & rawearn >= 250 & rawben_rel_max < 0.45 & rawben_rel_max >= 0.2,unc_rawben_rel_max >= 0.008958 & rawearn >= 461 & rawben_rel_max < 0.8316 & rawben_rel_max >= 0.3329
1,rule6692,recall,10,4,4,14,4,10,0.99,0.286,0.077,0.066,7.8,0,0.484,months_since_cert_n >= 0 & rawearn >= 250 & rawben_rel_max < 0.45 & rawben_rel_max >= 0.2,months_since_cert_n >= 4.5 & rawearn >= 50.5 & rawben_rel_max < 0.9737 & rawben_rel_max >= 0.4124
1,rule1843,recall,10,4,3,14,4,10,0.99,0.286,0.077,0.089,7.8,0.2,0.373,rawunearn < 30 & cat_elig >= 0.5 & unc_rawben_rel_max < 0.8 & utilities < 25,rawunearn < 30 & cat_elig >= 0.5 & unc_rawben_rel_max < 0.96 & utilities < 48.5
1,rule1531,recall,10,3,2,15,4,11,1.06,0.267,0.077,0.093,7.28,0.068,0.249,"shelter_expenses < 100 & rawearn >= 450 & homeless %in% c(""FALSE"")","shelter_expenses < 2227 & rawearn >= 737 & homeless %in% c(""FALSE"")"
1,rule5293,recall,10,4,3,15,4,11,1.06,0.267,0.077,0.066,7.28,0.167,0.377,"unc_rawben_rel_max >= 0.1 & rawben_rel_max < 0.45 & elderly_disabled_i %in% c(""FALSE"") & total_deductions >= 0","unc_rawben_rel_max >= -0.001718 & rawben_rel_max < 0.6655 & elderly_disabled_i %in% c(""FALSE"") & total_deductions >= 121"
1,rule1511,recall,10,4,3,15,4,11,1.06,0.267,0.077,0.072,7.28,0.082,0.22,"elderly_disabled_i %in% c(""FALSE"") & months_since_cert_n < 2 & total_deductions >= 150 & utilities < 77.5","elderly_disabled_i %in% c(""FALSE"") & months_since_cert_n < 12.5 & total_deductions >= 18.5 & utilities < 77.5"
2,rule2452,recall,10,3,3,14,4,10,3.61,0.286,0.118,0.06,3.26,0.174,0.209,unc_rawben_rel_max < 0.4 & rawben_rel_max >= 0.281 & rawunearn < 1900,unc_rawben_rel_max < 0.8897 & rawben_rel_max >= 0.281 & rawunearn < 806
2,rule2748,recall,10,4,4,14,4,10,3.61,0.286,0.118,0.067,3.26,0.2,0.243,rawunearn < 400 & months_since_cert_n >= 3.5 & rawben_rel_max >= 0.25 & rawben_rel_max < 0.85,rawunearn < 802.5 & months_since_cert_n >= 3.5 & rawben_rel_max >= 0.3168 & rawben_rel_max < 0.6212
2,rule10617,recall,10,4,3,15,4,11,3.87,0.267,0.118,0.16,3.04,0.286,0.244,unc_rawben_rel_max >= 1.437 & utilities < 575 & married < 0.5 & total_deductions >= 600,unc_rawben_rel_max >= 1.437 & utilities < 691.5 & married < 0.5 & total_deductions >= 612.5
2,rule4148,recall,10,4,4,15,4,11,3.87,0.267,0.118,0.123,3.04,0.231,0.2,total_deductions < 1050 & rawearn >= 700 & rawben_rel_max >= 0.25 & utilities < 325,total_deductions < 1732 & rawearn >= 716 & rawben_rel_max >= 0.478 & utilities < 436
2,rule5980,recall,10,4,4,15,4,11,3.87,0.267,0.118,0.055,3.04,0.077,0.223,rawearn < 2650 & rawearn >= 1950 & months_since_cert_n >= 0 & rawben_rel_max >= 0.25,rawearn < 3470 & rawearn >= 1137 & months_since_cert_n >= 2.5 & rawben_rel_max >= 0.4764
2,rule9504,recall,10,3,3,16,4,12,4.12,0.25,0.118,0.132,2.85,0.167,0.225,utilities < 325 & shelter_expenses >= 600 & rawunearn < 400,utilities < 363.5 & shelter_expenses >= 886.5 & rawunearn < 841.5
4,rule10939,recall,10,3,3,11,4,7,8.8,0.364,0.235,0.364,2.67,1,0.225,unc_rawben_rel_max < 1.15 & rawgross < 1158 & rawearn >= 3,unc_rawben_rel_max < 0.9374 & rawgross < 1158 & rawearn >= 3
1,rule9548,recall,10,2,2,10,3,7,0.7,0.3,0.058,0.079,8.19,0.15,0.212,medical_deductions >= 175 & rawben_rel_max >= 0.05,medical_deductions >= 124 & rawben_rel_max >= 0.3409
1,rule22951,recall,10,3,3,10,3,7,0.7,0.3,0.058,0.053,8.19,0.107,0.254,rawgross >= 1067 & total_deductions < 350 & unc_rawben_rel_max >= 0.25,rawgross >= 1067 & total_deductions < 545 & unc_rawben_rel_max >= -0.008873
1,rule7639,recall,10,3,3,10,3,7,0.7,0.3,0.058,0.061,8.19,0.033,0.343,unc_rawben_rel_max < 0.1 & utilities < 50 & unc_rawben_rel_max >= -0.0499999999999999,unc_rawben_rel_max < 2.234 & utilities < 327 & unc_rawben_rel_max >= 1.218
1,rule6608,recall,10,4,4,10,3,7,0.7,0.3,0.058,0.061,8.19,0.135,0.336,rawgross >= 1200 & rawunearn < 1150 & unc_rawben_rel_max >= -0.0499999999999999 & total_deductions < 550,rawgross >= 1244 & rawunearn < 1383 & unc_rawben_rel_max >= -0.03937 & total_deductions < 682.2
1,rule6019,recall,10,4,3,11,3,8,0.77,0.273,0.058,0.05,7.45,0.077,0.865,"rawgross < 1550 & elderly_disabled_i %in% c(""TRUE"") & unc_rawben_rel_max < 0.8 & total_deductions >= 800","rawgross < 0.5 & elderly_disabled_i %in% c(""TRUE"") & unc_rawben_rel_max < 2.012 & total_deductions >= 21"
1,rule2477,recall,10,4,3,11,3,8,0.77,0.273,0.058,0.048,7.45,0.071,0.646,"elderly_disabled_i %in% c(""TRUE"") & rawgross < 1000 & utilities < 50 & total_deductions >= 250","elderly_disabled_i %in% c(""TRUE"") & rawgross < 578 & utilities < 509.5 & total_deductions >= 103"
1,rule5383,recall,10,3,3,11,3,8,0.77,0.273,0.058,0.038,7.45,0,0.254,rawben_rel_max < 0.35 & rawgross < 1200 & utilities >= 525,rawben_rel_max < 0.9982 & rawgross < 746 & utilities >= 48
1,rule2725,recall,10,4,3,12,3,9,0.85,0.25,0.058,0.052,6.83,0.059,0.389,rawunearn < 300 & cat_elig >= 0.5 & unc_rawben_rel_max >= 0.1 & rawben_rel_max < 0.4,rawunearn < 370.5 & cat_elig >= 0.5 & unc_rawben_rel_max >= 0.4124 & rawben_rel_max < 0.9809
1,rule4912,recall,10,4,3,12,3,9,0.85,0.25,0.058,0.085,6.83,0.074,0.57,"elderly_disabled_i %in% c(""TRUE"") & rawgross < 2100 & shelter_expenses < 969.5 & total_deductions >= 700","elderly_disabled_i %in% c(""TRUE"") & rawgross < 598.5 & shelter_expenses < 969.5 & total_deductions >= 26"
1,rule6286,recall,10,3,3,12,3,9,0.85,0.25,0.058,0.078,6.83,0.071,0.203,rawearn >= 700 & total_deductions >= 0 & total_deductions < 250,rawearn >= 318.5 & total_deductions >= 146.2 & total_deductions < 1006
1,rule2943,recall,10,3,3,12,3,9,0.85,0.25,0.058,0.042,6.83,0.061,0.205,unc_rawben_rel_max < 0.55 & total_deductions >= 400 & utilities < 100,unc_rawben_rel_max < 1.217 & total_deductions >= 897.1 & utilities < 679.5
1,rule629,recall,10,3,3,12,3,9,0.85,0.25,0.058,0.078,6.83,0.042,0.25,rawearn >= 700 & utilities >= 0 & total_deductions < 250,rawearn >= 436.5 & utilities >= 15 & total_deductions < 824.3
1,rule3888,recall,10,3,3,12,3,9,0.85,0.25,0.058,0.053,6.83,0.19,0.267,months_since_cert_n < 3 & shelter_expenses < 72 & total_deductions >= 50,months_since_cert_n < 34.5 & shelter_expenses < 72 & total_deductions >= 63
2,rule2887,recall,10,4,4,10,3,7,2.58,0.3,0.088,0.093,3.42,0.154,0.302,utilities < 325 & unc_rawben_rel_max < 1.05 & shelter_expenses >= 600 & rawearn >= 0,utilities < 611 & unc_rawben_rel_max < 1.326 & shelter_expenses >= 1526 & rawearn >= 1132
2,rule3805,recall,10,4,3,11,3,8,2.84,0.273,0.088,0.088,3.11,0.127,0.245,"unc_rawben_rel_max >= 0.75 & rawben_rel_max < 0.9 & elderly_disabled_i %in% c(""FALSE"") & months_since_cert_n < 2","unc_rawben_rel_max >= -0.005206 & rawben_rel_max < 0.757 & elderly_disabled_i %in% c(""FALSE"") & months_since_cert_n < 9.5"
2,rule8840,recall,10,4,3,11,3,8,2.84,0.273,0.088,0.042,3.11,0.2,0.29,"months_since_cert_n >= 2 & months_since_cert_n < 3 & unc_rawben_rel_max < 0.75 & elderly_disabled_i %in% c(""FALSE"")","months_since_cert_n >= 4.5 & months_since_cert_n < 11.5 & unc_rawben_rel_max < 0.8583 & elderly_disabled_i %in% c(""FALSE"")"
2,rule20397,recall,10,4,3,11,3,8,2.84,0.273,0.088,0.042,3.11,NA,0.32,"elderly_disabled_i %in% c(""FALSE"") & rawben_rel_max < 0.75 & months_since_cert_n >= 2 & months_since_cert_n < 3","elderly_disabled_i %in% c(""FALSE"") & rawben_rel_max < 0.7878 & months_since_cert_n >= 5.5 & months_since_cert_n < 9.5"
2,rule19260,recall,10,3,3,12,3,9,3.09,0.25,0.088,0.112,2.85,0.154,0.281,rawgross < 1350 & rawearn >= 700 & utilities < 325,rawgross < 1721 & rawearn >= 961.5 & utilities < 457
3,rule577,recall,10,3,3,11,3,8,5.26,0.273,0.13,0.213,2.48,NA,0.229,unc_rawben_rel_max >= 0.1 & shelter_expenses >= 2050 & utilities >= 0,unc_rawben_rel_max >= 0.7736 & shelter_expenses >= 1392 & utilities >= 847
4,rule8619,recall,10,4,4,11,3,8,8.8,0.273,0.176,0.095,2.01,0,0.201,total_deductions < 1000 & months_since_cert_n >= 2 & rawearn >= 650 & rawben_rel_max >= 0.6,total_deductions < 1027 & months_since_cert_n >= 5.5 & rawearn >= 1000 & rawben_rel_max >= 0.6007
