"rank","role","rule","hh","pool","engines","mined_frames","n_flagged_train","precision_train","precision_train_lcb","dollars_per_flag_train","mm_share_flags","mm_share_errors","mm_inflation","n_flagged_state","n_new_at_rank","n_error_cases_national","element_groups_to_75","nature_groups_to_75","found_in_case_record","share_overissuance","timing_at_certification","cause_agency"
1,"core","total_deductions_by_hh_size <= 293 & unc_rawben_rel_max > 1 & unc_rawben_rel_max <= 1.01 & unearned_by_hh_size > 334","1","national","ranger","any_error",70,0.7286,0.5919,145.9,0,0,0,3,3,51,"unearned income 0.80","wrong include/exclude decision 0.58; unreported source of income 0.23",0.454545454545455,0.980392156862745,0.545454545454545,0.606060606060606
2,"core","gross_by_hh_size >= 839 & rawben_rel_max >= 1 & unc_rawben_rel_max < 1.01 & utilities < 361","1","national","xgboost","any_error",94,0.6596,0.54,119.13,0,0,0,2,2,62,"shelter deduction 0.63; utility allowance 0.26","wrong include/exclude decision 0.63; wrong amount, known item 0.14",0.319587628865979,1,0.618556701030928,0.536082474226804
3,"core","gross_by_hh_size < 814 & unc_rawben_rel_max >= 1.01 & unc_rawben_rel_max < 1.02 & unearned_by_hh_size >= 325","1","national","xgboost","any_error",257,0.5875,0.515,91.41,0,0,0,5,5,151,"unearned income 0.74; shelter deduction 0.16","wrong include/exclude decision 0.46; wrong amount, known item 0.22; unreported source of income 0.16",0.52073732718894,1,0.391705069124424,0.688073394495413
4,"core","rawben_rel_max >= 0.893 & total_deductions_by_hh_size >= 16.5 & unearned_by_hh_size >= 866 & utilities < 284","1","national","xgboost","any_error",133,0.594,0.4931,112.47,0.0075,0,0,2,1,79,"shelter deduction 0.42; utility allowance 0.28; medical deduction 0.17","wrong include/exclude decision 0.65; wrong amount, known item 0.15",0.354609929078014,0.987341772151899,0.588652482269504,0.560283687943262
5,"core","HH_size_n >= 3 & shelter_expenses_by_hh_size < 590 & total_deductions_by_hh_size >= 489 & unearned_by_hh_size >= 30","2-3","national","xgboost","any_error",39,0.6667,0.4806,171.79,0,0,0,1,1,26,"dep care or child support deduction 0.28; unearned income 0.26; earned income 0.21; shelter deduction 0.14","wrong include/exclude decision 0.36; wrong amount, known item 0.22; unreported source of income 0.14; other 0.14",0.172413793103448,0.884615384615385,0.637931034482759,0.482758620689655
6,"core","earned_by_hh_size >= 589 & earned_by_hh_size < 592 & gross_by_hh_size >= 20 & unc_rawben_rel_max >= 0.0819","1","national","xgboost","any_error",70,0.5714,0.4337,120.87,0,0,0,1,1,40,"earned income 0.61; other element 0.12; shelter deduction 0.10","wrong include/exclude decision 0.24; change in circumstances 0.22; unreported source of income 0.22; wrong amount, known item 0.16",0.26865671641791,0.975,0.388059701492537,0.26865671641791
7,"core","earned_by_hh_size >= 580 & earned_by_hh_size < 630 & shelter_expenses_by_hh_size >= 999 & unc_rawben_rel_max >= 1.32","1","national","xgboost","any_error",133,0.5263,0.4266,110.8,0,0,0,1,1,70,"earned income 0.65; other element 0.14","unreported source of income 0.26; change in circumstances 0.22; wrong amount, known item 0.17; wrong include/exclude decision 0.17",0.267857142857143,0.985714285714286,0.392857142857143,0.303571428571429
8,"core","elderly_disabled_i >= 1 & rawben_rel_max >= 0.916 & unc_rawben_rel_max < 1.01 & utilities < 318","1","national","xgboost","any_error",375,0.4853,0.4259,83.29,0.0267,0.0165,0.008,10,5,182,"shelter deduction 0.35; unearned income 0.34; utility allowance 0.21","wrong include/exclude decision 0.62; wrong amount, known item 0.13; unreported source of income 0.10",0.363984674329502,0.983516483516483,0.547892720306513,0.544061302681992
9,"core","earned_by_hh_size >= 65 & unc_rawben_rel_max >= 1.08 & unc_rawben_rel_max < 1.09","4+","national","xgboost","any_error",137,0.5109,0.4131,163.09,0,0,0,2,2,70,"earned income 0.77","unreported source of income 0.31; wrong include/exclude decision 0.22; wrong amount, known item 0.20; change in circumstances 0.13",0.440860215053763,0.985714285714286,0.634408602150538,0.526881720430108
10,"core","gross_by_hh_size > 964 & unc_rawben_rel_max > 0.612 & unearned_by_hh_size > 175 & utilities <= 29.5","1","national","ranger","any_error",147,0.4898,0.396,84.54,0.0068,0,0,2,1,72,"shelter deduction 0.39; utility allowance 0.29; medical deduction 0.17","wrong include/exclude decision 0.63; wrong amount, known item 0.16",0.302325581395349,0.916666666666667,0.581395348837209,0.534883720930233
11,"core","gross_by_hh_size > 1200 & unc_rawben_rel_max > 0.384 & utilities <= 16","1","national","ranger","any_error",103,0.5049,0.3929,87.66,0.0388,0.0577,0.0291,1,1,52,"shelter deduction 0.31; utility allowance 0.26; earned income 0.16; medical deduction 0.14","wrong include/exclude decision 0.56; wrong amount, known item 0.19",0.311827956989247,0.903846153846154,0.591397849462366,0.451612903225806
12,"core","elderly_disabled_i >= 1 & gross_by_hh_size > 334 & rawben_rel_max > 0.998 & utilities <= 349","1","national","ranger","any_error",535,0.4411,0.392,76.63,0,0,0,20,11,236,"unearned income 0.36; shelter deduction 0.28; utility allowance 0.17","wrong include/exclude decision 0.57; wrong amount, known item 0.13; unreported source of income 0.12",0.410334346504559,0.995762711864407,0.501519756838906,0.583586626139818
13,"core","earned_by_hh_size > 0.5 & earned_by_hh_size <= 4 & rawben_rel_max <= 0.997 & total_deductions_by_hh_size > 144","1","national","ranger","any_error",51,0.549,0.3901,68.86,0,0,0,2,2,28,"earned income 0.76","unreported source of income 0.33; change in circumstances 0.27; wrong include/exclude decision 0.15",0.303030303030303,0.964285714285714,0.333333333333333,0.454545454545455
14,"core","elderly_disabled_i >= 1 & months_since_cert_n > 10.5 & shelter_expenses_by_hh_size > 906 & utilities <= 5","1","national","ranger","any_error",85,0.5059,0.3832,91.47,0.0118,0.0233,0.0118,1,1,43,"shelter deduction 0.48; utility allowance 0.40","wrong include/exclude decision 0.59; change in circumstances 0.16",0.181818181818182,1,0.420454545454545,0.318181818181818
15,"core","elderly_disabled_i >= 1 & months_since_cert_n > 6.5 & unc_rawben_rel_max <= 1 & unearned_by_hh_size <= 115","4+","national","ranger","any_error",46,0.5435,0.3773,112.8,0.0217,0.04,0.0217,1,1,25,"unearned income 0.31; earned income 0.31; shelter deduction 0.21","wrong amount, known item 0.26; wrong include/exclude decision 0.23; unreported source of income 0.13; change in circumstances 0.13; other 0.08",0.421052631578947,0.84,0.315789473684211,0.512820512820513
16,"core","months_since_cert_n > 12.5 & total_deductions_by_hh_size > 110 & unc_rawben_rel_max > 0.761 & utilities <= 8","1","national","ranger","any_error",131,0.4733,0.3749,86.3,0,0,0,2,2,62,"shelter deduction 0.31; utility allowance 0.30; unearned income 0.23","wrong include/exclude decision 0.56; wrong amount, known item 0.15; change in circumstances 0.11",0.327433628318584,0.967741935483871,0.424778761061947,0.530973451327434
17,"core","earned_by_hh_size >= 622 & earned_by_hh_size < 630 & total_deductions_by_hh_size < 804 & unc_rawben_rel_max >= -0.112","1","national","xgboost","any_error",93,0.4839,0.3676,102.15,0.0108,0.0222,0.0108,2,1,45,"earned income 0.63; shelter deduction 0.14","unreported source of income 0.28; change in circumstances 0.21; wrong amount, known item 0.20; wrong include/exclude decision 0.14",0.197183098591549,0.955555555555556,0.464788732394366,0.338028169014085
18,"core","children_i >= 1 & count_divisible_by_100 <= 0.5 & elderly_disabled_i >= 1 & percent_abawd <= 0.5","1","national","ranger","any_error",34,0.5588,0.3666,112.35,0.0294,0.0526,0.0294,1,1,19,"other element 0.65; shelter deduction 0.12","household composition 0.65; wrong include/exclude decision 0.19",0.615384615384615,0.210526315789474,0.653846153846154,0.653846153846154
19,"core","earned_by_hh_size > 0.167 & earned_by_hh_size <= 1.83 & gross_by_hh_size > 75.8 & shelter_expenses_by_hh_size <= 624","2-3","national","ranger","any_error",73,0.4932,0.3623,116.25,0,0,0,1,1,36,"earned income 0.80","unreported source of income 0.47; wrong amount, known item 0.20; wrong include/exclude decision 0.09",0.311111111111111,0.972222222222222,0.6,0.355555555555556
20,"core","expedited_i <= 0 & HH_size_n > 5.5 & shelter_expenses_by_hh_size <= 310 & total_deductions_by_hh_size > 206","4+","national","ranger","any_error",96,0.4688,0.3551,111.28,0.0104,0.0222,0.0104,2,2,45,"earned income 0.31; dep care or child support deduction 0.24; unearned income 0.14; other element 0.13","wrong include/exclude decision 0.33; wrong amount, known item 0.26; household composition 0.10; unreported source of income 0.09",0.371794871794872,0.733333333333333,0.628205128205128,0.576923076923077
21,"core","earned_by_hh_size > 16.8 & HH_size_n > 5.5 & total_deductions_by_hh_size > 175 & unearned_by_hh_size > 9.62","4+","national","ranger","any_error",144,0.4444,0.3519,116.56,0.0139,0.0312,0.0139,1,1,64,"earned income 0.30; unearned income 0.23; shelter deduction 0.19; dep care or child support deduction 0.13","wrong include/exclude decision 0.29; wrong amount, known item 0.29; unreported source of income 0.11; method or computation 0.08",0.352941176470588,0.703125,0.588235294117647,0.579831932773109
22,"core","earned_by_hh_size < 613 & shelter_expenses_by_hh_size >= 1030 & unc_rawben_rel_max < 1.02 & utilities < 284","1","national","xgboost","any_error",218,0.4266,0.3514,72.71,0.0092,0.0108,0.0046,6,3,93,"shelter deduction 0.51; utility allowance 0.31","wrong include/exclude decision 0.55; wrong amount, known item 0.17; change in circumstances 0.14",0.251497005988024,0.935483870967742,0.646706586826347,0.44311377245509
23,"core","earned_by_hh_size >= 118 & HH_size_n >= 3 & unc_rawben_rel_max >= 1.08 & unc_rawben_rel_max < 1.12","2-3","national","xgboost","any_error",229,0.4236,0.3503,119.46,0,0,0,1,1,97,"earned income 0.71; shelter deduction 0.15","wrong amount, known item 0.30; wrong include/exclude decision 0.23; unreported source of income 0.22",0.296296296296296,0.958762886597938,0.540740740740741,0.459259259259259
24,"core","unc_rawben_rel_max > 0.999 & unc_rawben_rel_max <= 1 & unearned_by_hh_size > 87.2","2-3","national","ranger","any_error",204,0.4265,0.3489,80.02,0,0,0,1,1,87,"shelter deduction 0.58; medical deduction 0.10; unearned income 0.10","wrong include/exclude decision 0.56; wrong amount, known item 0.29",0.306451612903226,0.977011494252874,0.790322580645161,0.491935483870968
25,"core","earned_by_hh_size >= 75 & unc_rawben_rel_max >= 1.08 & unc_rawben_rel_max < 1.11 & unearned_by_hh_size < 0.25","4+","national","xgboost","any_error",199,0.4271,0.3486,141.62,0,0,0,2,1,85,"earned income 0.78","unreported source of income 0.25; wrong amount, known item 0.24; wrong include/exclude decision 0.20; change in circumstances 0.13",0.454545454545455,0.964705882352941,0.654545454545455,0.527272727272727
26,"core","elderly_disabled_i <= 0 & months_since_cert_n > 11.5 & total_deductions_by_hh_size > 703","1","national","ranger","any_error",71,0.4789,0.3474,106.32,0.0704,0.1471,0.0704,1,1,34,"earned income 0.48; other element 0.27","limits and thresholds 0.23; unreported source of income 0.21; wrong amount, known item 0.18; wrong include/exclude decision 0.15",0.212121212121212,0.911764705882353,0.121212121212121,0.242424242424242
27,"core","HH_size_n > 4.5 & rawben_rel_max <= 0.946 & total_deductions_by_hh_size > 364","4+","national","ranger","any_error",50,0.5,0.3438,94.84,0,0,0,1,1,25,"dep care or child support deduction 0.37; earned income 0.32; shelter deduction 0.20","wrong amount, known item 0.37; wrong include/exclude decision 0.32; other 0.10",0.536585365853659,0.84,0.75609756097561,0.536585365853659
28,"core","earned_by_hh_size >= 54.8 & rawben_rel_max >= 0.776 & shelter_expenses_by_hh_size < 162 & unearned_by_hh_size >= 97.2","4+","national","xgboost","any_error",43,0.5116,0.3432,111.07,0,0,0,1,1,22,"earned income 0.29; shelter deduction 0.24; unearned income 0.19; dep care or child support deduction 0.12","wrong include/exclude decision 0.31; wrong amount, known item 0.31; household composition 0.10; unreported source of income 0.10",0.333333333333333,0.590909090909091,0.523809523809524,0.523809523809524
29,"core","HH_size_n < 3 & rawben_rel_max >= 0.624 & unearned_by_hh_size >= 668 & utilities < 452","2-3","national","xgboost","any_error",92,0.4565,0.3415,85.57,0.0109,0.0238,0.0109,2,2,42,"shelter deduction 0.47; medical deduction 0.22; unearned income 0.18","wrong include/exclude decision 0.53; wrong amount, known item 0.18; other 0.13",0.366666666666667,0.904761904761905,0.7,0.483333333333333
30,"core","earned_by_hh_size > 0.0556 & earned_by_hh_size <= 2.54 & shelter_expenses_by_hh_size <= 406 & unearned_by_hh_size > 1.71","4+","national","ranger","any_error",41,0.5122,0.3401,190.78,0,0,0,1,1,21,"earned income 0.72; unearned income 0.20","unreported source of income 0.52; change in circumstances 0.16; wrong include/exclude decision 0.12",0.32,0.952380952380952,0.8,0.28
31,"core","gross_by_hh_size >= 479 & months_since_cert_n >= 8 & rawben_rel_max >= 0.584 & shelter_expenses_by_hh_size < 504","4+","national","xgboost","any_error",174,0.4195,0.3362,75.69,0.0057,0.0137,0.0057,1,1,73,"earned income 0.41; shelter deduction 0.15; unearned income 0.15; other element 0.12","wrong amount, known item 0.36; wrong include/exclude decision 0.21; other 0.12; change in circumstances 0.09",0.369369369369369,0.726027397260274,0.441441441441441,0.54954954954955
32,"core","gross_by_hh_size >= 242 & months_since_cert_n >= 9 & rawben_rel_max >= 0.755 & rawben_rel_max < 0.879","4+","national","xgboost","any_error",266,0.3985,0.3314,93.26,0.0075,0.0189,0.0075,2,2,106,"earned income 0.40; unearned income 0.17; shelter deduction 0.17; other element 0.14","wrong amount, known item 0.30; wrong include/exclude decision 0.22; change in circumstances 0.16; household composition 0.10",0.447852760736196,0.716981132075472,0.429447852760736,0.595092024539877
33,"core","months_since_cert_n >= 12 & total_deductions_by_hh_size >= 458 & utilities < 91","1","national","xgboost","any_error",198,0.4091,0.3313,67.36,0.0303,0.0494,0.0202,3,2,81,"shelter deduction 0.41; utility allowance 0.32; unearned income 0.10","wrong include/exclude decision 0.56; change in circumstances 0.16; wrong amount, known item 0.13",0.258741258741259,1,0.412587412587413,0.412587412587413
34,"core","earned_by_hh_size > 0.183 & HH_size_n > 5.5 & married <= 0 & unearned_by_hh_size > 207","4+","national","ranger","any_error",87,0.4483,0.3309,146.59,0.0115,0.0256,0.0115,2,2,39,"earned income 0.37; unearned income 0.31; other element 0.13","wrong amount, known item 0.39; wrong include/exclude decision 0.20; unreported source of income 0.19",0.357142857142857,0.512820512820513,0.757142857142857,0.585714285714286
35,"core","earned_by_hh_size > 0.127 & gross_by_hh_size <= 437 & unearned_by_hh_size > 247","4+","national","ranger","any_error",113,0.4336,0.3307,97.81,0,0,0,3,2,49,"earned income 0.45; unearned income 0.27; shelter deduction 0.12","wrong amount, known item 0.31; wrong include/exclude decision 0.19; unreported source of income 0.19; change in circumstances 0.10",0.376623376623377,0.693877551020408,0.571428571428571,0.493506493506494
36,"core","earned_by_hh_size >= 303 & unc_rawben_rel_max >= 1.16 & utilities < 680","2-3","national","xgboost","any_error",195,0.4051,0.327,131.78,0,0,0,1,1,79,"earned income 0.72; other element 0.08","wrong amount, known item 0.28; unreported source of income 0.23; wrong include/exclude decision 0.21; change in circumstances 0.16",0.225225225225225,0.987341772151899,0.477477477477477,0.441441441441441
37,"core","earned_by_hh_size <= 0.167 & rawben_rel_max > 0.131 & unc_rawben_rel_max > 0.999 & unc_rawben_rel_max <= 1","2-3","national","ranger","any_error",198,0.404,0.3265,71.57,0,0,0,2,1,80,"shelter deduction 0.62; medical deduction 0.12; utility allowance 0.08","wrong include/exclude decision 0.56; wrong amount, known item 0.30",0.305555555555556,0.9875,0.787037037037037,0.509259259259259
38,"core","gross_by_hh_size >= 518 & shelter_expenses_by_hh_size >= 732 & total_deductions_by_hh_size >= 362 & utilities < 361","2-3","national","xgboost","any_error",78,0.4487,0.3253,101.77,0.0513,0.1143,0.0513,2,1,35,"earned income 0.33; shelter deduction 0.29; unearned income 0.16","wrong amount, known item 0.27; wrong include/exclude decision 0.25; other 0.13; unreported source of income 0.13",0.327272727272727,0.8,0.654545454545455,0.509090909090909
39,"core","unc_rawben_rel_max > 0.673 & unearned_by_hh_size > 667 & utilities <= 12.5","1","national","ranger","any_error",408,0.3775,0.3236,58.2,0.0074,0.0065,0.0025,7,5,154,"shelter deduction 0.39; utility allowance 0.28; unearned income 0.15","wrong include/exclude decision 0.63; wrong amount, known item 0.13",0.315175097276265,0.954545454545455,0.579766536964981,0.501945525291829
40,"core","earned_by_hh_size > 0.0556 & HH_size_n <= 6.5 & shelter_expenses_by_hh_size <= 482 & total_deductions_by_hh_size > 314","4+","national","ranger","any_error",337,0.3828,0.3235,79.86,0.0059,0.0155,0.0059,2,1,129,"earned income 0.30; dep care or child support deduction 0.30; shelter deduction 0.18","wrong amount, known item 0.38; wrong include/exclude decision 0.32; other 0.06",0.425339366515837,0.767441860465116,0.665158371040724,0.580357142857143
41,"core","HH_size_n > 5.5 & months_since_cert_n > 5.5 & unc_rawben_rel_max > 0.684 & unc_rawben_rel_max <= 0.961","4+","national","ranger","any_error",336,0.381,0.3217,89.09,0.0149,0.0391,0.0149,4,4,128,"earned income 0.43; unearned income 0.19; shelter deduction 0.18","wrong amount, known item 0.34; wrong include/exclude decision 0.18; unreported source of income 0.12; change in circumstances 0.09; other 0.08",0.443850267379679,0.640625,0.475935828877005,0.603174603174603
42,"core","earned_by_hh_size > 0.127 & earned_by_hh_size <= 343 & HH_size_n > 5.5 & unc_rawben_rel_max <= 0.977","4+","national","ranger","any_error",801,0.3596,0.3212,93.27,0.0137,0.0382,0.0137,18,13,288,"earned income 0.45; unearned income 0.18; shelter deduction 0.16","wrong amount, known item 0.33; wrong include/exclude decision 0.22; unreported source of income 0.13; household composition 0.11",0.439461883408072,0.625,0.663677130044843,0.604910714285714
43,"core","medical_deductions >= 162 & months_since_cert_n >= 5 & rawben_rel_max >= 0.139 & shelter_expenses_by_hh_size >= 216","2-3","national","xgboost","any_error",203,0.3941,0.3181,52.51,0.0099,0.025,0.0099,1,1,80,"medical deduction 0.38; shelter deduction 0.26; unearned income 0.24","wrong include/exclude decision 0.57; wrong amount, known item 0.23",0.496124031007752,0.9125,0.511627906976744,0.666666666666667
44,"core","HH_size_n > 5.5 & total_deductions_by_hh_size > 171 & total_deductions_by_hh_size <= 512 & unearned_by_hh_size > 0.155","4+","national","ranger","any_error",202,0.3911,0.3151,101.49,0.0099,0.0253,0.0099,4,2,79,"earned income 0.30; unearned income 0.27; shelter deduction 0.18","wrong amount, known item 0.31; wrong include/exclude decision 0.25; unreported source of income 0.14; method or computation 0.08",0.34965034965035,0.734177215189873,0.566433566433566,0.566433566433566
45,"core","earned_by_hh_size > 39.4 & married >= 1 & months_since_cert_n > 5.5 & rawben_rel_max > 0.593","4+","national","ranger","any_error",611,0.3584,0.3147,91.18,0.0131,0.032,0.0115,9,6,219,"earned income 0.53; shelter deduction 0.16; other element 0.14","wrong amount, known item 0.33; wrong include/exclude decision 0.20; unreported source of income 0.13; household composition 0.11",0.423780487804878,0.707762557077626,0.515243902439024,0.587878787878788
46,"core","rawben_rel_max >= 1 & unc_rawben_rel_max < 1.01 & utilities < 360","1","national","xgboost","any_error",520,0.3615,0.3142,60.28,0,0,0,10,5,188,"unearned income 0.43; shelter deduction 0.34","wrong include/exclude decision 0.56; unreported source of income 0.18; wrong amount, known item 0.11",0.346153846153846,0.99468085106383,0.580769230769231,0.496153846153846
47,"core","earned_by_hh_size > 298 & gross_by_hh_size <= 374 & total_deductions_by_hh_size > 362 & unc_rawben_rel_max > 1","2-3","national","ranger","any_error",220,0.3864,0.3136,123.24,0,0,0,2,1,85,"earned income 0.77","unreported source of income 0.27; change in circumstances 0.26; wrong amount, known item 0.22",0.196428571428571,0.988235294117647,0.428571428571429,0.410714285714286
48,"core","months_since_cert_n >= 7 & shelter_expenses_by_hh_size >= 521 & unc_rawben_rel_max < 1 & utilities < 364","2-3","national","xgboost","any_error",130,0.4077,0.3131,75.27,0.0308,0.0755,0.0308,2,1,53,"shelter deduction 0.28; earned income 0.23; unearned income 0.15; utility allowance 0.14","wrong include/exclude decision 0.41; wrong amount, known item 0.18; unreported source of income 0.12; change in circumstances 0.10",0.41025641025641,0.811320754716981,0.5,0.512820512820513
49,"core","gross_by_hh_size >= 301 & total_deductions_by_hh_size < 603 & unc_rawben_rel_max >= 1.16 & unc_rawben_rel_max < 1.22","2-3","national","xgboost","any_error",264,0.3788,0.3124,117.68,0,0,0,4,2,100,"earned income 0.54; unearned income 0.23","wrong amount, known item 0.26; wrong include/exclude decision 0.24; unreported source of income 0.22; change in circumstances 0.13",0.291666666666667,0.98,0.576388888888889,0.486111111111111
50,"core","earned_by_hh_size > 37.9 & elderly_disabled_i >= 1 & rawben_rel_max > 0.49 & shelter_expenses_by_hh_size > 255","4+","national","ranger","any_error",267,0.3783,0.3123,78.29,0,0,0,2,1,101,"earned income 0.41; unearned income 0.24; shelter deduction 0.19","wrong amount, known item 0.43; wrong include/exclude decision 0.18; unreported source of income 0.09; change in circumstances 0.09",0.430379746835443,0.683168316831683,0.569620253164557,0.55
51,"core","months_since_cert_n >= 6 & shelter_expenses_by_hh_size >= 157 & total_deductions_by_hh_size < 55.2 & utilities < 424","4+","national","xgboost","any_error",55,0.4545,0.3095,73.47,0,0,0,2,2,25,"unearned income 0.48; other element 0.21; shelter deduction 0.19","wrong amount, known item 0.29; wrong include/exclude decision 0.24; household composition 0.17; unreported source of income 0.14",0.714285714285714,0.4,0.476190476190476,0.69047619047619
52,"core","months_since_cert_n >= 3 & total_deductions_by_hh_size >= 130 & unearned_by_hh_size >= 326 & utilities < 441","4+","national","xgboost","any_error",63,0.4444,0.309,78.11,0,0,0,1,1,28,"unearned income 0.33; shelter deduction 0.28; other element 0.16","wrong include/exclude decision 0.49; wrong amount, known item 0.14; household composition 0.09; other 0.07",0.488372093023256,0.785714285714286,0.837209302325581,0.488372093023256
53,"core","medical_deductions >= 206 & months_since_cert_n >= 17 & rawben_rel_max >= 0.104 & shelter_expenses_by_hh_size < 1120","1","national","xgboost","any_error",74,0.4324,0.3076,62.03,0,0,0,2,2,32,"medical deduction 0.62; unearned income 0.20","wrong include/exclude decision 0.56; wrong amount, known item 0.31",0.511111111111111,1,0.488888888888889,0.666666666666667
54,"core","earned_by_hh_size < 684 & HH_size_n >= 5 & rawben_rel_max < 0.882 & total_deductions_by_hh_size >= 267","4+","national","xgboost","any_error",110,0.4091,0.3068,86.77,0,0,0,2,1,45,"dep care or child support deduction 0.28; earned income 0.25; unearned income 0.22","wrong amount, known item 0.43; wrong include/exclude decision 0.29; method or computation 0.07",0.544117647058823,0.777777777777778,0.676470588235294,0.617647058823529
55,"buffer","earned_by_hh_size >= 32.5 & months_since_cert_n >= 6 & shelter_expenses_by_hh_size >= 459 & utilities < 366","2-3","national","xgboost","any_error",116,0.4052,0.3057,99.12,0.0345,0.0851,0.0345,1,1,47,"earned income 0.59; shelter deduction 0.13; other element 0.08","change in circumstances 0.25; wrong include/exclude decision 0.21; unreported source of income 0.15; wrong amount, known item 0.15",0.352112676056338,0.851063829787234,0.422535211267606,0.422535211267606
56,"buffer","earned_by_hh_size > 0.167 & earned_by_hh_size <= 108 & rawben_rel_max <= 0.975 & unc_rawben_rel_max > 0.21","2-3","national","ranger","any_error",338,0.3639,0.3056,70.07,0.003,0,0,3,2,123,"earned income 0.51; unearned income 0.20; shelter deduction 0.15","unreported source of income 0.29; wrong amount, known item 0.29; wrong include/exclude decision 0.18",0.395833333333333,0.764227642276423,0.614583333333333,0.489583333333333
57,"buffer","earned_by_hh_size >= 269 & earned_by_hh_size < 287 & percent_abawd < 0.0769","4+","national","xgboost","any_error",223,0.3767,0.305,87.05,0.009,0.0119,0.0045,3,2,84,"earned income 0.47; unearned income 0.18; shelter deduction 0.13","wrong amount, known item 0.34; wrong include/exclude decision 0.26; unreported source of income 0.11; change in circumstances 0.10",0.354330708661417,0.666666666666667,0.62992125984252,0.573643410852713
58,"buffer","earned_by_hh_size >= 95.5 & earned_by_hh_size < 235 & unc_rawben_rel_max >= 1.09 & unc_rawben_rel_max < 1.14","2-3","national","xgboost","any_error",280,0.3679,0.3039,109.09,0,0,0,7,6,103,"earned income 0.74; shelter deduction 0.13","wrong amount, known item 0.31; wrong include/exclude decision 0.19; unreported source of income 0.18; change in circumstances 0.16",0.37956204379562,0.970873786407767,0.554744525547445,0.489051094890511
59,"buffer","earned_by_hh_size >= 725 & earned_by_hh_size < 751 & months_since_cert_n >= 6 & rawben_rel_max >= 0.377","2-3","national","xgboost","any_error",64,0.4375,0.3038,56.58,0,0,0,1,1,28,"earned income 0.47; shelter deduction 0.26; unearned income 0.16","wrong amount, known item 0.45; unreported source of income 0.16; wrong include/exclude decision 0.13; other 0.13",0.394736842105263,0.75,0.552631578947368,0.421052631578947
60,"buffer","earned_by_hh_size > 78.8 & earned_by_hh_size <= 417 & total_deductions_by_hh_size > 232 & utilities > 30.5","4+","national","ranger","any_error",296,0.3649,0.3027,95.73,0.0068,0.0185,0.0068,2,1,108,"earned income 0.41; shelter deduction 0.14; unearned income 0.14; dep care or child support deduction 0.13","wrong amount, known item 0.34; wrong include/exclude decision 0.22; unreported source of income 0.11; change in circumstances 0.09",0.485380116959064,0.777777777777778,0.619883040935672,0.597701149425287
61,"buffer","gross_by_hh_size >= 220 & months_since_cert_n >= 7 & rawben_rel_max >= 0.676 & unearned_by_hh_size < 345","4+","national","xgboost","any_error",998,0.3357,0.3019,75.55,0.012,0.0328,0.011,10,5,335,"earned income 0.44; unearned income 0.17; shelter deduction 0.16","wrong amount, known item 0.32; wrong include/exclude decision 0.18; change in circumstances 0.11; unreported source of income 0.11; other 0.09",0.436046511627907,0.707462686567164,0.441860465116279,0.560460652591171
62,"buffer","gross_by_hh_size >= 51.3 & total_deductions_by_hh_size >= 620 & unc_rawben_rel_max < 1.38","2-3","national","xgboost","any_error",571,0.345,0.3004,74,0.0123,0.0305,0.0105,1,1,197,"earned income 0.25; shelter deduction 0.22; unearned income 0.19; dep care or child support deduction 0.14","wrong include/exclude decision 0.33; wrong amount, known item 0.32; unreported source of income 0.13",0.339805825242718,0.888324873096447,0.572815533980582,0.511326860841424
63,"buffer","months_since_cert_n > 5.5 & shelter_expenses_by_hh_size > 120 & unc_rawben_rel_max <= 1 & utilities <= 300","4+","national","ranger","any_error",176,0.3807,0.3003,72.55,0.0057,0.0149,0.0057,17,11,67,"earned income 0.26; shelter deduction 0.25; unearned income 0.17; utility allowance 0.16","wrong include/exclude decision 0.33; wrong amount, known item 0.30; change in circumstances 0.12",0.467213114754098,0.671641791044776,0.450819672131148,0.573770491803279
64,"buffer","children_i >= 1 & earned_by_hh_size <= 500 & gross_by_hh_size > 590 & utilities <= 425","1","national","ranger","any_error",54,0.4444,0.2995,73.41,0.0556,0.125,0.0556,3,2,24,"other element 0.44; unearned income 0.19; shelter deduction 0.19","household composition 0.44; wrong include/exclude decision 0.22; wrong amount, known item 0.19",0.53125,0.333333333333333,0.8125,0.59375
65,"buffer","shelter_expenses_by_hh_size >= 233 & total_deductions_by_hh_size >= 61.8 & total_deductions_by_hh_size < 83 & utilities < 559","4+","national","xgboost","any_error",46,0.4565,0.2994,97.78,0,0,0,1,1,21,"unearned income 0.32; shelter deduction 0.18; earned income 0.18; other element 0.15","wrong amount, known item 0.38; wrong include/exclude decision 0.35; household composition 0.15",0.588235294117647,0.714285714285714,0.735294117647059,0.676470588235294
66,"buffer","gross_by_hh_size > 196 & total_deductions_by_hh_size > 520 & utilities <= 578","2-3","national","ranger","any_error",641,0.3401,0.2981,68.87,0.0156,0.0459,0.0156,2,1,218,"earned income 0.30; shelter deduction 0.21; unearned income 0.14; dep care or child support deduction 0.12","wrong include/exclude decision 0.35; wrong amount, known item 0.28; unreported source of income 0.11; other 0.07",0.337696335078534,0.862385321100917,0.596858638743455,0.507853403141361
67,"buffer","gross_by_hh_size >= 336 & gross_by_hh_size < 340 & unearned_by_hh_size < 946","2-3","national","xgboost","any_error",96,0.4062,0.2977,103.54,0,0,0,1,1,39,"earned income 0.53; shelter deduction 0.21; unearned income 0.18","wrong amount, known item 0.26; wrong include/exclude decision 0.25; change in circumstances 0.25",0.263157894736842,0.897435897435897,0.421052631578947,0.543859649122807
68,"buffer","earned_by_hh_size > 0.167 & gross_by_hh_size <= 691 & unearned_by_hh_size > 102 & utilities <= 360","2-3","national","ranger","any_error",399,0.3509,0.2976,65.08,0.01,0.0143,0.005,21,18,140,"earned income 0.54; unearned income 0.19; shelter deduction 0.11","wrong amount, known item 0.29; wrong include/exclude decision 0.21; unreported source of income 0.20; change in circumstances 0.10",0.398989898989899,0.628571428571429,0.656565656565657,0.51010101010101
69,"buffer","earned_by_hh_size < 301 & gross_by_hh_size >= 275 & months_since_cert_n >= 4 & utilities < 376","4+","national","xgboost","any_error",393,0.3511,0.2975,69.31,0.0025,0.0072,0.0025,26,15,138,"unearned income 0.30; earned income 0.29; other element 0.17","wrong amount, known item 0.30; wrong include/exclude decision 0.23; household composition 0.11; other 0.11; change in circumstances 0.10",0.458149779735683,0.536231884057971,0.480176211453745,0.52863436123348
70,"buffer","gross_by_hh_size >= 317 & shelter_expenses_by_hh_size >= 484 & total_deductions_by_hh_size >= 312 & utilities < 364","2-3","national","xgboost","any_error",463,0.3434,0.2942,72.96,0.0281,0.0755,0.0259,10,6,159,"earned income 0.38; shelter deduction 0.23; unearned income 0.15","wrong include/exclude decision 0.35; wrong amount, known item 0.24; unreported source of income 0.13; change in circumstances 0.10",0.353174603174603,0.836477987421384,0.626984126984127,0.543650793650794
71,"buffer","gross_by_hh_size >= 280 & gross_by_hh_size < 288 & rawben_rel_max >= 0.768","4+","national","xgboost","any_error",100,0.4,0.294,103.52,0.01,0.025,0.01,2,1,40,"earned income 0.40; shelter deduction 0.22; utility allowance 0.14","wrong include/exclude decision 0.38; wrong amount, known item 0.19; change in circumstances 0.14; unreported source of income 0.12",0.327586206896552,0.675,0.551724137931034,0.620689655172414
72,"buffer","rawben_rel_max <= 0.99 & total_deductions_by_hh_size > 159 & unearned_by_hh_size > 19.6 & unearned_by_hh_size <= 54.3","4+","national","ranger","any_error",210,0.3667,0.2936,75.6,0,0,0,3,3,77,"earned income 0.36; unearned income 0.28; shelter deduction 0.15","wrong amount, known item 0.43; wrong include/exclude decision 0.26; unreported source of income 0.09",0.375,0.766233766233766,0.6015625,0.511627906976744
73,"buffer","earned_by_hh_size >= 244 & earned_by_hh_size < 248 & gross_by_hh_size < 314 & rawben_rel_max >= 0.321","2-3","national","xgboost","any_error",47,0.4468,0.2925,98.38,0,0,0,1,1,21,"earned income 0.70; utility allowance 0.11","wrong include/exclude decision 0.30; unreported source of income 0.26; wrong amount, known item 0.19; change in circumstances 0.15",0.222222222222222,0.952380952380952,0.518518518518518,0.333333333333333
74,"buffer","HH_size_n > 6.5 & rawben_rel_max <= 0.946 & unearned_by_hh_size > 135 & unearned_by_hh_size <= 192","4+","national","ranger","any_error",89,0.4045,0.2924,120.57,0,0,0,1,1,36,"unearned income 0.29; earned income 0.29; other element 0.20","wrong include/exclude decision 0.27; wrong amount, known item 0.20; unreported source of income 0.18; household composition 0.12",0.375,0.611111111111111,0.678571428571429,0.535714285714286
75,"buffer","count_divisible_by_100 <= 1.5 & elderly_disabled_i >= 1 & gross_by_hh_size > 169 & unearned_by_hh_size <= 108","4+","national","ranger","any_error",136,0.3824,0.2917,96.87,0.0074,0.0192,0.0074,4,2,52,"earned income 0.35; unearned income 0.20; shelter deduction 0.19; other element 0.18","wrong amount, known item 0.29; wrong include/exclude decision 0.22; household composition 0.14; unreported source of income 0.12",0.292682926829268,0.711538461538462,0.475609756097561,0.506024096385542
76,"buffer","elderly_disabled_i <= 0 & rawben_rel_max <= 0.312 & unc_rawben_rel_max > 0.0769 & unearned_by_hh_size > 162","1","national","ranger","any_error",148,0.3784,0.2915,69.57,0.027,0.0714,0.027,2,2,56,"unearned income 0.56; shelter deduction 0.16; utility allowance 0.10","wrong amount, known item 0.47; wrong include/exclude decision 0.27; other 0.14",0.419753086419753,0.107142857142857,0.654320987654321,0.716049382716049
77,"buffer","earned_by_hh_size >= 95.5 & gross_by_hh_size >= 229 & gross_by_hh_size < 250 & unc_rawben_rel_max < 1.18","2-3","national","xgboost","any_error",188,0.367,0.29,96.27,0,0,0,3,2,69,"earned income 0.70; unearned income 0.09","wrong amount, known item 0.36; wrong include/exclude decision 0.20; unreported source of income 0.18; change in circumstances 0.17",0.308510638297872,0.884057971014493,0.542553191489362,0.446808510638298
78,"buffer","earned_by_hh_size >= 121 & gross_by_hh_size >= 134 & HH_size_n < 6 & unc_rawben_rel_max >= 1.07","4+","national","xgboost","any_error",216,0.3611,0.2893,124.57,0,0,0,2,1,78,"earned income 0.69; shelter deduction 0.10","unreported source of income 0.32; wrong amount, known item 0.21; wrong include/exclude decision 0.19; change in circumstances 0.10",0.432432432432432,0.961538461538462,0.567567567567568,0.469026548672566
79,"buffer","gross_by_hh_size >= 650 & HH_size_n >= 3 & unc_rawben_rel_max >= 0.63","2-3","national","xgboost","any_error",278,0.3525,0.2893,68.76,0.0108,0.0204,0.0072,2,1,98,"earned income 0.34; unearned income 0.18; dep care or child support deduction 0.17; shelter deduction 0.17","wrong amount, known item 0.30; wrong include/exclude decision 0.24; unreported source of income 0.14; other 0.11",0.340136054421769,0.704081632653061,0.653061224489796,0.493243243243243
80,"buffer","expedited_i >= 1 & shelter_expenses_by_hh_size >= 57.5 & shelter_expenses_by_hh_size < 138 & unc_rawben_rel_max < 1","4+","national","xgboost","any_error",87,0.4023,0.2892,83.22,0.0115,0,0,2,1,35,"earned income 0.29; other element 0.20; unearned income 0.19; shelter deduction 0.17","wrong amount, known item 0.39; wrong include/exclude decision 0.29; household composition 0.14",0.661016949152542,0.514285714285714,0.593220338983051,0.711864406779661
81,"buffer","medical_deductions > 126 & rawben_rel_max > 0.17 & unc_rawben_rel_max > 0.625","2-3","national","ranger","any_error",269,0.3532,0.2889,66.93,0.0074,0.0211,0.0074,1,1,95,"medical deduction 0.32; shelter deduction 0.31; unearned income 0.24","wrong include/exclude decision 0.55; wrong amount, known item 0.20",0.471337579617834,0.947368421052632,0.681528662420382,0.630573248407643
82,"buffer","gross_by_hh_size >= 204 & rawben_rel_max >= 0.116 & total_deductions_by_hh_size < 268 & unc_rawben_rel_max >= 1.09","2-3","national","xgboost","any_error",186,0.3656,0.2883,109.58,0,0,0,1,1,68,"earned income 0.62; unearned income 0.16","wrong amount, known item 0.30; unreported source of income 0.21; wrong include/exclude decision 0.19; change in circumstances 0.12",0.329787234042553,0.970588235294118,0.531914893617021,0.457446808510638
83,"buffer","expedited_i <= 0 & percent_abawd > 0.279 & total_deductions_by_hh_size > 112 & total_deductions_by_hh_size <= 179","4+","national","ranger","any_error",73,0.411,0.2877,106,0,0,0,1,1,30,"earned income 0.46; other element 0.26; unearned income 0.15","household composition 0.21; wrong amount, known item 0.21; wrong include/exclude decision 0.18; unreported source of income 0.15; method or computation 0.13",0.358974358974359,0.633333333333333,0.666666666666667,0.512820512820513
84,"buffer","earned_by_hh_size > 310 & months_since_cert_n > 4.5 & unc_rawben_rel_max > 1.25","1","national","ranger","any_error",544,0.3309,0.2858,73.49,0,0,0,1,1,180,"earned income 0.66; other element 0.15","unreported source of income 0.29; change in circumstances 0.25; wrong include/exclude decision 0.15; wrong amount, known item 0.11",0.219424460431655,0.983333333333333,0.233812949640288,0.265232974910394
85,"buffer","children_i <= 0 & expedited_i >= 1 & gross_by_hh_size >= 476","2-3","national","xgboost","any_error",154,0.3701,0.2855,83.38,0.039,0.1053,0.039,2,2,57,"earned income 0.31; other element 0.27; unearned income 0.17; shelter deduction 0.16","household composition 0.22; wrong include/exclude decision 0.22; unreported source of income 0.19; wrong amount, known item 0.14",0.395061728395062,0.719298245614035,0.62962962962963,0.469879518072289
86,"buffer","elderly_disabled_i >= 1 & unc_rawben_rel_max > 0.312 & unearned_by_hh_size > 1050 & utilities <= 97","1","national","ranger","any_error",288,0.3472,0.2853,51.46,0.0035,0.01,0.0035,8,6,100,"shelter deduction 0.38; utility allowance 0.26; medical deduction 0.19","wrong include/exclude decision 0.62; wrong amount, known item 0.17",0.290697674418605,0.9,0.651162790697674,0.488372093023256
87,"buffer","children_i >= 1 & earned_by_hh_size <= 1080 & rawben_rel_max <= 0.537","1","national","ranger","any_error",51,0.4314,0.2844,66.16,0.0588,0.1364,0.0588,4,2,22,"other element 0.47; shelter deduction 0.16; unearned income 0.12","household composition 0.47; wrong include/exclude decision 0.22; wrong amount, known item 0.19",0.5,0.181818181818182,0.71875,0.65625
88,"buffer","medical_deductions >= 129 & months_since_cert_n >= 3 & unc_rawben_rel_max >= 0.159 & utilities < 714","2-3","national","xgboost","any_error",402,0.3358,0.2835,44.37,0,0,0,2,1,135,"medical deduction 0.33; unearned income 0.26; shelter deduction 0.26","wrong include/exclude decision 0.53; wrong amount, known item 0.26",0.495535714285714,0.911111111111111,0.629464285714286,0.660714285714286
89,"buffer","months_since_cert_n >= 12 & total_deductions_by_hh_size >= 128 & unc_rawben_rel_max >= 0.509 & utilities < 27","1","national","xgboost","any_error",291,0.3436,0.2823,55.78,0.0103,0.03,0.0103,17,9,100,"shelter deduction 0.34; utility allowance 0.28; unearned income 0.19","wrong include/exclude decision 0.55; wrong amount, known item 0.14; change in circumstances 0.13",0.344262295081967,0.94,0.420765027322404,0.502732240437158
90,"buffer","expedited_i >= 1 & rawben_rel_max <= 0.961 & total_deductions_by_hh_size > 7.35 & unc_rawben_rel_max > 0.486","4+","national","ranger","any_error",330,0.3394,0.2818,74.09,0.0091,0.0268,0.0091,4,2,112,"earned income 0.35; unearned income 0.22; other element 0.18; shelter deduction 0.16","wrong amount, known item 0.37; wrong include/exclude decision 0.25; household composition 0.11; change in circumstances 0.10",0.473118279569892,0.625,0.510752688172043,0.629032258064516
91,"buffer","rawben_rel_max >= 0.665 & total_deductions_by_hh_size >= 502 & unc_rawben_rel_max < 1.09 & utilities < 347","1","national","xgboost","any_error",975,0.3149,0.2814,45.71,0.0174,0.0195,0.0062,48,33,307,"shelter deduction 0.40; utility allowance 0.26; unearned income 0.15","wrong include/exclude decision 0.61; wrong amount, known item 0.16",0.302059496567506,0.957654723127036,0.617848970251716,0.512585812356979
92,"buffer","earned_by_hh_size >= 346 & earned_by_hh_size < 387 & months_since_cert_n < 2 & utilities < 426","4+","national","xgboost","any_error",69,0.4058,0.2801,74.83,0.0145,0.0357,0.0145,5,4,28,"earned income 0.50; unearned income 0.26","wrong amount, known item 0.29; wrong include/exclude decision 0.16; change in circumstances 0.16; unreported source of income 0.16",0.210526315789474,0.678571428571429,0.815789473684211,0.552631578947368
93,"buffer","earned_by_hh_size > 0.167 & months_since_cert_n > 11.5 & unc_rawben_rel_max <= 1 & unearned_by_hh_size > 87.2","2-3","national","ranger","any_error",123,0.374,0.2798,60.71,0.0081,0.0217,0.0081,2,1,46,"earned income 0.40; other element 0.23; unearned income 0.14","wrong amount, known item 0.18; other 0.17; wrong include/exclude decision 0.16; unreported source of income 0.12; change in circumstances 0.12; household composition 0.09",0.33,0.652173913043478,0.31,0.38
94,"buffer","months_since_cert_n >= 4 & shelter_expenses_by_hh_size >= 68 & shelter_expenses_by_hh_size < 79.6 & unc_rawben_rel_max < 1.02","4+","national","xgboost","any_error",173,0.3584,0.2791,74.17,0.0173,0.0484,0.0173,10,5,62,"earned income 0.31; unearned income 0.28; other element 0.26","wrong amount, known item 0.27; wrong include/exclude decision 0.17; household composition 0.17; change in circumstances 0.09; unreported source of income 0.09",0.380952380952381,0.516129032258065,0.533333333333333,0.580952380952381
95,"buffer","expedited_i <= 0 & months_since_cert_n > 10.5 & unc_rawben_rel_max <= 0.917 & unearned_by_hh_size <= 99.4","4+","national","ranger","any_error",344,0.3343,0.2781,66.3,0.0087,0.0261,0.0087,2,1,115,"earned income 0.51; shelter deduction 0.18; other element 0.13","wrong amount, known item 0.34; wrong include/exclude decision 0.23; change in circumstances 0.13; method or computation 0.08",0.405555555555556,0.68695652173913,0.433333333333333,0.604395604395604
96,"buffer","HH_size_n > 4.5 & percent_abawd > 0.155 & shelter_expenses_by_hh_size > 212 & total_deductions_by_hh_size > 139","4+","national","ranger","any_error",133,0.3684,0.2781,84.54,0.0226,0.0612,0.0226,2,1,49,"earned income 0.44; shelter deduction 0.21; other element 0.13","wrong amount, known item 0.34; wrong include/exclude decision 0.23; unreported source of income 0.10; household composition 0.09",0.415584415584416,0.653061224489796,0.636363636363636,0.61038961038961
97,"buffer","count_divisible_by_100 > 0.5 & earned_by_hh_size <= 387 & HH_size_n > 5.5 & rawben_rel_max <= 0.947","4+","national","ranger","any_error",133,0.3684,0.2781,84.61,0.0075,0.0204,0.0075,2,1,49,"earned income 0.36; unearned income 0.25; shelter deduction 0.18","wrong include/exclude decision 0.25; wrong amount, known item 0.25; unreported source of income 0.15; household composition 0.10",0.415730337078652,0.551020408163265,0.719101123595506,0.582417582417582
98,"buffer","gross_by_hh_size < 512 & rawben_rel_max >= 0.778 & total_deductions_by_hh_size >= 232 & unc_rawben_rel_max < 1","4+","national","xgboost","any_error",328,0.3354,0.2778,77.4,0.0091,0.0273,0.0091,2,1,110,"earned income 0.43; shelter deduction 0.17; other element 0.12; dep care or child support deduction 0.12","wrong amount, known item 0.35; wrong include/exclude decision 0.22; unreported source of income 0.10; other 0.09",0.471590909090909,0.781818181818182,0.573863636363636,0.556179775280899
99,"buffer","gross_by_hh_size >= 230 & HH_size_n >= 7 & married <= 0 & total_deductions_by_hh_size < 158","4+","national","xgboost","any_error",289,0.3391,0.2778,74.81,0.0035,0.0102,0.0035,4,2,98,"earned income 0.33; unearned income 0.23; other element 0.20","wrong amount, known item 0.28; wrong include/exclude decision 0.26; household composition 0.19; unreported source of income 0.11",0.377483443708609,0.653061224489796,0.635761589403974,0.592105263157895
100,"buffer","earned_by_hh_size > 335 & shelter_expenses_by_hh_size <= 1890 & unc_rawben_rel_max > 1.34 & utilities <= 460","1","national","ranger","any_error",316,0.3354,0.2769,74.16,0,0,0,2,1,106,"earned income 0.60; other element 0.19","unreported source of income 0.28; wrong include/exclude decision 0.18; change in circumstances 0.16; wrong amount, known item 0.15",0.273224043715847,1,0.360655737704918,0.306010928961749
101,"buffer","elderly_disabled_i <= 0 & gross_by_hh_size >= 630 & percent_abawd >= 0.25 & percent_abawd < 0.5","2-3","national","xgboost","any_error",112,0.375,0.2767,71.96,0.0179,0.0476,0.0179,1,1,42,"earned income 0.42; other element 0.20; shelter deduction 0.14","wrong amount, known item 0.32; wrong include/exclude decision 0.18; household composition 0.12; other 0.12; unreported source of income 0.11",0.472972972972973,0.523809523809524,0.648648648648649,0.554054054054054
102,"buffer","gross_by_hh_size >= 349 & gross_by_hh_size < 361 & rawben_rel_max < 0.808 & unearned_by_hh_size < 354","2-3","national","xgboost","any_error",41,0.439,0.2765,60.71,0,0,0,1,1,18,"earned income 0.32; unearned income 0.28; other element 0.24","wrong include/exclude decision 0.24; wrong amount, known item 0.20; household composition 0.16; change in circumstances 0.16",0.44,0.5,0.64,0.6
103,"buffer","earned_by_hh_size >= 54.8 & gross_by_hh_size >= 599 & rawben_rel_max >= 0.517 & shelter_expenses_by_hh_size < 476","4+","national","xgboost","any_error",409,0.3276,0.2762,63.72,0.0049,0.0149,0.0049,4,2,134,"earned income 0.37; dep care or child support deduction 0.22; shelter deduction 0.17","wrong amount, known item 0.39; wrong include/exclude decision 0.29; unreported source of income 0.09",0.423809523809524,0.708955223880597,0.666666666666667,0.587677725118483
104,"buffer","earned_by_hh_size < 858 & percent_abawd >= 0.75 & rawben_rel_max < 0.693","2-3","national","xgboost","any_error",70,0.4,0.2758,71.57,0,0,0,3,3,28,"earned income 0.43; other element 0.20; unearned income 0.18","household composition 0.18; wrong amount, known item 0.18; wrong include/exclude decision 0.18; unreported source of income 0.18; other 0.16",0.295454545454545,0.678571428571429,0.590909090909091,0.5
105,"buffer","gross_by_hh_size > 956 & HH_size_n <= 2.5 & rawben_rel_max > 0.168 & unearned_by_hh_size > 43.1","2-3","national","ranger","any_error",614,0.3176,0.2756,48.7,0.0033,0.0103,0.0033,1,1,195,"shelter deduction 0.29; unearned income 0.25; earned income 0.17; medical deduction 0.16","wrong include/exclude decision 0.37; wrong amount, known item 0.30; unreported source of income 0.13",0.38768115942029,0.856410256410256,0.619565217391304,0.561594202898551
106,"buffer","earned_by_hh_size >= 255 & shelter_expenses_by_hh_size < 250 & total_deductions_by_hh_size >= 198","4+","national","xgboost","any_error",236,0.3432,0.2756,76.29,0,0,0,2,1,81,"earned income 0.33; dep care or child support deduction 0.29; unearned income 0.14","wrong include/exclude decision 0.40; wrong amount, known item 0.34; unreported source of income 0.07",0.472972972972973,0.716049382716049,0.743243243243243,0.606666666666667
107,"buffer","earned_by_hh_size >= 75 & earned_by_hh_size < 722 & rawben_rel_max < 0.891 & total_deductions_by_hh_size < 29.9","4+","national","xgboost","any_error",82,0.3902,0.2755,71.46,0,0,0,2,1,32,"earned income 0.47; unearned income 0.24; other element 0.13","wrong amount, known item 0.40; wrong include/exclude decision 0.13; other 0.13; unreported source of income 0.11",0.518518518518518,0.5,0.62962962962963,0.574074074074074
108,"buffer","percent_abawd > 0.833 & unearned_by_hh_size > 56.2 & utilities <= 368","2-3","national","ranger","any_error",47,0.4255,0.2742,110.79,0.0426,0.05,0.0213,1,1,20,"unearned income 0.39; other element 0.26; shelter deduction 0.16","household composition 0.26; wrong amount, known item 0.26; wrong include/exclude decision 0.19; other 0.13",0.354838709677419,0.85,0.709677419354839,0.580645161290323
109,"buffer","shelter_expenses_by_hh_size >= 354 & unearned_by_hh_size >= 118 & utilities < 342","4+","national","xgboost","any_error",33,0.4545,0.274,90.27,0,0,0,2,1,15,"unearned income 0.31; shelter deduction 0.24; other element 0.17; utility allowance 0.14","wrong include/exclude decision 0.34; wrong amount, known item 0.24; household composition 0.14; method or computation 0.10",0.551724137931034,0.533333333333333,0.793103448275862,0.586206896551724
110,"buffer","count_divisible_by_100 > 0.5 & earned_by_hh_size > 110 & married >= 1 & unearned_by_hh_size > 51.5","2-3","national","ranger","any_error",56,0.4107,0.2723,88.36,0.0179,0,0,2,1,23,"earned income 0.40; unearned income 0.23; other element 0.17","wrong include/exclude decision 0.28; unreported source of income 0.23; wrong amount, known item 0.17; household composition 0.15",0.3,0.608695652173913,0.675,0.5
111,"buffer","earned_by_hh_size >= 135 & gross_by_hh_size < 149 & shelter_expenses_by_hh_size < 168","4+","national","xgboost","any_error",36,0.4444,0.2719,132.31,0.0556,0.125,0.0556,2,1,16,"earned income 0.65; shelter deduction 0.15","wrong amount, known item 0.30; wrong include/exclude decision 0.20; unreported source of income 0.20; other 0.15",0.3,0.8125,0.45,0.4
112,"buffer","earned_by_hh_size >= 349 & gross_by_hh_size < 372 & total_deductions_by_hh_size < 575 & utilities < 783","2-3","national","xgboost","any_error",162,0.3519,0.2707,84.22,0,0,0,2,1,57,"earned income 0.60; other element 0.14; utility allowance 0.08","wrong include/exclude decision 0.24; wrong amount, known item 0.22; unreported source of income 0.21; change in circumstances 0.13",0.333333333333333,0.789473684210526,0.525641025641026,0.576923076923077
113,"buffer","earned_by_hh_size < 589 & medical_deductions < 14 & rawben_rel_max < 0.0825 & unc_rawben_rel_max >= 0.079","1","national","xgboost","any_error",381,0.3202,0.2675,46.56,0.0026,0.0082,0.0026,9,9,122,"unearned income 0.43; shelter deduction 0.31; utility allowance 0.09","wrong include/exclude decision 0.41; wrong amount, known item 0.31; other 0.13",0.532163742690059,0.0163934426229508,0.60233918128655,0.789473684210526
114,"buffer","HH_size_n > 4.5 & months_since_cert_n > 4.5 & unearned_by_hh_size > 135 & unearned_by_hh_size <= 143","4+","national","ranger","any_error",54,0.4074,0.2673,101.69,0.0185,0.0455,0.0185,1,1,22,"earned income 0.37; unearned income 0.27; other element 0.13","wrong amount, known item 0.37; change in circumstances 0.20; wrong include/exclude decision 0.17; method or computation 0.10",0.466666666666667,0.409090909090909,0.433333333333333,0.7
115,"buffer","earned_by_hh_size > 194 & expedited_i >= 1 & months_since_cert_n > 5.5 & percent_abawd <= 1.25","2-3","national","ranger","any_error",214,0.3364,0.2662,78.79,0.028,0.0833,0.028,1,1,72,"earned income 0.53; other element 0.15; shelter deduction 0.15","wrong amount, known item 0.25; unreported source of income 0.18; change in circumstances 0.15; wrong include/exclude decision 0.15; other 0.09",0.350877192982456,0.708333333333333,0.394736842105263,0.517241379310345
116,"buffer","earned_by_hh_size > 0.5 & rawben_rel_max > 0.324 & unearned_by_hh_size > 204 & utilities <= 304","1","national","ranger","any_error",129,0.3566,0.2661,48.32,0,0,0,3,3,46,"earned income 0.40; shelter deduction 0.25; unearned income 0.19","wrong include/exclude decision 0.31; wrong amount, known item 0.29; unreported source of income 0.28",0.291666666666667,0.891304347826087,0.652777777777778,0.375
117,"buffer","HH_size_n > 5.5 & rawben_rel_max <= 0.975 & unearned_by_hh_size > 16.1 & unearned_by_hh_size <= 43.1","4+","national","ranger","any_error",110,0.3636,0.2657,77.72,0,0,0,1,1,40,"earned income 0.49; unearned income 0.22; shelter deduction 0.15","wrong amount, known item 0.40; wrong include/exclude decision 0.21; unreported source of income 0.15",0.352941176470588,0.675,0.5,0.455882352941176
118,"buffer","gross_by_hh_size >= 317 & months_since_cert_n >= 6 & total_deductions_by_hh_size >= 124 & utilities < 369","2-3","national","xgboost","any_error",755,0.302,0.2646,54.13,0.0132,0.0439,0.0132,20,13,228,"earned income 0.34; shelter deduction 0.23; unearned income 0.14; other element 0.11","wrong include/exclude decision 0.32; wrong amount, known item 0.23; change in circumstances 0.11; other 0.10",0.405487804878049,0.754385964912281,0.533536585365854,0.510510510510511
119,"buffer","earned_by_hh_size <= 115 & gross_by_hh_size > 724 & medical_deductions > 126 & unc_rawben_rel_max > 0.156","2-3","national","ranger","any_error",431,0.3132,0.2638,43.48,0.0023,0.0074,0.0023,2,1,135,"medical deduction 0.34; shelter deduction 0.27; unearned income 0.25","wrong include/exclude decision 0.51; wrong amount, known item 0.22; unreported source of income 0.09",0.480582524271845,0.881481481481482,0.645631067961165,0.650485436893204
120,"buffer","gross_by_hh_size > 547 & HH_size_n > 2.5 & percent_abawd > 0.125 & utilities > 56.5","2-3","national","ranger","any_error",270,0.3259,0.2636,62.59,0.0148,0.0455,0.0148,3,2,88,"earned income 0.38; other element 0.19; shelter deduction 0.16; unearned income 0.16","wrong amount, known item 0.33; wrong include/exclude decision 0.21; other 0.10; household composition 0.10; unreported source of income 0.10",0.469387755102041,0.613636363636364,0.666666666666667,0.601351351351351
121,"buffer","earned_by_hh_size > 44.3 & HH_size_n > 2.5 & percent_abawd > 0.125 & unc_rawben_rel_max <= 0.791","2-3","national","ranger","any_error",287,0.324,0.2636,59.87,0.0139,0.043,0.0139,2,1,93,"earned income 0.46; other element 0.17; shelter deduction 0.16","wrong amount, known item 0.35; wrong include/exclude decision 0.16; other 0.13; household composition 0.11; unreported source of income 0.09",0.443037974683544,0.580645161290323,0.645569620253165,0.572327044025157
122,"buffer","HH_size_n > 5.5 & percent_abawd > 0.202","4+","national","ranger","any_error",64,0.3906,0.2627,117.14,0.0469,0.08,0.0312,2,1,25,"earned income 0.47; other element 0.30","household composition 0.21; change in circumstances 0.19; wrong amount, known item 0.14; wrong include/exclude decision 0.14; unreported source of income 0.12",0.372093023255814,0.68,0.674418604651163,0.604651162790698
123,"buffer","percent_abawd <= 0.279 & rawben_rel_max <= 0.945 & unearned_by_hh_size > 25.1 & unearned_by_hh_size <= 72.9","4+","national","ranger","any_error",612,0.3039,0.2625,57.49,0,0,0,10,6,186,"earned income 0.38; unearned income 0.27; shelter deduction 0.14","wrong amount, known item 0.40; wrong include/exclude decision 0.23; unreported source of income 0.11; change in circumstances 0.07",0.371069182389937,0.623655913978495,0.628930817610063,0.570532915360502
124,"buffer","gross_by_hh_size > 132 & percent_abawd > 0.268 & total_deductions_by_hh_size <= 174","4+","national","ranger","any_error",131,0.3511,0.2618,101.27,0.0153,0.0435,0.0153,2,1,46,"earned income 0.43; other element 0.23; unearned income 0.18","wrong include/exclude decision 0.23; unreported source of income 0.17; wrong amount, known item 0.17; household composition 0.16; change in circumstances 0.13",0.350649350649351,0.695652173913043,0.558441558441558,0.519480519480519
125,"buffer","earned_by_hh_size >= 181 & months_since_cert_n >= 2 & unc_rawben_rel_max >= 1.09 & utilities < 471","2-3","national","xgboost","any_error",358,0.3156,0.2616,103.12,0,0,0,4,3,113,"earned income 0.70; shelter deduction 0.13","wrong amount, known item 0.28; wrong include/exclude decision 0.20; unreported source of income 0.20; change in circumstances 0.17",0.290123456790123,1,0.481481481481481,0.487654320987654
126,"buffer","elderly_disabled_i >= 1 & medical_deductions <= 908 & rawben_rel_max > 0.965 & unc_rawben_rel_max <= 1","2-3","national","ranger","any_error",269,0.3234,0.2611,66.25,0.0112,0.023,0.0074,1,1,87,"shelter deduction 0.49; unearned income 0.17; medical deduction 0.09","wrong include/exclude decision 0.47; wrong amount, known item 0.32",0.266666666666667,0.977011494252874,0.65,0.508333333333333
127,"buffer","earned_by_hh_size >= 172 & total_deductions_by_hh_size >= 744 & unc_rawben_rel_max >= 1.32","1","national","xgboost","any_error",493,0.3063,0.2603,67.99,0,0,0,2,1,151,"earned income 0.66; shelter deduction 0.13","unreported source of income 0.31; change in circumstances 0.21; wrong amount, known item 0.17; wrong include/exclude decision 0.16",0.25,0.986754966887417,0.390350877192982,0.305676855895196
128,"buffer","count_divisible_by_100 > 0.5 & gross_by_hh_size > 57.8 & HH_size_n > 4.5 & married >= 1","4+","national","ranger","any_error",267,0.3221,0.2597,68.36,0.0037,0,0,5,3,86,"earned income 0.42; unearned income 0.18; shelter deduction 0.18","wrong amount, known item 0.31; wrong include/exclude decision 0.25; unreported source of income 0.18; method or computation 0.08",0.415492957746479,0.627906976744186,0.669014084507042,0.576388888888889
129,"buffer","rawben_rel_max > 0.971 & unc_rawben_rel_max > 1.09 & unearned_by_hh_size > 269 & utilities <= 438","2-3","national","ranger","any_error",116,0.3534,0.2589,88.65,0,0,0,4,2,41,"unearned income 0.55; earned income 0.14; shelter deduction 0.11","wrong include/exclude decision 0.32; unreported source of income 0.28; wrong amount, known item 0.20",0.246153846153846,0.951219512195122,0.646153846153846,0.553846153846154
130,"buffer","shelter_expenses_by_hh_size >= 138 & total_deductions_by_hh_size < 120 & unearned_by_hh_size < 107","2-3","national","xgboost","any_error",159,0.3396,0.2588,49.52,0,0,0,5,5,54,"earned income 0.48; shelter deduction 0.22; utility allowance 0.09","wrong amount, known item 0.39; wrong include/exclude decision 0.27; method or computation 0.09",0.467532467532468,0.425925925925926,0.701298701298701,0.662337662337662
131,"buffer","earned_by_hh_size > 0.167 & months_since_cert_n > 5.5 & unearned_by_hh_size > 41.6 & unearned_by_hh_size <= 87.8","2-3","national","ranger","any_error",156,0.3397,0.2582,54.68,0,0,0,1,1,53,"earned income 0.39; unearned income 0.26; shelter deduction 0.13","wrong amount, known item 0.40; wrong include/exclude decision 0.14; other 0.14; unreported source of income 0.13",0.440860215053763,0.69811320754717,0.494623655913978,0.462365591397849
132,"buffer","married <= 0 & unearned_by_hh_size >= 479 & utilities < 302","4+","national","xgboost","any_error",44,0.4091,0.256,59.93,0,0,0,2,1,18,"unearned income 0.42; other element 0.21; utility allowance 0.15","wrong amount, known item 0.27; wrong include/exclude decision 0.27; household composition 0.15; other 0.12",0.454545454545455,0.444444444444444,0.575757575757576,0.575757575757576
