"threshold","n_rules","n_flagged","workload","precision","recall","dollar_recall","x","pool"
0.05,13272,30487,0.854983453923383,0.0937120739987536,0.954241816967268,0.93894289243724,0.93894289243724,"rpart"
0.1,11023,25615,0.718352122945763,0.107280890103455,0.917835671342685,0.904788371017384,0.904788371017384,"rpart"
0.15,7544,15775,0.442397218015593,0.140602218700475,0.740814963259853,0.74773162890648,0.74773162890648,"rpart"
0.2,2515,7187,0.201553648550115,0.181299568665646,0.435203740814963,0.473368647656825,0.473368647656825,"rpart"
0.25,531,2353,0.0659879970834034,0.22014449638759,0.173012692050768,0.19422624134669,0.19422624134669,"rpart"
0.3,103,577,0.0161815020472264,0.23050259965338,0.0444221776887108,0.0405899002049957,0.0405899002049957,"rpart"
0.35,13,162,0.00454316002019182,0.265432098765432,0.0143620574482298,0.013457003256709,0.013457003256709,"rpart"
0.4,1,64,0.00179482864995232,0.359375,0.00768203072812291,0.00695881243373806,0.00695881243373806,"rpart"
0.05,27195,35658,1,0.0839643277805822,1,1,1,"xgboost"
0.1,18319,28869,0.809607942116776,0.0992760400429527,0.957247828991316,0.958804820157715,0.958804820157715,"xgboost"
0.15,8148,17548,0.492119580458803,0.132550718030545,0.77688710754843,0.799050967210213,0.799050967210213,"xgboost"
0.2,1472,7728,0.216725559481743,0.177795031055901,0.458917835671343,0.497545572036842,0.497545572036842,"xgboost"
0.25,313,2596,0.0728027371136912,0.218412942989214,0.18937875751503,0.207361570833896,0.207361570833896,"xgboost"
0.3,60,771,0.0216220763923944,0.268482490272374,0.0691382765531062,0.0692950014941651,0.0692950014941651,"xgboost"
0.35,15,185,0.00518817656626844,0.27027027027027,0.0167000668002672,0.0155469310609334,0.0155469310609334,"xgboost"
0.4,5,84,0.00235571260306243,0.285714285714286,0.00801603206412826,0.00738897972313215,0.00738897972313215,"xgboost"
0.05,25477,35658,1,0.0839643277805822,1,1,1,"ranger"
0.1,18147,27030,0.758034662628302,0.104291527931927,0.941549766199065,0.942058750192719,0.942058750192719,"ranger"
0.15,10079,16711,0.468646587021145,0.136915803961463,0.764195056780227,0.781368426862996,0.781368426862996,"ranger"
0.2,2911,7884,0.221100454316002,0.175291730086251,0.461589846359385,0.500554839667515,0.500554839667515,"ranger"
0.25,996,2419,0.0678389141286668,0.218685407193055,0.176686706746827,0.200752983095948,0.200752983095948,"ranger"
0.3,418,958,0.0268663413539739,0.262004175365344,0.0838343353373413,0.0918045517790082,0.0918045517790082,"ranger"
0.35,166,462,0.0129564193168433,0.285714285714286,0.0440881763527054,0.0473164984382643,0.0473164984382643,"ranger"
0.4,92,240,0.00673060743732122,0.258333333333333,0.0207080828323313,0.0212437925527764,0.0212437925527764,"ranger"
0.45,45,92,0.00258006618430647,0.260869565217391,0.00801603206412826,0.00948461771261399,0.00948461771261399,"ranger"
0.5,26,38,0.00106567951090919,0.263157894736842,0.00334001336005344,0.00473564697350664,0.00473564697350664,"ranger"
0.55,11,25,0.000701104941387627,0.32,0.00267201068804275,0.0038543750487745,0.0038543750487745,"ranger"
0.6,8,19,0.000532839755454596,0.421052631578947,0.00267201068804275,0.0038543750487745,0.0038543750487745,"ranger"
0.65,3,10,0.000280441976555051,0.4,0.00133600534402138,0.00206137687793718,0.00206137687793718,"ranger"
0.05,49534,35658,1,0.0839643277805822,1,1,1,"xgboost + ranger"
0.1,34497,29480,0.82674294688429,0.0976594301221167,0.961589846359385,0.961835025134332,0.961835025134332,"xgboost + ranger"
0.15,17378,18339,0.514302540804308,0.130377883199738,0.798597194388778,0.817399695837465,0.817399695837465,"xgboost + ranger"
0.2,4278,9001,0.252425823097201,0.170647705810466,0.513026052104208,0.547760941190802,0.547760941190802,"xgboost + ranger"
0.25,1285,3393,0.0951539626451287,0.213380489242558,0.241816967267869,0.268437712347514,0.268437712347514,"xgboost + ranger"
0.3,473,1210,0.0339334791631611,0.249586776859504,0.100868403473614,0.106405495482292,0.106405495482292,"xgboost + ranger"
0.35,181,512,0.0143586291996186,0.287109375,0.0490981963927856,0.0517628293587272,0.0517628293587272,"xgboost + ranger"
0.4,97,269,0.00754388916933087,0.275092936802974,0.0247160988643955,0.0247517496959326,0.0247517496959326,"xgboost + ranger"
0.45,45,92,0.00258006618430647,0.260869565217391,0.00801603206412826,0.00948461771261399,0.00948461771261399,"xgboost + ranger"
0.5,26,38,0.00106567951090919,0.263157894736842,0.00334001336005344,0.00473564697350664,0.00473564697350664,"xgboost + ranger"
0.55,11,25,0.000701104941387627,0.32,0.00267201068804275,0.0038543750487745,0.0038543750487745,"xgboost + ranger"
0.6,8,19,0.000532839755454596,0.421052631578947,0.00267201068804275,0.0038543750487745,0.0038543750487745,"xgboost + ranger"
0.65,3,10,0.000280441976555051,0.4,0.00133600534402138,0.00206137687793718,0.00206137687793718,"xgboost + ranger"
0.05,37120,35658,1,0.0839643277805822,1,1,1,"rpart + ranger"
0.1,27823,27810,0.779909136799596,0.102121539014743,0.948563794255177,0.947553851805465,0.947553851805465,"rpart + ranger"
0.15,16740,17981,0.504262718043637,0.132695623157778,0.796927187708751,0.806367617920084,0.806367617920084,"rpart + ranger"
0.2,5246,8564,0.240170508721745,0.173283512377394,0.495657982631931,0.530677970295616,0.530677970295616,"rpart + ranger"
0.25,1488,3086,0.0865443939648887,0.211924821775761,0.218436873747495,0.245545579650422,0.245545579650422,"rpart + ranger"
0.3,512,1084,0.0303999102585675,0.244464944649446,0.0885103540414162,0.0948937620032853,0.0948937620032853,"rpart + ranger"
0.35,178,511,0.0143305850019631,0.275929549902153,0.0470941883767535,0.0487764024690841,0.0487764024690841,"rpart + ranger"
0.4,93,263,0.00737562398339783,0.254752851711027,0.022378089512358,0.0225419080013019,0.0225419080013019,"rpart + ranger"
0.45,45,92,0.00258006618430647,0.260869565217391,0.00801603206412826,0.00948461771261399,0.00948461771261399,"rpart + ranger"
0.5,26,38,0.00106567951090919,0.263157894736842,0.00334001336005344,0.00473564697350664,0.00473564697350664,"rpart + ranger"
0.55,11,25,0.000701104941387627,0.32,0.00267201068804275,0.0038543750487745,0.0038543750487745,"rpart + ranger"
0.6,8,19,0.000532839755454596,0.421052631578947,0.00267201068804275,0.0038543750487745,0.0038543750487745,"rpart + ranger"
0.65,3,10,0.000280441976555051,0.4,0.00133600534402138,0.00206137687793718,0.00206137687793718,"rpart + ranger"
