"state","error_frame","hh_size","rule_national","rule_tuned","tuned_is_national","qualified","train_n","train_errors","train_precision","train_dollars","test_n_tuned","test_precision_tuned","test_n_national","test_precision_national"
"Michigan","earned_income","2-3","cat_elig >   1.5 & elderly_disabled_i <=   0.5 & months_since_cert_n >   8.5 & shelter_expenses_by_hh_size > 849.0","cat_elig >   1.35 & elderly_disabled_i <=   0.45 & months_since_cert_n >   7.65 & shelter_expenses_by_hh_size > 764.10",FALSE,FALSE,1,0,0,0,0,NA,0,NA
"Michigan","earned_income","1","months_since_cert_n >    3.5 & percent_abawd >    0.5 & shelter_expenses_by_hh_size > 1260.0 & total_deductions_by_hh_size >  943.0","months_since_cert_n >    3.15 & percent_abawd >    0.45 & shelter_expenses_by_hh_size > 1134.00 & total_deductions_by_hh_size >  943.00",FALSE,FALSE,4,1,0.25,82,0,NA,0,NA
"Michigan","earned_income","1","cat_elig > 0.500 & elderly_disabled_i <= 0.500 & rawben_rel_max > 0.634 & unc_rawben_rel_max <= 0.641","cat_elig > 0.4500 & elderly_disabled_i <= 0.4500 & rawben_rel_max > 0.6340 & unc_rawben_rel_max <= 0.7051",FALSE,FALSE,2,1,0.5,82,1,0,1,0
"Michigan","earned_income","4+","HH_size_n <= 4.50 & unc_rawben_rel_max > 1.39","HH_size_n <= 4.050 & unc_rawben_rel_max > 1.251",FALSE,FALSE,8,2,0.25,842,4,0,0,NA
"Michigan","earned_income","4+","medical_deductions <= 134.00 & unc_rawben_rel_max >   1.39","medical_deductions <= 100.500 & unc_rawben_rel_max >   1.251",FALSE,FALSE,8,2,0.25,842,4,0,0,NA
"Michigan","earned_income","4+","total_deductions_by_hh_size > 134.00 & unc_rawben_rel_max >   1.39 & utilities <= 974.00","total_deductions_by_hh_size > 147.400 & unc_rawben_rel_max >   1.251 & utilities <= 730.500",FALSE,FALSE,6,2,0.333,842,4,0,0,NA
"Michigan","earned_income","1","months_since_cert_n >    4.50 & percent_abawd >    0.75 & shelter_expenses_by_hh_size >  948.00 & total_deductions_by_hh_size > 1010.00","months_since_cert_n >   4.050 & percent_abawd >   0.675 & shelter_expenses_by_hh_size > 853.200 & total_deductions_by_hh_size > 909.000",FALSE,FALSE,2,1,0.5,82,0,NA,0,NA
"Michigan","earned_income","2-3","children_i <=   0.500 & married >   0.500 & percent_abawd >   0.417 & total_deductions_by_hh_size > 487.000","children_i <=   0.500 & married >   0.500 & percent_abawd >   0.417 & total_deductions_by_hh_size > 487.000",TRUE,FALSE,2,1,0.5,383,0,NA,0,NA
"Michigan","earned_income","4+","expedited_i > 0.5 & HH_size_n > 6.5 & months_since_cert_n > 5.5","expedited_i > 0.375 & HH_size_n > 5.850 & months_since_cert_n > 6.050",FALSE,FALSE,3,1,0.333,167,0,NA,0,NA
"Michigan","earned_income","4+","unc_rawben_rel_max > 1.39","unc_rawben_rel_max > 1.251",FALSE,FALSE,8,2,0.25,842,4,0,0,NA
"Michigan","earned_income","1","medical_deductions <= 100.00 & months_since_cert_n >   5.50 & unc_rawben_rel_max >   1.82 & utilities <= 308.00","medical_deductions <=  90.000 & months_since_cert_n >   4.950 & unc_rawben_rel_max >   1.638 & utilities <= 277.200",FALSE,FALSE,2,0,0,0,1,0,0,NA
"Michigan","earned_income","4+","percent_abawd >   0.0833 & shelter_expenses_by_hh_size > 272.0000 & utilities > 851.0000","percent_abawd >   0.06248 & shelter_expenses_by_hh_size > 204.00000 & utilities > 638.20000",FALSE,FALSE,3,0,0,0,0,NA,0,NA
"Michigan","earned_income","4+","rawben_rel_max >   0.837 & unc_rawben_rel_max <=   0.902 & utilities > 851.000","rawben_rel_max >   0.6278 & unc_rawben_rel_max <=   1.1280 & utilities > 638.2000",FALSE,TRUE,24,5,0.208,1552,0,NA,0,NA
"Michigan","earned_income","1","months_since_cert_n >   5.50 & unc_rawben_rel_max >   1.82 & utilities <= 308.00","months_since_cert_n >   4.125 & unc_rawben_rel_max >   1.365 & utilities <= 231.000",FALSE,FALSE,4,0,0,0,3,0,0,NA
"Michigan","earned_income","1","months_since_cert_n >   3.5 & percent_abawd >   0.5 & total_deductions_by_hh_size > 949.0","months_since_cert_n >    2.625 & percent_abawd >    0.375 & total_deductions_by_hh_size > 1044.000",FALSE,FALSE,1,1,1,82,1,0,1,0
"Michigan","earned_income","4+","cat_elig <=   1.5 & expedited_i <=   0.5 & shelter_expenses_by_hh_size <= 104.0 & utilities > 532.0","cat_elig <=   1.35 & expedited_i <=   0.45 & shelter_expenses_by_hh_size <=  93.60 & utilities > 585.20",FALSE,FALSE,1,1,1,787,1,0,1,0
"Michigan","earned_income","1","rawben_rel_max >    0.801 & shelter_expenses_by_hh_size > 2000.000 & total_deductions_by_hh_size <=  712.000 & unc_rawben_rel_max <=    1.630","rawben_rel_max >    0.7209 & shelter_expenses_by_hh_size > 1800.0000 & total_deductions_by_hh_size <=  712.0000 & unc_rawben_rel_max <=    1.7930",FALSE,FALSE,1,0,0,0,0,NA,0,NA
"Michigan","earned_income","2-3","months_since_cert_n >   3.5 & shelter_expenses_by_hh_size <= 295.0 & total_deductions_by_hh_size > 442.0","months_since_cert_n >   2.625 & shelter_expenses_by_hh_size <= 221.200 & total_deductions_by_hh_size > 331.500",FALSE,FALSE,1,0,0,0,0,NA,0,NA
"Michigan","earned_income","2-3","rawben_rel_max <=    0.967 & shelter_expenses_by_hh_size > 1340.000 & utilities >  606.000","rawben_rel_max <=    1.064 & shelter_expenses_by_hh_size > 1005.000 & utilities >  454.500",FALSE,FALSE,1,0,0,0,3,0,0,NA
"Michigan","earned_income","2-3","rawben_rel_max <=    0.967 & shelter_expenses_by_hh_size > 1350.000","rawben_rel_max <=    1.064 & shelter_expenses_by_hh_size > 1012.000",FALSE,FALSE,1,0,0,0,3,0,0,NA
"Michigan","earned_income","4+","HH_size_n <= 4.500 & percent_abawd <= 0.775 & unc_rawben_rel_max > 1.380","HH_size_n <= 4.0500 & percent_abawd <= 0.5812 & unc_rawben_rel_max > 1.2420",FALSE,FALSE,8,2,0.25,842,5,0,0,NA
"Michigan","earned_income","2-3","elderly_disabled_i <=   0.500 & months_since_cert_n >   9.500 & percent_abawd <=   0.167 & total_deductions_by_hh_size > 442.000","elderly_disabled_i <=   0.4500 & months_since_cert_n >   8.5500 & percent_abawd <=   0.1503 & total_deductions_by_hh_size > 486.2000",FALSE,FALSE,1,1,1,108,1,0,0,NA
"Michigan","earned_income","4+","rawben_rel_max >   0.972 & shelter_expenses_by_hh_size > 463.000 & unc_rawben_rel_max >   1.200 & utilities > 508.000","rawben_rel_max >   0.972 & shelter_expenses_by_hh_size > 463.000 & unc_rawben_rel_max >   1.200 & utilities > 508.000",TRUE,FALSE,1,1,1,252,2,0,2,0
"Michigan","earned_income","1","rawben_rel_max <=    0.643 & shelter_expenses_by_hh_size > 1410.000 & total_deductions_by_hh_size >  847.000 & unc_rawben_rel_max <=   -0.462","rawben_rel_max <=    0.5787 & shelter_expenses_by_hh_size > 1269.0000 & total_deductions_by_hh_size >  762.3000 & unc_rawben_rel_max <=   -0.4158",FALSE,FALSE,2,0,0,0,3,0,0,NA
"Michigan","earned_income","4+","HH_size_n >   5.5 & shelter_expenses_by_hh_size <= 246.0 & total_deductions_by_hh_size > 190.0","HH_size_n >   5.5 & shelter_expenses_by_hh_size <= 221.4 & total_deductions_by_hh_size > 142.5",FALSE,FALSE,3,1,0.333,247,2,0,1,0
"Michigan","earned_income","2-3","elderly_disabled_i <=   0.500 & rawben_rel_max >   0.938 & shelter_expenses_by_hh_size > 639.000 & unc_rawben_rel_max <=   0.970","elderly_disabled_i <=   0.500 & rawben_rel_max >   0.938 & shelter_expenses_by_hh_size > 639.000 & unc_rawben_rel_max <=   0.970",TRUE,FALSE,1,1,1,171,1,0,1,0
"Michigan","earned_income","2-3","shelter_expenses_by_hh_size >= 942 & total_deductions_by_hh_size >= 446 & total_deductions_by_hh_size < 530 & utilities >= 723","shelter_expenses_by_hh_size >= 847.8 & total_deductions_by_hh_size >= 401.4 & total_deductions_by_hh_size < 477.0 & utilities >= 650.7",FALSE,FALSE,1,0,0,0,0,NA,0,NA
"Michigan","earned_income","4+","HH_size_n >   4.5 & months_since_cert_n >   5.5 & utilities > 902.0","HH_size_n >   5.625 & months_since_cert_n >   4.125 & utilities > 676.500",FALSE,FALSE,5,2,0.4,1226,0,NA,0,NA
"Michigan","earned_income","1","months_since_cert_n >   3.5 & percent_abawd >   0.5 & total_deductions_by_hh_size > 949.0 & unc_rawben_rel_max <=   2.5","months_since_cert_n >   3.5 & percent_abawd >   0.5 & total_deductions_by_hh_size > 949.0 & unc_rawben_rel_max <=   2.5",TRUE,FALSE,3,1,0.333,82,1,0,1,0
"Michigan","earned_income","2-3","elderly_disabled_i <=   0.5 & shelter_expenses_by_hh_size > 703.0 & total_deductions_by_hh_size > 331.0 & utilities <= 366.0","elderly_disabled_i <=   0.5 & shelter_expenses_by_hh_size > 703.0 & total_deductions_by_hh_size > 331.0 & utilities <= 366.0",TRUE,FALSE,1,1,1,165,0,NA,0,NA
"Michigan","earned_income","4+","months_since_cert_n >   6.500 & rawben_rel_max <=   0.952 & utilities > 902.000","months_since_cert_n >   8.1250 & rawben_rel_max <=   0.8568 & utilities > 676.5000",FALSE,FALSE,7,1,0.143,412,0,NA,0,NA
"Michigan","earned_income","1","elderly_disabled_i <=   0.500 & months_since_cert_n >   8.500 & rawben_rel_max <=   0.976 & total_deductions_by_hh_size > 671.000","elderly_disabled_i <=   0.4500 & months_since_cert_n >   9.3500 & rawben_rel_max <=   0.8784 & total_deductions_by_hh_size > 603.9000",FALSE,FALSE,2,2,1,299,0,NA,0,NA
"Michigan","earned_income","4+","rawben_rel_max >=   0.784 & rawben_rel_max <   0.944 & shelter_expenses_by_hh_size >= 325.000 & shelter_expenses_by_hh_size < 370.000","rawben_rel_max >=   0.784 & rawben_rel_max <   1.038 & shelter_expenses_by_hh_size >= 325.000 & shelter_expenses_by_hh_size < 333.000",FALSE,FALSE,1,1,1,590,2,0,2,0.5
"Michigan","unearned_income","1","expedited_i <=   0.50 & unc_rawben_rel_max >   1.93 & unc_rawben_rel_max <=   2.17 & utilities <= 364.00","expedited_i <=   0.450 & unc_rawben_rel_max >   1.737 & unc_rawben_rel_max <=   1.953 & utilities <= 327.600",FALSE,FALSE,2,0,0,0,0,NA,3,0.667
"Michigan","unearned_income","1","children_i <=   0.50 & months_since_cert_n >   6.50 & unc_rawben_rel_max >   1.93 & utilities <= 312.00","children_i <=   0.450 & months_since_cert_n >   5.850 & unc_rawben_rel_max >   1.737 & utilities <= 280.800",FALSE,FALSE,1,0,0,0,0,NA,0,NA
"Michigan","unearned_income","1","total_deductions_by_hh_size <= 1590.00 & unc_rawben_rel_max >    2.67 & utilities >  598.00","total_deductions_by_hh_size <= 1590.00 & unc_rawben_rel_max >    2.67 & utilities >  598.00",TRUE,FALSE,1,1,1,234,0,NA,0,NA
"Michigan","unearned_income","1","count_divisible_by_100 <=   0.50 & medical_deductions > 132.00 & unc_rawben_rel_max >   2.98","count_divisible_by_100 <=   0.50 & medical_deductions > 132.00 & unc_rawben_rel_max >   2.98",TRUE,FALSE,1,1,1,230,0,NA,0,NA
"Michigan","unearned_income","1","medical_deductions >  112.0 & total_deductions_by_hh_size > 1780.0 & unc_rawben_rel_max >    2.9","medical_deductions >  112.0 & total_deductions_by_hh_size > 1780.0 & unc_rawben_rel_max >    2.9",TRUE,FALSE,1,1,1,230,1,0,1,0
"Michigan","unearned_income","1","months_since_cert_n >   6.50 & unc_rawben_rel_max >   1.95 & utilities <= 302.00","months_since_cert_n >   4.875 & unc_rawben_rel_max >   1.462 & utilities <= 226.500",FALSE,FALSE,3,0,0,0,2,0,0,NA
"Michigan","unearned_income","1","cat_elig >   0.500 & medical_deductions > 134.000 & rawben_rel_max >   0.826 & unc_rawben_rel_max >   2.750","cat_elig >   0.500 & medical_deductions > 134.000 & rawben_rel_max >   0.826 & unc_rawben_rel_max >   2.750",TRUE,FALSE,1,1,1,230,1,0,1,0
"Michigan","unearned_income","2-3","shelter_expenses_by_hh_size <= 1100.00 & unc_rawben_rel_max >    1.78 & utilities >  628.00","shelter_expenses_by_hh_size <= 825.000 & unc_rawben_rel_max >   1.335 & utilities > 471.000",FALSE,FALSE,46,5,0.109,1094,18,0.056,0,NA
"Michigan","unearned_income","1","count_divisible_by_100 <=   0.50 & shelter_expenses_by_hh_size <= 642.00 & total_deductions_by_hh_size <= 758.00 & unc_rawben_rel_max >   1.93","count_divisible_by_100 <=   0.450 & shelter_expenses_by_hh_size <= 577.800 & total_deductions_by_hh_size <= 682.200 & unc_rawben_rel_max >   1.737",FALSE,FALSE,14,2,0.143,460,0,NA,0,NA
"Michigan","unearned_income","1","medical_deductions > 130.00 & unc_rawben_rel_max >   2.75","medical_deductions > 130.00 & unc_rawben_rel_max >   2.75",TRUE,FALSE,1,1,1,230,1,0,1,0
"Michigan","unearned_income","1","medical_deductions > 9.5 & unc_rawben_rel_max > 3.0","medical_deductions > 9.5 & unc_rawben_rel_max > 3.0",TRUE,FALSE,1,1,1,230,1,0,1,0
"Michigan","unearned_income","1","shelter_expenses_by_hh_size <= 785.00 & unc_rawben_rel_max >   1.95 & unc_rawben_rel_max <=   1.98","shelter_expenses_by_hh_size <= 981.200 & unc_rawben_rel_max >   2.145 & unc_rawben_rel_max <=   2.475",FALSE,FALSE,2,2,1,325,2,0,1,0
"Michigan","unearned_income","1","expedited_i <=   0.50 & months_since_cert_n >   2.50 & unc_rawben_rel_max >   1.93 & utilities <= 364.00","expedited_i <=   0.450 & months_since_cert_n >   2.250 & unc_rawben_rel_max >   1.737 & utilities <= 327.600",FALSE,FALSE,2,0,0,0,2,0.5,2,0.5
"Michigan","unearned_income","1","total_deductions_by_hh_size <= 780.00 & unc_rawben_rel_max >   1.96 & unc_rawben_rel_max <=   1.98","total_deductions_by_hh_size <= 975.000 & unc_rawben_rel_max >   2.156 & unc_rawben_rel_max <=   2.475",FALSE,FALSE,2,2,1,325,1,0,1,0
"Michigan","unearned_income","2-3","expedited_i <=   0.5 & shelter_expenses_by_hh_size <= 668.0 & unc_rawben_rel_max >   1.8","expedited_i <=   0.375 & shelter_expenses_by_hh_size <= 734.800 & unc_rawben_rel_max >   1.350",FALSE,FALSE,23,2,0.087,325,14,0,0,NA
"Michigan","unearned_income","2-3","percent_abawd <=   0.25 & unc_rawben_rel_max >   1.77 & utilities > 590.00","percent_abawd <=   0.1875 & unc_rawben_rel_max >   1.3280 & utilities > 442.5000",FALSE,FALSE,45,5,0.111,1094,22,0.136,1,1
"Michigan","unearned_income","2-3","children_i <= 0.500 & expedited_i <= 0.500 & percent_abawd <= 0.167 & unc_rawben_rel_max > 1.770","children_i <= 0.4500 & expedited_i <= 0.4500 & percent_abawd <= 0.1503 & unc_rawben_rel_max > 1.5930",FALSE,FALSE,1,0,0,0,1,1,1,1
"Michigan","unearned_income","1","elderly_disabled_i >   0.50 & percent_abawd <=   0.75 & unc_rawben_rel_max >   1.46 & utilities <= 290.00","elderly_disabled_i >   0.450 & percent_abawd <=   0.675 & unc_rawben_rel_max >   1.314 & utilities <= 261.000",FALSE,FALSE,1,0,0,0,2,1,2,1
"Michigan","unearned_income","1","shelter_expenses_by_hh_size <= 2190.00 & unc_rawben_rel_max >    1.93 & unc_rawben_rel_max <=    2.26 & utilities <=  301.00","shelter_expenses_by_hh_size <= 1971.000 & unc_rawben_rel_max >    1.737 & unc_rawben_rel_max <=    2.034 & utilities <=  270.900",FALSE,FALSE,2,0,0,0,1,1,3,0.667
"Michigan","unearned_income","1","medical_deductions > 130.00 & percent_abawd <=   0.25 & unc_rawben_rel_max >   2.58 & utilities >  12.50","medical_deductions > 130.00 & percent_abawd <=   0.25 & unc_rawben_rel_max >   2.58 & utilities >  12.50",TRUE,FALSE,1,1,1,230,1,0,1,0
"Michigan","unearned_income","1","medical_deductions > 15.50 & percent_abawd <=  0.50 & unc_rawben_rel_max >  2.75","medical_deductions > 15.50 & percent_abawd <=  0.50 & unc_rawben_rel_max >  2.75",TRUE,FALSE,1,1,1,230,1,0,1,0
"Michigan","unearned_income","2-3","elderly_disabled_i > 0.50 & HH_size_n > 2.50 & unc_rawben_rel_max > 1.52","elderly_disabled_i > 0.375 & HH_size_n > 2.250 & unc_rawben_rel_max > 1.140",FALSE,FALSE,1,1,1,576,1,0,1,0
"Michigan","unearned_income","2-3","unc_rawben_rel_max >   2.00 & unc_rawben_rel_max <=   2.54 & utilities > 462.00","unc_rawben_rel_max >   1.500 & unc_rawben_rel_max <=   1.905 & utilities > 346.500",FALSE,FALSE,11,2,0.182,259,3,0.333,0,NA
"Michigan","unearned_income","1","cat_elig <=   1.50 & count_divisible_by_100 <=   0.50 & unc_rawben_rel_max >   1.93 & utilities <= 288.00","cat_elig <=   1.350 & count_divisible_by_100 <=   0.450 & unc_rawben_rel_max >   1.737 & utilities <= 259.200",FALSE,FALSE,2,0,0,0,4,0.5,4,0.5
"Michigan","unearned_income","1","shelter_expenses_by_hh_size <= 642.00 & unc_rawben_rel_max >   1.93 & unc_rawben_rel_max <=   1.98","shelter_expenses_by_hh_size <= 577.800 & unc_rawben_rel_max >   1.737 & unc_rawben_rel_max <=   1.980",FALSE,FALSE,14,2,0.143,460,0,NA,0,NA
"Michigan","unearned_income","2-3","total_deductions_by_hh_size >  881.00 & total_deductions_by_hh_size <= 1390.00 & unc_rawben_rel_max >    1.75","total_deductions_by_hh_size >  660.800 & total_deductions_by_hh_size <= 1042.000 & unc_rawben_rel_max >    1.312",FALSE,FALSE,1,0,0,0,2,0.5,1,1
"Michigan","unearned_income","1","expedited_i <=   0.50 & months_since_cert_n >   6.50 & unc_rawben_rel_max >   1.97 & utilities <= 606.00","expedited_i <=   0.450 & months_since_cert_n >   5.850 & unc_rawben_rel_max >   2.167 & utilities <= 606.000",FALSE,FALSE,3,2,0.667,330,0,NA,0,NA
"Michigan","unearned_income","1","shelter_expenses_by_hh_size <= 1170.00 & unc_rawben_rel_max >    1.93 & unc_rawben_rel_max <=    2.98 & utilities <=  286.00","shelter_expenses_by_hh_size <= 1053.000 & unc_rawben_rel_max >    1.737 & unc_rawben_rel_max <=    2.682 & utilities <=  257.400",FALSE,FALSE,2,0,0,0,4,0.5,4,0.5
"Michigan","unearned_income","2-3","elderly_disabled_i > 0.500 & expedited_i <= 0.500 & percent_abawd <= 0.167 & unc_rawben_rel_max > 1.760","elderly_disabled_i > 0.4500 & expedited_i <= 0.4500 & percent_abawd <= 0.1503 & unc_rawben_rel_max > 1.5840",FALSE,FALSE,1,0,0,0,1,1,1,1
"Michigan","unearned_income","2-3","children_i <= 0.50 & count_divisible_by_100 <= 0.50 & months_since_cert_n > 6.50 & unc_rawben_rel_max > 1.74","children_i <= 0.50 & count_divisible_by_100 <= 0.50 & months_since_cert_n > 6.50 & unc_rawben_rel_max > 1.74",TRUE,FALSE,1,0,0,0,1,1,1,1
"Michigan","unearned_income","2-3","married >   0.50 & unc_rawben_rel_max >   1.76 & utilities > 590.00","married >   0.375 & unc_rawben_rel_max >   1.320 & utilities > 442.500",FALSE,FALSE,3,1,0.333,91,5,0.2,1,1
"Michigan","unearned_income","2-3","unc_rawben_rel_max >   1.98 & unc_rawben_rel_max <=   2.30 & utilities > 462.00","unc_rawben_rel_max >   1.485 & unc_rawben_rel_max <=   1.725 & utilities > 346.500",FALSE,FALSE,20,3,0.15,730,2,0,0,NA
"Michigan","unearned_income","2-3","unc_rawben_rel_max >   1.98 & utilities > 590.00","unc_rawben_rel_max >   1.485 & utilities > 442.500",FALSE,FALSE,21,3,0.143,730,3,0.333,0,NA
"Michigan","unearned_income","1","homeless <=   0.50 & unc_rawben_rel_max >   1.93 & unc_rawben_rel_max <=   2.96 & utilities <= 302.00","homeless <=   0.450 & unc_rawben_rel_max >   1.737 & unc_rawben_rel_max <=   2.664 & utilities <= 271.800",FALSE,FALSE,2,0,0,0,4,0.5,4,0.5
"Michigan","unearned_income","1","months_since_cert_n >   6.50 & percent_abawd <=   0.50 & unc_rawben_rel_max >   1.95 & utilities <= 606.00","months_since_cert_n >   5.850 & percent_abawd <=   0.450 & unc_rawben_rel_max >   2.145 & utilities <= 606.000",FALSE,FALSE,3,2,0.667,330,0,NA,0,NA
"Michigan","unearned_income","1","months_since_cert_n >    7.50 & shelter_expenses_by_hh_size <= 1330.00 & unc_rawben_rel_max >    1.93 & utilities <=  678.00","months_since_cert_n >    6.750 & shelter_expenses_by_hh_size <= 1197.000 & unc_rawben_rel_max >    2.123 & utilities <=  610.200",FALSE,FALSE,3,2,0.667,330,0,NA,5,0
"Michigan","unearned_income","1","married <=   0.50 & unc_rawben_rel_max >   1.93 & utilities >  14.50 & utilities <= 302.00","married <=   0.450 & unc_rawben_rel_max >   1.737 & utilities >  13.050 & utilities <= 271.800",FALSE,FALSE,2,0,0,0,0,NA,0,NA
"Michigan","unearned_income","1","count_divisible_by_100 <   1.00 & months_since_cert_n >=  13.00 & unc_rawben_rel_max >=   2.45 & utilities >= 676.00","count_divisible_by_100 <   1.00 & months_since_cert_n >=  13.00 & unc_rawben_rel_max >=   2.45 & utilities >= 676.00",TRUE,FALSE,1,1,1,234,0,NA,0,NA
"Michigan","unearned_income","1","medical_deductions > 130.00 & unc_rawben_rel_max >   2.58","medical_deductions > 130.00 & unc_rawben_rel_max >   2.58",TRUE,FALSE,1,1,1,230,1,0,1,0
"Michigan","unearned_income","1","shelter_expenses_by_hh_size <= 642.00 & total_deductions_by_hh_size <= 758.00 & unc_rawben_rel_max >   1.93","shelter_expenses_by_hh_size <= 577.800 & total_deductions_by_hh_size <= 568.500 & unc_rawben_rel_max >   1.737",FALSE,FALSE,13,2,0.154,460,0,NA,0,NA
"Michigan","unearned_income","2-3","count_divisible_by_100 <=   1.00 & unc_rawben_rel_max >   2.02 & utilities > 472.00","count_divisible_by_100 <=   0.750 & unc_rawben_rel_max >   1.515 & utilities > 354.000",FALSE,FALSE,4,0,0,0,2,0.5,0,NA
"Michigan","unearned_income","2-3","months_since_cert_n > 5.5 & unc_rawben_rel_max > 1.8","months_since_cert_n > 5.50 & unc_rawben_rel_max > 1.35",FALSE,FALSE,19,1,0.053,91,5,0.2,1,1
"Michigan","unearned_income","2-3","cat_elig > 0.50 & expedited_i <= 0.50 & months_since_cert_n > 2.00 & unc_rawben_rel_max > 1.77","cat_elig > 0.50 & expedited_i <= 0.50 & months_since_cert_n > 2.00 & unc_rawben_rel_max > 1.77",TRUE,FALSE,1,0,0,0,1,1,1,1
"Michigan","unearned_income","1","count_divisible_by_100 <=   0.50 & months_since_cert_n >   6.50 & unc_rawben_rel_max >   1.93 & utilities <= 664.00","count_divisible_by_100 <=   0.450 & months_since_cert_n >   5.850 & unc_rawben_rel_max >   1.737 & utilities <= 730.400",FALSE,TRUE,39,8,0.205,1480,19,0.158,4,0
"Michigan","unearned_income","1","expedited_i <=   0.50 & total_deductions_by_hh_size <= 639.00 & unc_rawben_rel_max >   1.93 & unc_rawben_rel_max <=   3.19","expedited_i <=   0.450 & total_deductions_by_hh_size <= 575.100 & unc_rawben_rel_max >   1.737 & unc_rawben_rel_max <=   2.871",FALSE,FALSE,8,2,0.25,460,0,NA,0,NA
"Michigan","unearned_income","1","medical_deductions >  132.0 & medical_deductions <=  174.0 & months_since_cert_n >    4.5 & total_deductions_by_hh_size > 1780.0","medical_deductions >  132.0 & medical_deductions <=  174.0 & months_since_cert_n >    4.5 & total_deductions_by_hh_size > 1780.0",TRUE,FALSE,1,1,1,230,0,NA,0,NA
"Michigan","unearned_income","2-3","children_i <=    0.50 & total_deductions_by_hh_size <= 1000.00 & unc_rawben_rel_max >    1.74 & utilities >  590.00","children_i <=    0.50 & total_deductions_by_hh_size <= 1000.00 & unc_rawben_rel_max >    1.74 & utilities >  590.00",TRUE,FALSE,1,0,0,0,1,1,1,1
"Michigan","underissuance","1","unc_rawben_rel_max > -0.00915 & unc_rawben_rel_max <= -0.00172 & utilities <=  3.00000","unc_rawben_rel_max > -0.00915 & unc_rawben_rel_max <= -0.00172 & utilities <=  3.00000",TRUE,FALSE,2,1,0.5,139,0,NA,0,NA
"Michigan","underissuance","1","total_deductions_by_hh_size > 62.20000 & unc_rawben_rel_max > -0.00544 & unc_rawben_rel_max <= -0.00172","total_deductions_by_hh_size > 62.20000 & unc_rawben_rel_max > -0.00544 & unc_rawben_rel_max <= -0.00172",TRUE,FALSE,3,2,0.667,369,3,0.667,3,0.667
"Michigan","underissuance","1","months_since_cert_n <= 29.50000 & rawben_rel_max <=  0.80200 & unc_rawben_rel_max > -0.00744 & unc_rawben_rel_max <= -0.00172","months_since_cert_n <= 26.550000 & rawben_rel_max <=  0.721800 & unc_rawben_rel_max > -0.006696 & unc_rawben_rel_max <= -0.001548",FALSE,FALSE,3,2,0.667,369,3,0.667,4,0.75
"Michigan","underissuance","1","percent_abawd >  0.75000 & rawben_rel_max <=  0.80200 & unc_rawben_rel_max > -0.00544 & unc_rawben_rel_max <=  0.00228","percent_abawd >  0.75000 & rawben_rel_max <=  0.80200 & unc_rawben_rel_max > -0.00544 & unc_rawben_rel_max <=  0.00228",TRUE,FALSE,2,1,0.5,230,0,NA,0,NA
"Michigan","underissuance","1","shelter_expenses_by_hh_size <=  7.50000 & unc_rawben_rel_max > -0.00915 & unc_rawben_rel_max <= -0.00172","shelter_expenses_by_hh_size <=  7.50000 & unc_rawben_rel_max > -0.00915 & unc_rawben_rel_max <= -0.00172",TRUE,FALSE,1,1,1,139,0,NA,0,NA
"Michigan","other_error","2-3","medical_deductions <= 747.000 & rawben_rel_max <=   0.996 & total_deductions_by_hh_size > 466.000 & unc_rawben_rel_max >   0.993","medical_deductions <= 672.3000 & rawben_rel_max <=   0.9960 & total_deductions_by_hh_size > 419.4000 & unc_rawben_rel_max >   0.8937",FALSE,FALSE,6,0,0,0,4,0,0,NA
"Michigan","other_error","2-3","months_since_cert_n <=  36.500 & rawben_rel_max >   0.993 & rawben_rel_max <=   0.996 & total_deductions_by_hh_size > 468.000","months_since_cert_n <=  32.8500 & rawben_rel_max >   0.8937 & rawben_rel_max <=   0.9960 & total_deductions_by_hh_size > 421.2000",FALSE,FALSE,6,0,0,0,4,0,0,NA
"Michigan","other_error","2-3","children_i <=   0.500 & rawben_rel_max >   0.994 & rawben_rel_max <=   0.996 & total_deductions_by_hh_size > 466.000","children_i <=   0.4500 & rawben_rel_max >   0.8946 & rawben_rel_max <=   0.9960 & total_deductions_by_hh_size > 419.4000",FALSE,FALSE,5,0,0,0,3,0,0,NA
"Michigan","other_error","2-3","rawben_rel_max >   0.993 & rawben_rel_max <=   0.995 & total_deductions_by_hh_size > 524.000","rawben_rel_max >   0.7448 & rawben_rel_max <=   0.8955 & total_deductions_by_hh_size > 393.0000",FALSE,FALSE,5,1,0.2,103,1,0,0,NA
"Michigan","other_error","2-3","children_i <=   0.500 & rawben_rel_max >   0.993 & rawben_rel_max <=   0.998 & shelter_expenses_by_hh_size > 559.000","children_i <=   0.450 & rawben_rel_max >   0.993 & rawben_rel_max <=   0.998 & shelter_expenses_by_hh_size > 503.100",FALSE,FALSE,1,1,1,100,0,NA,0,NA
"Michigan","other_error","2-3","elderly_disabled_i >   0.500 & rawben_rel_max >   0.993 & rawben_rel_max <=   0.998 & total_deductions_by_hh_size > 456.000","elderly_disabled_i >   0.4500 & rawben_rel_max >   0.8937 & rawben_rel_max <=   0.9980 & total_deductions_by_hh_size > 410.4000",FALSE,FALSE,6,0,0,0,2,0,0,NA
"Michigan","other_error","2-3","elderly_disabled_i >   0.500 & rawben_rel_max >   0.993 & rawben_rel_max <=   0.998 & shelter_expenses_by_hh_size > 559.000","elderly_disabled_i >   0.450 & rawben_rel_max >   0.993 & rawben_rel_max <=   0.998 & shelter_expenses_by_hh_size > 503.100",FALSE,FALSE,1,1,1,100,0,NA,0,NA
"Michigan","other_error","2-3","expedited_i <=   0.500 & shelter_expenses_by_hh_size > 547.000 & unc_rawben_rel_max >   0.994 & unc_rawben_rel_max <=   0.996","expedited_i <=   0.4500 & shelter_expenses_by_hh_size > 492.3000 & unc_rawben_rel_max >   0.8946 & unc_rawben_rel_max <=   0.9960",FALSE,FALSE,8,2,0.25,271,3,0,0,NA
"Michigan","other_error","2-3","children_i <=   0.500 & shelter_expenses_by_hh_size > 499.000 & unc_rawben_rel_max >   0.992 & unc_rawben_rel_max <=   0.997","children_i <=   0.500 & shelter_expenses_by_hh_size > 499.000 & unc_rawben_rel_max >   0.992 & unc_rawben_rel_max <=   0.997",TRUE,FALSE,1,1,1,100,0,NA,0,NA
"Michigan","other_error","2-3","expedited_i <=   0.500 & rawben_rel_max <=   0.995 & total_deductions_by_hh_size > 533.000 & unc_rawben_rel_max >   0.979","expedited_i <=   0.4500 & rawben_rel_max <=   0.9950 & total_deductions_by_hh_size > 479.7000 & unc_rawben_rel_max >   0.8811",FALSE,FALSE,3,0,0,0,1,0,0,NA
"Michigan","other_error","2-3","homeless <=   0.500 & rawben_rel_max <=   0.995 & total_deductions_by_hh_size > 524.000 & unc_rawben_rel_max >   0.979","homeless <=   0.4500 & rawben_rel_max <=   0.9950 & total_deductions_by_hh_size > 471.6000 & unc_rawben_rel_max >   0.8811",FALSE,FALSE,4,0,0,0,2,0,0,NA
"Michigan","other_error","2-3","rawben_rel_max >   0.993 & shelter_expenses_by_hh_size > 547.000 & unc_rawben_rel_max <=   0.996 & utilities > 682.000","rawben_rel_max >   0.8937 & shelter_expenses_by_hh_size > 547.0000 & unc_rawben_rel_max <=   0.9960 & utilities > 613.8000",FALSE,FALSE,5,1,0.2,171,4,0,0,NA
"Michigan","other_error","2-3","shelter_expenses_by_hh_size > 547.000 & unc_rawben_rel_max >   0.994 & unc_rawben_rel_max <=   0.996","shelter_expenses_by_hh_size > 492.3000 & unc_rawben_rel_max >   0.7455 & unc_rawben_rel_max <=   1.0960",FALSE,TRUE,21,5,0.238,918,12,0,0,NA
"Michigan","other_error","2-3","elderly_disabled_i >   0.500 & rawben_rel_max >   0.993 & shelter_expenses_by_hh_size > 502.000 & unc_rawben_rel_max <=   0.996","elderly_disabled_i >   0.500 & rawben_rel_max >   0.993 & shelter_expenses_by_hh_size > 502.000 & unc_rawben_rel_max <=   0.996",TRUE,FALSE,1,1,1,100,0,NA,0,NA
"Michigan","other_error","2-3","rawben_rel_max >   0.993 & rawben_rel_max <=   0.998 & total_deductions_by_hh_size > 466.000","rawben_rel_max >   0.7448 & rawben_rel_max <=   0.8982 & total_deductions_by_hh_size > 349.5000",FALSE,FALSE,6,2,0.333,490,3,0,0,NA
"Michigan","other_error","2-3","rawben_rel_max <=   0.995 & total_deductions_by_hh_size > 345.000 & unc_rawben_rel_max >   0.993","rawben_rel_max <=   0.995 & total_deductions_by_hh_size > 258.800 & unc_rawben_rel_max >   0.993",FALSE,FALSE,1,1,1,100,0,NA,0,NA
"Michigan","other_error","2-3","rawben_rel_max >   0.978 & total_deductions_by_hh_size > 644.000 & unc_rawben_rel_max <=   0.998","rawben_rel_max >   0.7335 & total_deductions_by_hh_size > 483.0000 & unc_rawben_rel_max <=   0.7485",FALSE,FALSE,1,0,0,0,0,NA,0,NA
"Michigan","other_error","2-3","elderly_disabled_i >   0.500 & shelter_expenses_by_hh_size > 543.000 & unc_rawben_rel_max >   0.993 & unc_rawben_rel_max <=   0.998","elderly_disabled_i >   0.450 & shelter_expenses_by_hh_size > 488.700 & unc_rawben_rel_max >   0.993 & unc_rawben_rel_max <=   0.998",FALSE,FALSE,1,1,1,100,0,NA,0,NA
"Michigan","other_error","2-3","cat_elig >   0.500 & total_deductions_by_hh_size > 475.000 & unc_rawben_rel_max >   0.993 & unc_rawben_rel_max <=   0.997","cat_elig >   0.4500 & total_deductions_by_hh_size > 427.5000 & unc_rawben_rel_max >   0.8937 & unc_rawben_rel_max <=   0.9970",FALSE,FALSE,6,0,0,0,3,0,0,NA
"Michigan","other_error","2-3","months_since_cert_n <=  21.500 & rawben_rel_max <=   0.995 & total_deductions_by_hh_size > 351.000 & unc_rawben_rel_max >   0.994","months_since_cert_n <=  19.3500 & rawben_rel_max <=   0.9950 & total_deductions_by_hh_size > 315.9000 & unc_rawben_rel_max >   0.8946",FALSE,FALSE,8,1,0.125,100,5,0,0,NA
"Michigan","other_error","2-3","rawben_rel_max >   0.993 & rawben_rel_max <=   0.995 & total_deductions_by_hh_size > 371.000","rawben_rel_max >   0.993 & rawben_rel_max <=   0.995 & total_deductions_by_hh_size > 278.200",FALSE,FALSE,1,1,1,100,0,NA,0,NA
"Michigan","other_error","2-3","rawben_rel_max >   0.961 & rawben_rel_max <=   0.995 & total_deductions_by_hh_size > 637.000","rawben_rel_max >   0.7208 & rawben_rel_max <=   0.7462 & total_deductions_by_hh_size > 477.8000",FALSE,FALSE,1,0,0,0,0,NA,0,NA
"Michigan","other_error","2-3","months_since_cert_n <=  10.500 & rawben_rel_max <=   0.995 & total_deductions_by_hh_size > 345.000 & unc_rawben_rel_max >   0.993","months_since_cert_n <=   9.450 & rawben_rel_max <=   0.995 & total_deductions_by_hh_size > 310.500 & unc_rawben_rel_max >   0.993",FALSE,FALSE,1,1,1,100,0,NA,0,NA
"Michigan","other_error","2-3","children_i <=   0.500 & rawben_rel_max >   0.992 & rawben_rel_max <=   0.996 & shelter_expenses_by_hh_size > 301.000","children_i <=   0.500 & rawben_rel_max >   0.992 & rawben_rel_max <=   0.996 & shelter_expenses_by_hh_size > 301.000",TRUE,FALSE,1,1,1,100,0,NA,0,NA
"Michigan","other_error","2-3","children_i <=   0.500 & shelter_expenses_by_hh_size > 362.000 & unc_rawben_rel_max >   0.992 & unc_rawben_rel_max <=   0.997","children_i <=   0.500 & shelter_expenses_by_hh_size > 362.000 & unc_rawben_rel_max >   0.992 & unc_rawben_rel_max <=   0.997",TRUE,FALSE,1,1,1,100,0,NA,0,NA
"Michigan","other_error","2-3","rawben_rel_max >   0.993 & rawben_rel_max <=   0.995 & shelter_expenses_by_hh_size > 559.000 & unc_rawben_rel_max <=   1.000","rawben_rel_max >   0.993 & rawben_rel_max <=   0.995 & shelter_expenses_by_hh_size > 503.100 & unc_rawben_rel_max <=   1.000",FALSE,FALSE,1,1,1,100,0,NA,0,NA
"Michigan","other_error","2-3","children_i <=   0.500 & rawben_rel_max >   0.993 & rawben_rel_max <=   0.997 & utilities > 472.000","children_i <=   0.500 & rawben_rel_max >   0.993 & rawben_rel_max <=   0.997 & utilities > 472.000",TRUE,FALSE,1,1,1,100,0,NA,0,NA
"Michigan","other_error","2-3","rawben_rel_max >   0.993 & rawben_rel_max <=   0.995 & shelter_expenses_by_hh_size > 502.000","rawben_rel_max >   0.7448 & rawben_rel_max <=   0.9950 & shelter_expenses_by_hh_size > 451.8000",FALSE,TRUE,20,4,0.2,761,11,0.091,0,NA
"Michigan","other_error","2-3","rawben_rel_max <=   0.996 & shelter_expenses_by_hh_size > 553.000 & unc_rawben_rel_max >   0.993 & utilities >  28.500","rawben_rel_max <=   0.996 & shelter_expenses_by_hh_size > 497.700 & unc_rawben_rel_max >   0.993 & utilities >  25.650",FALSE,FALSE,1,1,1,100,0,NA,0,NA
"Michigan","other_error","2-3","children_i <=   0.500 & rawben_rel_max >   0.994 & rawben_rel_max <=   0.998 & utilities > 420.000","children_i <=   0.4500 & rawben_rel_max >   0.8946 & rawben_rel_max <=   0.9980 & utilities > 378.0000",FALSE,FALSE,8,1,0.125,100,4,0,0,NA
"Michigan","other_error","2-3","children_i <= 0.500 & rawben_rel_max > 0.994 & rawben_rel_max <= 0.996","children_i <= 0.375 & rawben_rel_max > 0.994 & rawben_rel_max <= 1.096",FALSE,FALSE,26,4,0.154,931,18,0.167,0,NA
"Michigan","other_error","2-3","children_i <= 0.500 & HH_size_n <= 2.500 & unc_rawben_rel_max > 0.993 & unc_rawben_rel_max <= 0.996","children_i <= 0.500 & HH_size_n <= 2.500 & unc_rawben_rel_max > 0.993 & unc_rawben_rel_max <= 0.996",TRUE,FALSE,1,1,1,100,0,NA,0,NA
"Michigan","other_error","2-3","children_i <= 0.500 & percent_abawd <= 0.583 & unc_rawben_rel_max > 0.993 & unc_rawben_rel_max <= 0.996","children_i <= 0.500 & percent_abawd <= 0.583 & unc_rawben_rel_max > 0.993 & unc_rawben_rel_max <= 0.996",TRUE,FALSE,1,1,1,100,0,NA,0,NA
"Michigan","other_error","2-3","rawben_rel_max >   0.993 & shelter_expenses_by_hh_size > 742.000 & unc_rawben_rel_max <=   0.998","rawben_rel_max >   0.7448 & shelter_expenses_by_hh_size > 667.8000 & unc_rawben_rel_max <=   0.8982",FALSE,FALSE,3,2,0.667,490,0,NA,0,NA
"Michigan","other_error","1","medical_deductions >=   4.000 & medical_deductions <   8.000 & rawben_rel_max <   0.691 & total_deductions_by_hh_size >= 217.000","medical_deductions >=   4.000 & medical_deductions <   8.000 & rawben_rel_max <   0.691 & total_deductions_by_hh_size >= 217.000",TRUE,FALSE,1,1,1,74,0,NA,0,NA
"Michigan","other_error","2-3","elderly_disabled_i > 0.500 & rawben_rel_max > 0.994 & rawben_rel_max <= 0.996 & unc_rawben_rel_max <= 0.995","elderly_disabled_i > 0.450 & rawben_rel_max > 0.994 & rawben_rel_max <= 1.096 & unc_rawben_rel_max <= 1.094",FALSE,FALSE,5,1,0.2,157,4,0,0,NA
"Michigan","other_error","2-3","elderly_disabled_i > 0.500 & HH_size_n <= 2.500 & unc_rawben_rel_max > 0.993 & unc_rawben_rel_max <= 0.996","elderly_disabled_i > 0.500 & HH_size_n <= 2.500 & unc_rawben_rel_max > 0.993 & unc_rawben_rel_max <= 0.996",TRUE,FALSE,1,1,1,100,0,NA,0,NA
"Michigan","other_error","2-3","cat_elig > 0.500 & married > 0.500 & rawben_rel_max <= 0.995 & unc_rawben_rel_max > 0.994","cat_elig > 0.450 & married > 0.450 & rawben_rel_max <= 1.094 & unc_rawben_rel_max > 0.994",FALSE,FALSE,14,2,0.143,268,8,0.125,0,NA
"Michigan","other_error","2-3","rawben_rel_max >   0.993 & rawben_rel_max <=   0.996 & shelter_expenses_by_hh_size > 502.000","rawben_rel_max >   0.7448 & rawben_rel_max <=   0.9960 & shelter_expenses_by_hh_size > 451.8000",FALSE,TRUE,20,4,0.2,761,11,0.091,0,NA
"Michigan","other_error","2-3","rawben_rel_max >   0.993 & rawben_rel_max <=   0.998 & shelter_expenses_by_hh_size > 938.000","rawben_rel_max >   0.7448 & rawben_rel_max <=   0.8982 & shelter_expenses_by_hh_size > 703.5000",FALSE,FALSE,3,2,0.667,490,0,NA,0,NA
"Michigan","other_error","2-3","children_i <= 0.500 & HH_size_n <= 2.500 & unc_rawben_rel_max > 0.992 & unc_rawben_rel_max <= 0.998","children_i <= 0.500 & HH_size_n <= 2.500 & unc_rawben_rel_max > 0.992 & unc_rawben_rel_max <= 0.998",TRUE,FALSE,1,1,1,100,0,NA,0,NA
"Michigan","other_error","2-3","children_i <= 0.500 & rawben_rel_max > 0.993 & rawben_rel_max <= 0.996","children_i <= 0.500 & rawben_rel_max > 0.993 & rawben_rel_max <= 0.996",TRUE,FALSE,1,1,1,100,0,NA,0,NA
"Michigan","other_error","2-3","count_divisible_by_100 <=   0.500 & rawben_rel_max <=   0.998 & total_deductions_by_hh_size > 353.000 & unc_rawben_rel_max >   0.993","count_divisible_by_100 <=   0.450 & rawben_rel_max <=   0.998 & total_deductions_by_hh_size > 317.700 & unc_rawben_rel_max >   0.993",FALSE,FALSE,1,1,1,100,0,NA,0,NA
"Michigan","other_error","1","medical_deductions >=   3.000 & medical_deductions <   7.000 & rawben_rel_max <   0.639 & utilities >= 431.000","medical_deductions >=   3.000 & medical_deductions <   7.000 & rawben_rel_max <   0.639 & utilities >= 431.000",TRUE,FALSE,1,1,1,74,0,NA,0,NA
"Michigan","other_error","2-3","cat_elig >   0.500 & rawben_rel_max >   0.993 & rawben_rel_max <=   0.997 & shelter_expenses_by_hh_size > 554.000","cat_elig >   0.450 & rawben_rel_max >   0.993 & rawben_rel_max <=   0.997 & shelter_expenses_by_hh_size > 498.600",FALSE,FALSE,1,1,1,100,0,NA,0,NA
"Michigan","other_error","2-3","children_i <=   0.500 & rawben_rel_max <=   0.997 & unc_rawben_rel_max >   0.993 & utilities > 284.000","children_i <=   0.500 & rawben_rel_max <=   0.997 & unc_rawben_rel_max >   0.993 & utilities > 284.000",TRUE,FALSE,1,1,1,100,0,NA,0,NA
"Michigan","other_error","2-3","children_i <= 0.500 & percent_abawd <= 0.583 & rawben_rel_max > 0.992 & rawben_rel_max <= 0.997","children_i <= 0.4500 & percent_abawd <= 0.5247 & rawben_rel_max > 0.9920 & rawben_rel_max <= 1.0970",FALSE,TRUE,20,5,0.25,1031,16,0.188,0,NA
"Michigan","other_error","1","total_deductions_by_hh_size > 1290.000 & unc_rawben_rel_max >    0.987 & unc_rawben_rel_max <=    0.991","total_deductions_by_hh_size > 1290.000 & unc_rawben_rel_max >    0.987 & unc_rawben_rel_max <=    0.991",TRUE,FALSE,1,1,1,80,0,NA,0,NA
"Michigan","other_error","2-3","rawben_rel_max >    0.979 & shelter_expenses_by_hh_size <= 1430.000 & total_deductions_by_hh_size >  500.000 & unc_rawben_rel_max <=    0.997","rawben_rel_max >    0.8811 & shelter_expenses_by_hh_size <= 1287.0000 & total_deductions_by_hh_size >  450.0000 & unc_rawben_rel_max <=    0.9970",FALSE,FALSE,5,0,0,0,2,0,0,NA
"Michigan","other_error","2-3","rawben_rel_max >   0.993 & shelter_expenses_by_hh_size > 556.000 & unc_rawben_rel_max <=   0.997 & utilities > 478.000","rawben_rel_max >   0.993 & shelter_expenses_by_hh_size > 500.400 & unc_rawben_rel_max <=   0.997 & utilities > 430.200",FALSE,FALSE,1,1,1,100,0,NA,0,NA
"Michigan","other_error","2-3","rawben_rel_max <=   0.997 & total_deductions_by_hh_size > 630.000 & unc_rawben_rel_max >   0.961","rawben_rel_max <=   0.7478 & total_deductions_by_hh_size > 472.5000 & unc_rawben_rel_max >   0.7208",FALSE,FALSE,1,0,0,0,0,NA,0,NA
"Michigan","other_error","2-3","cat_elig > 0.500 & elderly_disabled_i > 0.500 & unc_rawben_rel_max > 0.993 & unc_rawben_rel_max <= 0.996","cat_elig > 0.500 & elderly_disabled_i > 0.500 & unc_rawben_rel_max > 0.993 & unc_rawben_rel_max <= 0.996",TRUE,FALSE,1,1,1,100,0,NA,0,NA
"Michigan","other_error","2-3","children_i <= 0.500 & expedited_i <= 0.500 & rawben_rel_max > 0.992 & unc_rawben_rel_max <= 0.996","children_i <= 0.500 & expedited_i <= 0.500 & rawben_rel_max > 0.992 & unc_rawben_rel_max <= 0.996",TRUE,FALSE,1,1,1,100,0,NA,0,NA
"Michigan","other_error","2-3","rawben_rel_max >   0.993 & rawben_rel_max <=   0.998 & total_deductions_by_hh_size > 352.000","rawben_rel_max >   0.993 & rawben_rel_max <=   0.998 & total_deductions_by_hh_size > 264.000",FALSE,FALSE,1,1,1,100,0,NA,0,NA
"Michigan","other_error","2-3","rawben_rel_max >=   0.994 & rawben_rel_max <   0.995 & utilities >= 559.000","rawben_rel_max >=   0.8946 & rawben_rel_max <   0.9950 & utilities >= 614.9000",FALSE,FALSE,9,2,0.222,402,8,0.125,0,NA
"Michigan","other_error","2-3","children_i <= 0.500 & rawben_rel_max > 0.992 & rawben_rel_max <= 0.997","children_i <= 0.500 & rawben_rel_max > 0.992 & rawben_rel_max <= 0.997",TRUE,FALSE,1,1,1,100,0,NA,0,NA
"Michigan","other_error","2-3","children_i <= 0.500 & rawben_rel_max > 0.994 & rawben_rel_max <= 0.998","children_i <= 0.375 & rawben_rel_max > 0.994 & rawben_rel_max <= 1.098",FALSE,FALSE,26,4,0.154,931,18,0.167,0,NA
