"state","year","category","status"
"Alabama",2015,"SNAP Name","Food Assistance Program"
"Alabama",2015,"Program Administration","State-administered"
"Alabama",2015,"Reporting Requirements","Simplified Reporting only"
"Alabama",2015,"Simplified Reporting - Action on Changes","Act only on changes that result in an increase in household benefits"
"Alabama",2015,"Simplified Reporting - Certification Length","12 months only"
"Alabama",2015,"Simplified Income and Resources","Income only"
"Alabama",2015,"Simplified Self-Employment Determination","Flat percentage: 40%"
"Alabama",2015,"Simplified Homeless Housing Cost","No"
"Alabama",2015,"Standard Utility Allowances (SUAs)","Mandatory SUAs"
"Alabama",2015,"Treatment of Vehicles","All vehicles excluded"
"Alabama",2015,"Child Support Expense Exclusion","No"
"Alabama",2015,"Child Support Related Disqualification","No"
"Alabama",2015,"Comparable Disqualifications","No"
"Alabama",2015,"Drug Felony Disqualifications","Lifetime ban"
"Alabama",2015,"Work Requirements and Disqualification Policy","Regulatory minimum"
"Alabama",2015,"Broad Based Categorical Eligibility (BBCE)","Yes"
"Alabama",2015,"Transitional Benefits Alternative (TBA)","No"
"Alabama",2015,"Document Imaging","Completely electronic files statewide"
"Alabama",2015,"Demonstrations for the Elderly and Disabled","ESAP/SMD"
"Alabama",2015,"Combined Application Project (CAP)","No"
"Alabama",2015,"Online Application","Apply & recertify"
"Alabama",2015,"Online Case Management","View case information, report changes, & upload documents for verification"
"Alabama",2015,"Call Centers","Respond to general inquiries, respond to application or case-specific inquiries, accept case changes, & process changes"
"Alabama",2015,"Mobile Technology","No"
"Alaska",2015,"SNAP Name","Food Stamp Program"
"Alaska",2015,"Program Administration","State-administered"
"Alaska",2015,"Reporting Requirements","Simplified & change reporting"
"Alaska",2015,"Simplified Reporting - Action on Changes","Act on all changes"
"Alaska",2015,"Simplified Reporting - Certification Length","6 months only"
"Alaska",2015,"Simplified Income and Resources","Resources only"
"Alaska",2015,"Simplified Self-Employment Determination","Flat percentage: 50%"
"Alaska",2015,"Simplified Homeless Housing Cost","Yes"
"Alaska",2015,"Standard Utility Allowances (SUAs)","Mandatory SUAs"
"Alaska",2015,"Treatment of Vehicles","At least one vehicle excluded"
"Alaska",2015,"Child Support Expense Exclusion","No"
"Alaska",2015,"Child Support Related Disqualification","None"
"Alaska",2015,"Comparable Disqualifications","Yes"
"Alaska",2015,"Drug Felony Disqualifications","Lifetime ban"
"Alaska",2015,"Work Requirements and Disqualification Policy","Regulatory minimum"
"Alaska",2015,"Broad Based Categorical Eligibility (BBCE)","No"
"Alaska",2015,"Transitional Benefits Alternative (TBA)","No"
"Alaska",2015,"Document Imaging","No electronic files"
"Alaska",2015,"Demonstrations for the Elderly and Disabled","None"
"Alaska",2015,"Combined Application Project (CAP)","No"
"Alaska",2015,"Online Application","No"
"Alaska",2015,"Online Case Management","No"
"Alaska",2015,"Call Centers","No call center"
"Alaska",2015,"Mobile Technology","No"
"Arizona",2015,"SNAP Name","Nutrition Assistance"
"Arizona",2015,"Program Administration","State-administered"
"Arizona",2015,"Reporting Requirements","Simplified & change reporting"
"Arizona",2015,"Simplified Reporting - Action on Changes","Act on all changes"
"Arizona",2015,"Simplified Reporting - Certification Length","6 months only"
"Arizona",2015,"Simplified Income and Resources","Income & Resources"
"Arizona",2015,"Simplified Self-Employment Determination","Flat percentage: 40%"
"Arizona",2015,"Simplified Homeless Housing Cost","Yes"
"Arizona",2015,"Standard Utility Allowances (SUAs)","Mandatory SUAs"
"Arizona",2015,"Treatment of Vehicles","All vehicles excluded"
"Arizona",2015,"Child Support Expense Exclusion","No"
"Arizona",2015,"Child Support Related Disqualification","None"
"Arizona",2015,"Comparable Disqualifications","No"
"Arizona",2015,"Drug Felony Disqualifications","Lifetime ban"
"Arizona",2015,"Work Requirements and Disqualification Policy","Extended DQ & entire household DQ"
"Arizona",2015,"Broad Based Categorical Eligibility (BBCE)","Yes"
"Arizona",2015,"Transitional Benefits Alternative (TBA)","Yes"
"Arizona",2015,"Document Imaging","Completely electronic files statewide"
"Arizona",2015,"Demonstrations for the Elderly and Disabled","None"
"Arizona",2015,"Combined Application Project (CAP)","Modified CAP"
"Arizona",2015,"Online Application","Apply & recertify"
"Arizona",2015,"Online Case Management","Report changes & upload documents for verification"
"Arizona",2015,"Call Centers","Respond to general inquiries, respond to application or case-specific inquiries, accept case changes, & accept initial applications"
"Arizona",2015,"Mobile Technology","SMS messaging only"
"Arkansas",2015,"SNAP Name","Supplemental Nutrition Assistance Program"
"Arkansas",2015,"Program Administration","State-administered"
"Arkansas",2015,"Reporting Requirements","Simplified & change reporting"
"Arkansas",2015,"Simplified Reporting - Action on Changes","Act on all changes"
"Arkansas",2015,"Simplified Reporting - Certification Length","12 & 24 months only"
"Arkansas",2015,"Simplified Income and Resources","Neither"
"Arkansas",2015,"Simplified Self-Employment Determination","No"
"Arkansas",2015,"Simplified Homeless Housing Cost","No"
"Arkansas",2015,"Standard Utility Allowances (SUAs)","SUAs that are not mandatory"
"Arkansas",2015,"Treatment of Vehicles","At least one vehicle excluded"
"Arkansas",2015,"Child Support Expense Exclusion","No"
"Arkansas",2015,"Child Support Related Disqualification","None"
"Arkansas",2015,"Comparable Disqualifications","No"
"Arkansas",2015,"Drug Felony Disqualifications","Lifetime ban"
"Arkansas",2015,"Work Requirements and Disqualification Policy","Regulatory minimum"
"Arkansas",2015,"Broad Based Categorical Eligibility (BBCE)","No"
"Arkansas",2015,"Transitional Benefits Alternative (TBA)","No"
"Arkansas",2015,"Document Imaging","Completely electronic files statewide"
"Arkansas",2015,"Demonstrations for the Elderly and Disabled","SMD"
"Arkansas",2015,"Combined Application Project (CAP)","No"
"Arkansas",2015,"Online Application","Apply"
"Arkansas",2015,"Online Case Management","No"
"Arkansas",2015,"Call Centers","No call center"
"Arkansas",2015,"Mobile Technology","No"
"California",2015,"SNAP Name","CalFresh"
"California",2015,"Program Administration","County-administered"
"California",2015,"Reporting Requirements","Simplified & change reporting"
"California",2015,"Simplified Reporting - Action on Changes","Act on all changes"
"California",2015,"Simplified Reporting - Certification Length","12 & 24 months only"
"California",2015,"Simplified Income and Resources","Income & Resources"
"California",2015,"Simplified Self-Employment Determination","No"
"California",2015,"Simplified Homeless Housing Cost","No"
"California",2015,"Standard Utility Allowances (SUAs)","Mandatory SUAs"
"California",2015,"Treatment of Vehicles","All vehicles excluded"
"California",2015,"Child Support Expense Exclusion","Yes"
"California",2015,"Child Support Related Disqualification","None"
"California",2015,"Comparable Disqualifications","Yes"
"California",2015,"Drug Felony Disqualifications","No ban"
"California",2015,"Work Requirements and Disqualification Policy","Extended DQ"
"California",2015,"Broad Based Categorical Eligibility (BBCE)","Yes"
"California",2015,"Transitional Benefits Alternative (TBA)","Yes"
"California",2015,"Document Imaging","Completely electronic files statewide"
"California",2015,"Demonstrations for the Elderly and Disabled","None"
"California",2015,"Combined Application Project (CAP)","No"
"California",2015,"Online Application","Apply & recertify"
"California",2015,"Online Case Management","View case information, report changes, & upload documents for verification"
"California",2015,"Call Centers","Respond to general inquiries, respond to application or case-specific inquiries, accept case changes, accept initial applications, & accept recertifications"
"California",2015,"Mobile Technology","SMS messaging and mobile app"
"Colorado",2015,"SNAP Name","Food Assistance Program"
"Colorado",2015,"Program Administration","County-administered"
"Colorado",2015,"Reporting Requirements","Simplified & change reporting"
"Colorado",2015,"Simplified Reporting - Action on Changes","Act only on changes that result in an increase in household benefits"
"Colorado",2015,"Simplified Reporting - Certification Length","6 & 24 months only"
"Colorado",2015,"Simplified Income and Resources","Neither"
"Colorado",2015,"Simplified Self-Employment Determination","No"
"Colorado",2015,"Simplified Homeless Housing Cost","Yes"
"Colorado",2015,"Standard Utility Allowances (SUAs)","Mandatory SUAs"
"Colorado",2015,"Treatment of Vehicles","All vehicles excluded"
"Colorado",2015,"Child Support Expense Exclusion","Yes"
"Colorado",2015,"Child Support Related Disqualification","None"
"Colorado",2015,"Comparable Disqualifications","No Modifications include:"
"Colorado",2015,"Drug Felony Disqualifications","Limiting the circumstances in which the permanent DQ applies"
"Colorado",2015,"Work Requirements and Disqualification Policy","Regulatory minimum"
"Colorado",2015,"Broad Based Categorical Eligibility (BBCE)","Yes"
"Colorado",2015,"Transitional Benefits Alternative (TBA)","No"
"Colorado",2015,"Document Imaging","Partially electronic files in specific project areas"
"Colorado",2015,"Demonstrations for the Elderly and Disabled","None"
"Colorado",2015,"Combined Application Project (CAP)","No"
"Colorado",2015,"Online Application","Apply & recertify"
"Colorado",2015,"Online Case Management","View case information, report changes, & upload documents for verification"
"Colorado",2015,"Call Centers","Respond to general inquiries, respond to application or case-specific inquiries, accept case changes, & process changes"
"Colorado",2015,"Mobile Technology","No"
"Connecticut",2015,"SNAP Name","Supplemental Nutrition Assistance Program"
"Connecticut",2015,"Program Administration","State-administered"
"Connecticut",2015,"Reporting Requirements","Simplified Reporting only"
"Connecticut",2015,"Simplified Reporting - Action on Changes","Act only on changes that result in an increase in household benefits"
"Connecticut",2015,"Simplified Reporting - Certification Length","12 & 24 months only"
"Connecticut",2015,"Simplified Income and Resources","Neither"
"Connecticut",2015,"Simplified Self-Employment Determination","No"
"Connecticut",2015,"Simplified Homeless Housing Cost","No"
"Connecticut",2015,"Standard Utility Allowances (SUAs)","Mandatory SUAs"
"Connecticut",2015,"Treatment of Vehicles","All vehicles excluded"
"Connecticut",2015,"Child Support Expense Exclusion","No"
"Connecticut",2015,"Child Support Related Disqualification","None"
"Connecticut",2015,"Comparable Disqualifications","No Modifications include: imposing a temporary"
"Connecticut",2015,"Drug Felony Disqualifications","DQ period"
"Connecticut",2015,"Work Requirements and Disqualification Policy","Extended DQ & entire household DQ"
"Connecticut",2015,"Broad Based Categorical Eligibility (BBCE)","Yes"
"Connecticut",2015,"Transitional Benefits Alternative (TBA)","No"
"Connecticut",2015,"Document Imaging","Partially electronic files statewide"
"Connecticut",2015,"Demonstrations for the Elderly and Disabled","None"
"Connecticut",2015,"Combined Application Project (CAP)","No"
"Connecticut",2015,"Online Application","Apply"
"Connecticut",2015,"Online Case Management","View case information"
"Connecticut",2015,"Call Centers","Respond to general inquiries, respond to application or case-specific inquiries, accept case changes, process changes, accept initial application, accept recertification applications, & conduct interviews"
"Connecticut",2015,"Mobile Technology","No"
"Delaware",2015,"SNAP Name","Food Benefits"
"Delaware",2015,"Program Administration","State-administered"
"Delaware",2015,"Reporting Requirements","Simplified reporting only"
"Delaware",2015,"Simplified Reporting - Action on Changes","Act on all changes"
"Delaware",2015,"Simplified Reporting - Certification Length","12 & 24 months only"
"Delaware",2015,"Simplified Income and Resources","Neither"
"Delaware",2015,"Simplified Self-Employment Determination","Flat percentage: 51%"
"Delaware",2015,"Simplified Homeless Housing Cost","Yes"
"Delaware",2015,"Standard Utility Allowances (SUAs)","Mandatory SUAs"
"Delaware",2015,"Treatment of Vehicles","At least one vehicle excluded"
"Delaware",2015,"Child Support Expense Exclusion","Yes"
"Delaware",2015,"Child Support Related Disqualification","None"
"Delaware",2015,"Comparable Disqualifications","No"
"Delaware",2015,"Drug Felony Disqualifications","No ban"
"Delaware",2015,"Work Requirements and Disqualification Policy","Entire household DQ"
"Delaware",2015,"Broad Based Categorical Eligibility (BBCE)","Yes"
"Delaware",2015,"Transitional Benefits Alternative (TBA)","No"
"Delaware",2015,"Document Imaging","Completely electronic files statewide"
"Delaware",2015,"Demonstrations for the Elderly and Disabled","None"
"Delaware",2015,"Combined Application Project (CAP)","No"
"Delaware",2015,"Online Application","Apply & recertify"
"Delaware",2015,"Online Case Management","View case information, report changes, & upload documents for verification"
"Delaware",2015,"Call Centers","Respond to general inquiries, respond to application or case-specific inquiries, accept case changes, & process changes"
"Delaware",2015,"Mobile Technology","No"
"District of Columbia",2015,"SNAP Name","Supplemental Nutrition Assistance Program"
"District of Columbia",2015,"Program Administration","State-administered"
"District of Columbia",2015,"Reporting Requirements","Simplified & change reporting"
"District of Columbia",2015,"Simplified Reporting - Action on Changes","Act only on changes that result in an increase in household benefits"
"District of Columbia",2015,"Simplified Reporting - Certification Length","6 & 12 months only"
"District of Columbia",2015,"Simplified Income and Resources","Income only"
"District of Columbia",2015,"Simplified Self-Employment Determination","Another method: uses an average of income to determine monthly income"
"District of Columbia",2015,"Simplified Homeless Housing Cost","Yes"
"District of Columbia",2015,"Standard Utility Allowances (SUAs)","Mandatory SUAs"
"District of Columbia",2015,"Treatment of Vehicles","All vehicles excluded"
"District of Columbia",2015,"Child Support Expense Exclusion","No"
"District of Columbia",2015,"Child Support Related Disqualification","None"
"District of Columbia",2015,"Comparable Disqualifications","No"
"District of Columbia",2015,"Drug Felony Disqualifications","No ban"
"District of Columbia",2015,"Work Requirements and Disqualification Policy","Regulatory minimum"
"District of Columbia",2015,"Broad Based Categorical Eligibility (BBCE)","Yes"
"District of Columbia",2015,"Transitional Benefits Alternative (TBA)","No"
"District of Columbia",2015,"Document Imaging","Completely electronic files statewide"
"District of Columbia",2015,"Demonstrations for the Elderly and Disabled","None"
"District of Columbia",2015,"Combined Application Project (CAP)","No"
"District of Columbia",2015,"Online Application","No"
"District of Columbia",2015,"Online Case Management",""
"District of Columbia",2015,"Call Centers","No application or case-specific inquiries"
"District of Columbia",2015,"Mobile Technology","No"
"Florida",2015,"SNAP Name","Food Assistance Program"
"Florida",2015,"Program Administration","State-administered"
"Florida",2015,"Reporting Requirements","Simplified & change reporting"
"Florida",2015,"Simplified Reporting - Action on Changes","Act only on changes that result in an increase in household benefits"
"Florida",2015,"Simplified Reporting - Certification Length","6 & 24 months only"
"Florida",2015,"Simplified Income and Resources","Income & Resources"
"Florida",2015,"Simplified Self-Employment Determination","No"
"Florida",2015,"Simplified Homeless Housing Cost","Yes"
"Florida",2015,"Standard Utility Allowances (SUAs)","Mandatory SUAs"
"Florida",2015,"Treatment of Vehicles","All vehicles excluded"
"Florida",2015,"Child Support Expense Exclusion","No"
"Florida",2015,"Child Support Related Disqualification","Failure to cooperate"
"Florida",2015,"Comparable Disqualifications","Yes"
"Florida",2015,"Drug Felony Disqualifications","Lifetime ban"
"Florida",2015,"Work Requirements and Disqualification Policy","Entire household DQ"
"Florida",2015,"Broad Based Categorical Eligibility (BBCE)","Yes"
"Florida",2015,"Transitional Benefits Alternative (TBA)","No"
"Florida",2015,"Document Imaging","Completely electronic files statewide"
"Florida",2015,"Demonstrations for the Elderly and Disabled","ESAP"
"Florida",2015,"Combined Application Project (CAP)","Standard CAP"
"Florida",2015,"Online Application","Apply & recertify"
"Florida",2015,"Online Case Management","View case information, report changes, & upload documents for verification"
"Florida",2015,"Call Centers","Respond to general inquiries, respond to application or case-specific inquiries, accept case changes, process changes, accept recertification applications, & conduct interviews"
"Florida",2015,"Mobile Technology","No"
"Georgia",2015,"SNAP Name","Food Stamps program"
"Georgia",2015,"Program Administration","State-administered"
"Georgia",2015,"Reporting Requirements","Simplified reporting only"
"Georgia",2015,"Simplified Reporting - Action on Changes","Act only on changes that result in an increase in household benefits"
"Georgia",2015,"Simplified Reporting - Certification Length","6 & 12 months"
"Georgia",2015,"Simplified Income and Resources","Income only"
"Georgia",2015,"Simplified Self-Employment Determination","Flat percentage: 40%"
"Georgia",2015,"Simplified Homeless Housing Cost","No"
"Georgia",2015,"Standard Utility Allowances (SUAs)","Mandatory SUAs"
"Georgia",2015,"Treatment of Vehicles","All vehicles excluded"
"Georgia",2015,"Child Support Expense Exclusion","No"
"Georgia",2015,"Child Support Related Disqualification","None"
"Georgia",2015,"Comparable Disqualifications","Yes"
"Georgia",2015,"Drug Felony Disqualifications","Lifetime ban"
"Georgia",2015,"Work Requirements and Disqualification Policy","Regulatory minimum"
"Georgia",2015,"Broad Based Categorical Eligibility (BBCE)","Yes"
"Georgia",2015,"Transitional Benefits Alternative (TBA)","Yes"
"Georgia",2015,"Document Imaging","Partially electronic files statewide"
"Georgia",2015,"Demonstrations for the Elderly and Disabled","SMD & ESAP"
"Georgia",2015,"Combined Application Project (CAP)","No"
"Georgia",2015,"Online Application","Apply & recertify"
"Georgia",2015,"Online Case Management","View case information, report changes, & upload documents for verification"
"Georgia",2015,"Call Centers","Respond to general inquiries, accept case changes, & process changes"
"Georgia",2015,"Mobile Technology","No"
"Guam",2015,"SNAP Name","Supplemental Nutrition Assistance Program"
"Guam",2015,"Program Administration","State-administered"
"Guam",2015,"Reporting Requirements","Simplified reporting only"
"Guam",2015,"Simplified Reporting - Action on Changes","Act on all changes"
"Guam",2015,"Simplified Reporting - Certification Length","12 months only"
"Guam",2015,"Simplified Income and Resources","Neither"
"Guam",2015,"Simplified Self-Employment Determination","No"
"Guam",2015,"Simplified Homeless Housing Cost","Yes"
"Guam",2015,"Standard Utility Allowances (SUAs)","Mandatory SUAs"
"Guam",2015,"Treatment of Vehicles","All vehicles excluded"
"Guam",2015,"Child Support Expense Exclusion","No"
"Guam",2015,"Child Support Related Disqualification","None"
"Guam",2015,"Comparable Disqualifications","Yes"
"Guam",2015,"Drug Felony Disqualifications","Lifetime ban"
"Guam",2015,"Work Requirements and Disqualification Policy","Regulatory minimum"
"Guam",2015,"Broad Based Categorical Eligibility (BBCE)","Yes"
"Guam",2015,"Transitional Benefits Alternative (TBA)","No"
"Guam",2015,"Document Imaging","Partially electronic files statewide"
"Guam",2015,"Demonstrations for the Elderly and Disabled","None"
"Guam",2015,"Combined Application Project (CAP)","No"
"Guam",2015,"Online Application","No"
"Guam",2015,"Online Case Management","No"
"Guam",2015,"Call Centers","No call center"
"Guam",2015,"Mobile Technology","No"
"Hawaii",2015,"SNAP Name","Supplemental Nutrition Assistance Program"
"Hawaii",2015,"Program Administration","State-administered"
"Hawaii",2015,"Reporting Requirements","Simplified & change reporting"
"Hawaii",2015,"Simplified Reporting - Action on Changes","Act only on changes that result in an increase in household benefits"
"Hawaii",2015,"Simplified Reporting - Certification Length","12 & 24 months only"
"Hawaii",2015,"Simplified Income and Resources","Resources only"
"Hawaii",2015,"Simplified Self-Employment Determination","No"
"Hawaii",2015,"Simplified Homeless Housing Cost","No"
"Hawaii",2015,"Standard Utility Allowances (SUAs)","SUAs that are not mandatory"
"Hawaii",2015,"Treatment of Vehicles","All vehicles excluded"
"Hawaii",2015,"Child Support Expense Exclusion","Yes"
"Hawaii",2015,"Child Support Related Disqualification","None"
"Hawaii",2015,"Comparable Disqualifications","No Modifications include:"
"Hawaii",2015,"Drug Felony Disqualifications","DQ for refusing treatment or failing to comply with treatment"
"Hawaii",2015,"Work Requirements and Disqualification Policy","Regulatory minimum"
"Hawaii",2015,"Broad Based Categorical Eligibility (BBCE)","Yes"
"Hawaii",2015,"Transitional Benefits Alternative (TBA)","Yes"
"Hawaii",2015,"Document Imaging","Completely electronic files statewide"
"Hawaii",2015,"Demonstrations for the Elderly and Disabled","None"
"Hawaii",2015,"Combined Application Project (CAP)","No"
"Hawaii",2015,"Online Application","No"
"Hawaii",2015,"Online Case Management","View case information"
"Hawaii",2015,"Call Centers","No call center"
"Hawaii",2015,"Mobile Technology","No"
"Idaho",2015,"SNAP Name","Food Stamps"
"Idaho",2015,"Program Administration","State-administered"
"Idaho",2015,"Reporting Requirements","Simplified reporting only"
"Idaho",2015,"Simplified Reporting - Action on Changes","Act only on changes that result in an increase in household benefits"
"Idaho",2015,"Simplified Reporting - Certification Length","6 & 24 months only"
"Idaho",2015,"Simplified Income and Resources","Income & Resources"
"Idaho",2015,"Simplified Self-Employment Determination","Flat percentage: 50%"
"Idaho",2015,"Simplified Homeless Housing Cost","Yes"
"Idaho",2015,"Standard Utility Allowances (SUAs)","Mandatory SUAs"
"Idaho",2015,"Treatment of Vehicles","At least one vehicle excluded"
"Idaho",2015,"Child Support Expense Exclusion","Yes"
"Idaho",2015,"Child Support Related Disqualification","Failure to cooperate"
"Idaho",2015,"Comparable Disqualifications","Yes Modifications include:"
"Idaho",2015,"Drug Felony Disqualifications","DQ unless in compliance with the terms of a withheld judgment, probation, or parole"
"Idaho",2015,"Work Requirements and Disqualification Policy","Regulatory minimum"
"Idaho",2015,"Broad Based Categorical Eligibility (BBCE)","Yes"
"Idaho",2015,"Transitional Benefits Alternative (TBA)","No"
"Idaho",2015,"Document Imaging","Completely electronic files statewide"
"Idaho",2015,"Demonstrations for the Elderly and Disabled","SMD"
"Idaho",2015,"Combined Application Project (CAP)","No"
"Idaho",2015,"Online Application","Recertify"
"Idaho",2015,"Online Case Management","View case information, report changes, & upload documents for verification"
"Idaho",2015,"Call Centers","Respond to general inquiries, respond to application or case-specific inquiries, accept case changes, process changes, accept recertification applications, & conduct interviews"
"Idaho",2015,"Mobile Technology","No"
"Illinois",2015,"SNAP Name","Supplemental Nutrition Assistance Program"
"Illinois",2015,"Program Administration","State-administered"
"Illinois",2015,"Reporting Requirements","Simplified & change reporting"
"Illinois",2015,"Simplified Reporting - Action on Changes","Act on all changes"
"Illinois",2015,"Simplified Reporting - Certification Length","12 months only"
"Illinois",2015,"Simplified Income and Resources","Income & Resources"
"Illinois",2015,"Simplified Self-Employment Determination","No"
"Illinois",2015,"Simplified Homeless Housing Cost","No"
"Illinois",2015,"Standard Utility Allowances (SUAs)","Mandatory SUAs"
"Illinois",2015,"Treatment of Vehicles","All vehicles excluded"
"Illinois",2015,"Child Support Expense Exclusion","Yes"
"Illinois",2015,"Child Support Related Disqualification","None"
"Illinois",2015,"Comparable Disqualifications","No"
"Illinois",2015,"Drug Felony Disqualifications","No ban"
"Illinois",2015,"Work Requirements and Disqualification Policy","Extended DQ"
"Illinois",2015,"Broad Based Categorical Eligibility (BBCE)","Yes"
"Illinois",2015,"Transitional Benefits Alternative (TBA)","Yes"
"Illinois",2015,"Document Imaging","Partially electronic files statewide"
"Illinois",2015,"Demonstrations for the Elderly and Disabled","SMD"
"Illinois",2015,"Combined Application Project (CAP)","No"
"Illinois",2015,"Online Application","Apply"
"Illinois",2015,"Online Case Management","Report changes"
"Illinois",2015,"Call Centers","Respond to general inquiries, respond to application or case-specific inquiries, accept case changes, process changes, accept initial application, accept recertification applications, & conduct interviews"
"Illinois",2015,"Mobile Technology","No"
"Indiana",2015,"SNAP Name","Supplemental Nutrition Assistance Program"
"Indiana",2015,"Program Administration","State-administered"
"Indiana",2015,"Reporting Requirements","Simplified reporting only"
"Indiana",2015,"Simplified Reporting - Action on Changes","Act on all changes"
"Indiana",2015,"Simplified Reporting - Certification Length","12 months only"
"Indiana",2015,"Simplified Income and Resources","Resources only"
"Indiana",2015,"Simplified Self-Employment Determination","Flat percentage: 40%"
"Indiana",2015,"Simplified Homeless Housing Cost","No"
"Indiana",2015,"Standard Utility Allowances (SUAs)","Mandatory SUAs"
"Indiana",2015,"Treatment of Vehicles","At least one vehicle excluded"
"Indiana",2015,"Child Support Expense Exclusion","No"
"Indiana",2015,"Child Support Related Disqualification","None"
"Indiana",2015,"Comparable Disqualifications","No"
"Indiana",2015,"Drug Felony Disqualifications","Lifetime ban"
"Indiana",2015,"Work Requirements and Disqualification Policy","Regulatory minimum"
"Indiana",2015,"Broad Based Categorical Eligibility (BBCE)","No"
"Indiana",2015,"Transitional Benefits Alternative (TBA)","No"
"Indiana",2015,"Document Imaging","Completely electronic files statewide"
"Indiana",2015,"Demonstrations for the Elderly and Disabled","None"
"Indiana",2015,"Combined Application Project (CAP)","No"
"Indiana",2015,"Online Application","Apply"
"Indiana",2015,"Online Case Management","View case information"
"Indiana",2015,"Call Centers","Respond to general inquiries, respond to application or case-specific inquiries, accept case changes, process changes, & accept initial applications"
"Indiana",2015,"Mobile Technology","No"
"Iowa",2015,"SNAP Name","Food Assistance"
"Iowa",2015,"Program Administration","State-administered"
"Iowa",2015,"Reporting Requirements","Simplified reporting only"
"Iowa",2015,"Simplified Reporting - Action on Changes","Act on all changes"
"Iowa",2015,"Simplified Reporting - Certification Length","6 & 12 months only"
"Iowa",2015,"Simplified Income and Resources","Income & Resources"
"Iowa",2015,"Simplified Self-Employment Determination","Flat percentage: 40%"
"Iowa",2015,"Simplified Homeless Housing Cost","No"
"Iowa",2015,"Standard Utility Allowances (SUAs)","Mandatory SUAs"
"Iowa",2015,"Treatment of Vehicles","At least one vehicle excluded"
"Iowa",2015,"Child Support Expense Exclusion","Yes"
"Iowa",2015,"Child Support Related Disqualification","None"
"Iowa",2015,"Comparable Disqualifications","No"
"Iowa",2015,"Drug Felony Disqualifications","No ban"
"Iowa",2015,"Work Requirements and Disqualification Policy","Extended DQ"
"Iowa",2015,"Broad Based Categorical Eligibility (BBCE)","Yes"
"Iowa",2015,"Transitional Benefits Alternative (TBA)","No"
"Iowa",2015,"Document Imaging","Completely electronic files statewide"
"Iowa",2015,"Demonstrations for the Elderly and Disabled","SMD"
"Iowa",2015,"Combined Application Project (CAP)","No"
"Iowa",2015,"Online Application","Apply"
"Iowa",2015,"Online Case Management","No"
"Iowa",2015,"Call Centers","Accept case changes, & process changes"
"Iowa",2015,"Mobile Technology","No"
"Kansas",2015,"SNAP Name","Food Assistance program"
"Kansas",2015,"Program Administration","State-administered"
"Kansas",2015,"Reporting Requirements","Simplified & change reporting"
"Kansas",2015,"Simplified Reporting - Action on Changes","Act on all changes"
"Kansas",2015,"Simplified Reporting - Certification Length","12 & 24 months only"
"Kansas",2015,"Simplified Income and Resources","Income only"
"Kansas",2015,"Simplified Self-Employment Determination","Flat percentage: 25%"
"Kansas",2015,"Simplified Homeless Housing Cost","No"
"Kansas",2015,"Standard Utility Allowances (SUAs)","Mandatory SUAs"
"Kansas",2015,"Treatment of Vehicles","At least one vehicle excluded"
"Kansas",2015,"Child Support Expense Exclusion","No"
"Kansas",2015,"Child Support Related Disqualification","Failure to cooperate"
"Kansas",2015,"Comparable Disqualifications","Yes Modified ban:"
"Kansas",2015,"Drug Felony Disqualifications","Requiring drug testing, participation in drug treatment, imposing temporary DQ period, & 2nd conviction after 7/1/2015 results in permanent DQ"
"Kansas",2015,"Work Requirements and Disqualification Policy","Extended DQ"
"Kansas",2015,"Broad Based Categorical Eligibility (BBCE)","No"
"Kansas",2015,"Transitional Benefits Alternative (TBA)","No"
"Kansas",2015,"Document Imaging","Completely electronic files statewide"
"Kansas",2015,"Demonstrations for the Elderly and Disabled","SMD"
"Kansas",2015,"Combined Application Project (CAP)","No"
"Kansas",2015,"Online Application","Apply"
"Kansas",2015,"Online Case Management","Upload documents for verification"
"Kansas",2015,"Call Centers","No call center"
"Kansas",2015,"Mobile Technology","No"
"Kentucky",2015,"SNAP Name","Supplemental Nutrition Assistance Program"
"Kentucky",2015,"Program Administration","State-administered"
"Kentucky",2015,"Reporting Requirements","Simplified reporting only"
"Kentucky",2015,"Simplified Reporting - Action on Changes","Act on all changes"
"Kentucky",2015,"Simplified Reporting - Certification Length","6 & 12 months only"
"Kentucky",2015,"Simplified Income and Resources","Income & Resources"
"Kentucky",2015,"Simplified Self-Employment Determination","No"
"Kentucky",2015,"Simplified Homeless Housing Cost","Yes"
"Kentucky",2015,"Standard Utility Allowances (SUAs)","Mandatory SUAs"
"Kentucky",2015,"Treatment of Vehicles","All vehicles excluded"
"Kentucky",2015,"Child Support Expense Exclusion","No"
"Kentucky",2015,"Child Support Related Disqualification","None"
"Kentucky",2015,"Comparable Disqualifications","Yes"
"Kentucky",2015,"Drug Felony Disqualifications","Modified ban: requiring participation in drug treatment program & excludes individuals assessed as chemically dependent, resident of a drug/alcohol treatment center, or pregnant"
"Kentucky",2015,"Work Requirements and Disqualification Policy","Extended DQ"
"Kentucky",2015,"Broad Based Categorical Eligibility (BBCE)","Yes"
"Kentucky",2015,"Transitional Benefits Alternative (TBA)","No"
"Kentucky",2015,"Document Imaging","Completely electronic files statewide"
"Kentucky",2015,"Demonstrations for the Elderly and Disabled","None"
"Kentucky",2015,"Combined Application Project (CAP)","Modified CAP"
"Kentucky",2015,"Online Application","Apply"
"Kentucky",2015,"Online Case Management","View case information & report changes"
"Kentucky",2015,"Call Centers","Respond to general inquiries, respond to application or case-specific inquiries, accept case changes, process changes, accept initial application, accept recertification applications, & conduct interviews"
"Kentucky",2015,"Mobile Technology","No"
"Louisiana",2015,"SNAP Name","Supplemental Nutrition Assistance Program"
"Louisiana",2015,"Program Administration","State-administered"
"Louisiana",2015,"Reporting Requirements","Simplified reporting only"
"Louisiana",2015,"Simplified Reporting - Action on Changes","Act only on changes that result in an increase in household benefits"
"Louisiana",2015,"Simplified Reporting - Certification Length","12 & 24 months only"
"Louisiana",2015,"Simplified Income and Resources","Income & Resources"
"Louisiana",2015,"Simplified Self-Employment Determination","No"
"Louisiana",2015,"Simplified Homeless Housing Cost","No"
"Louisiana",2015,"Standard Utility Allowances (SUAs)","Mandatory SUAs"
"Louisiana",2015,"Treatment of Vehicles","All vehicles excluded"
"Louisiana",2015,"Child Support Expense Exclusion","Yes"
"Louisiana",2015,"Child Support Related Disqualification","None"
"Louisiana",2015,"Comparable Disqualifications","Yes"
"Louisiana",2015,"Drug Felony Disqualifications","Modified ban: imposing temporary DQ period"
"Louisiana",2015,"Work Requirements and Disqualification Policy","Extended DQ & entire household DQ"
"Louisiana",2015,"Broad Based Categorical Eligibility (BBCE)","No"
"Louisiana",2015,"Transitional Benefits Alternative (TBA)","No"
"Louisiana",2015,"Document Imaging","Completely electronic files statewide"
"Louisiana",2015,"Demonstrations for the Elderly and Disabled","None"
"Louisiana",2015,"Combined Application Project (CAP)","Modified CAP"
"Louisiana",2015,"Online Application","Apply & recertify"
"Louisiana",2015,"Online Case Management","View case information, report changes, & upload documents for verification"
"Louisiana",2015,"Call Centers","Respond to general inquiries"
"Louisiana",2015,"Mobile Technology","SMS messaging only"
"Maine",2015,"SNAP Name","Food Supplement Program"
"Maine",2015,"Program Administration","State-administered"
"Maine",2015,"Reporting Requirements","Simplified reporting only"
"Maine",2015,"Simplified Reporting - Action on Changes","Act on all changes"
"Maine",2015,"Simplified Reporting - Certification Length","12 months only"
"Maine",2015,"Simplified Income and Resources","Income & Resources"
"Maine",2015,"Simplified Self-Employment Determination","No"
"Maine",2015,"Simplified Homeless Housing Cost","Yes"
"Maine",2015,"Standard Utility Allowances (SUAs)","Mandatory SUAs"
"Maine",2015,"Treatment of Vehicles","At least one vehicle excluded"
"Maine",2015,"Child Support Expense Exclusion","Yes"
"Maine",2015,"Child Support Related Disqualification","None"
"Maine",2015,"Comparable Disqualifications","Yes"
"Maine",2015,"Drug Felony Disqualifications","No ban"
"Maine",2015,"Work Requirements and Disqualification Policy","Regulatory minimum"
"Maine",2015,"Broad Based Categorical Eligibility (BBCE)","Yes"
"Maine",2015,"Transitional Benefits Alternative (TBA)","Yes"
"Maine",2015,"Document Imaging","Partially electronic files statewide"
"Maine",2015,"Demonstrations for the Elderly and Disabled","None"
"Maine",2015,"Combined Application Project (CAP)","No"
"Maine",2015,"Online Application","Apply & recertify"
"Maine",2015,"Online Case Management","View case information, report changes, & upload documents for verification"
"Maine",2015,"Call Centers","Respond to general inquiries, respond to application or case-specific inquiries, accept case changes, process changes, accept initial application, & accept recertification applications"
"Maine",2015,"Mobile Technology","No"
"Maryland",2015,"SNAP Name","Food Supplement Program"
"Maryland",2015,"Program Administration","State-administered"
"Maryland",2015,"Reporting Requirements","Simplified reporting only"
"Maryland",2015,"Simplified Reporting - Action on Changes","Act on all changes"
"Maryland",2015,"Simplified Reporting - Certification Length","12 months only"
"Maryland",2015,"Simplified Income and Resources","Income only"
"Maryland",2015,"Simplified Self-Employment Determination","Flat percentage: 30%"
"Maryland",2015,"Simplified Homeless Housing Cost","Yes"
"Maryland",2015,"Standard Utility Allowances (SUAs)","SUAs that are not mandatory"
"Maryland",2015,"Treatment of Vehicles","All vehicles excluded"
"Maryland",2015,"Child Support Expense Exclusion","Yes"
"Maryland",2015,"Child Support Related Disqualification","None"
"Maryland",2015,"Comparable Disqualifications","Yes"
"Maryland",2015,"Drug Felony Disqualifications","Modifications include: requiring drug testing, participation in drug treatment program, & imposing temporary DQ period"
"Maryland",2015,"Work Requirements and Disqualification Policy","Regulatory minimum"
"Maryland",2015,"Broad Based Categorical Eligibility (BBCE)","Yes"
"Maryland",2015,"Transitional Benefits Alternative (TBA)","Yes"
"Maryland",2015,"Document Imaging","Completely electronic files statewide"
"Maryland",2015,"Demonstrations for the Elderly and Disabled","ESAP"
"Maryland",2015,"Combined Application Project (CAP)","Modified CAP"
"Maryland",2015,"Online Application","Apply"
"Maryland",2015,"Online Case Management","Report changes & upload documents for verification"
"Maryland",2015,"Call Centers","Respond to general inquiries, respond to application or case-specific inquiries, accept case changes, & process changes"
"Maryland",2015,"Mobile Technology","No"
"Massachusetts",2015,"SNAP Name","Supplemental Nutrition Assistance Program"
"Massachusetts",2015,"Program Administration","State-administered"
"Massachusetts",2015,"Reporting Requirements","Simplified & change reporting"
"Massachusetts",2015,"Simplified Reporting - Action on Changes","Act only on changes that result in an increase in household benefits"
"Massachusetts",2015,"Simplified Reporting - Certification Length","6, 12, & 24 months"
"Massachusetts",2015,"Simplified Income and Resources","Income & Resources"
"Massachusetts",2015,"Simplified Self-Employment Determination","No"
"Massachusetts",2015,"Simplified Homeless Housing Cost","Yes"
"Massachusetts",2015,"Standard Utility Allowances (SUAs)","Mandatory SUAs"
"Massachusetts",2015,"Treatment of Vehicles","All vehicles excluded"
"Massachusetts",2015,"Child Support Expense Exclusion","Yes"
"Massachusetts",2015,"Child Support Related Disqualification","None"
"Massachusetts",2015,"Comparable Disqualifications","Yes"
"Massachusetts",2015,"Drug Felony Disqualifications","No ban"
"Massachusetts",2015,"Work Requirements and Disqualification Policy","Regulatory minimum"
"Massachusetts",2015,"Broad Based Categorical Eligibility (BBCE)","Yes"
"Massachusetts",2015,"Transitional Benefits Alternative (TBA)","Yes"
"Massachusetts",2015,"Document Imaging","Completely electronic files statewide"
"Massachusetts",2015,"Demonstrations for the Elderly and Disabled","SMD"
"Massachusetts",2015,"Combined Application Project (CAP)","Standard CAP"
"Massachusetts",2015,"Online Application","Apply & recertify"
"Massachusetts",2015,"Online Case Management",""
"Massachusetts",2015,"Call Centers","No case changes, process changes, accept initial application, accept recertification applications, & conduct interviews"
"Massachusetts",2015,"Mobile Technology","No"
"Michigan",2015,"SNAP Name","Food Assistance Program"
"Michigan",2015,"Program Administration","State-administered"
"Michigan",2015,"Reporting Requirements","Simplified & change reporting"
"Michigan",2015,"Simplified Reporting - Action on Changes","Act only on changes that result in an increase in household benefits"
"Michigan",2015,"Simplified Reporting - Certification Length","12 months only"
"Michigan",2015,"Simplified Income and Resources","Resources only"
"Michigan",2015,"Simplified Self-Employment Determination","Flat percentage: 25%"
"Michigan",2015,"Simplified Homeless Housing Cost","No"
"Michigan",2015,"Standard Utility Allowances (SUAs)","Mandatory SUAs"
"Michigan",2015,"Treatment of Vehicles","At least one vehicle excluded"
"Michigan",2015,"Child Support Expense Exclusion","No"
"Michigan",2015,"Child Support Related Disqualification","Failure to cooperate"
"Michigan",2015,"Comparable Disqualifications","No"
"Michigan",2015,"Drug Felony Disqualifications","Lifetime ban"
"Michigan",2015,"Work Requirements and Disqualification Policy","Extended DQ"
"Michigan",2015,"Broad Based Categorical Eligibility (BBCE)","Yes"
"Michigan",2015,"Transitional Benefits Alternative (TBA)","No"
"Michigan",2015,"Document Imaging","Completely electronic files statewide"
"Michigan",2015,"Demonstrations for the Elderly and Disabled","None"
"Michigan",2015,"Combined Application Project (CAP)","Modified CAP"
"Michigan",2015,"Online Application","Apply"
"Michigan",2015,"Online Case Management","View case information, report changes, & upload documents for verification"
"Michigan",2015,"Call Centers","No call center"
"Michigan",2015,"Mobile Technology","SMS messaging only"
"Minnesota",2015,"SNAP Name","Supplemental Nutrition Assistance Program"
"Minnesota",2015,"Program Administration","County-administered"
"Minnesota",2015,"Reporting Requirements","Simplified, change, & monthly reporting"
"Minnesota",2015,"Simplified Reporting - Action on Changes","Act on all changes"
"Minnesota",2015,"Simplified Reporting - Certification Length","12 months only"
"Minnesota",2015,"Simplified Income and Resources","Neither"
"Minnesota",2015,"Simplified Self-Employment Determination","Another method: provides clients two methods based on either 50% current gross self employment income or their annual selfemployment taxable income filed with the IRS within the last twelve months"
"Minnesota",2015,"Simplified Homeless Housing Cost","No"
"Minnesota",2015,"Standard Utility Allowances (SUAs)","Mandatory SUAs"
"Minnesota",2015,"Treatment of Vehicles","All vehicles excluded"
"Minnesota",2015,"Child Support Expense Exclusion","No"
"Minnesota",2015,"Child Support Related Disqualification","None"
"Minnesota",2015,"Comparable Disqualifications","No Modifications include: requiring drug testing, imposing a temporary"
"Minnesota",2015,"Drug Felony Disqualifications","DQ period, & 1st occurrence, 30% sanction until passes drug test, 2nd occurrence, permanent DQ"
"Minnesota",2015,"Work Requirements and Disqualification Policy","Regulatory minimum"
"Minnesota",2015,"Broad Based Categorical Eligibility (BBCE)","Yes"
"Minnesota",2015,"Transitional Benefits Alternative (TBA)","No"
"Minnesota",2015,"Document Imaging","Partially electronic files in specific project areas"
"Minnesota",2015,"Demonstrations for the Elderly and Disabled","None"
"Minnesota",2015,"Combined Application Project (CAP)","No"
"Minnesota",2015,"Online Application","Apply"
"Minnesota",2015,"Online Case Management","No"
"Minnesota",2015,"Call Centers","No call center"
"Minnesota",2015,"Mobile Technology","No"
"Mississippi",2015,"SNAP Name","Supplemental Nutrition Assistance Program"
"Mississippi",2015,"Program Administration","State-administered"
"Mississippi",2015,"Reporting Requirements","Simplified reporting only"
"Mississippi",2015,"Simplified Reporting - Action on Changes","Act on all changes"
"Mississippi",2015,"Simplified Reporting - Certification Length","12 & 24 months only"
"Mississippi",2015,"Simplified Income and Resources","Income & Resources"
"Mississippi",2015,"Simplified Self-Employment Determination","No"
"Mississippi",2015,"Simplified Homeless Housing Cost","No"
"Mississippi",2015,"Standard Utility Allowances (SUAs)","Mandatory SUAs"
"Mississippi",2015,"Treatment of Vehicles","All vehicles excluded"
"Mississippi",2015,"Child Support Expense Exclusion","No"
"Mississippi",2015,"Child Support Related Disqualification","Failure to cooperate & arrearage on support payments"
"Mississippi",2015,"Comparable Disqualifications","Yes"
"Mississippi",2015,"Drug Felony Disqualifications","Lifetime ban Extended DQ, entire household"
"Mississippi",2015,"Work Requirements and Disqualification Policy","DQ, & permanent DQ"
"Mississippi",2015,"Broad Based Categorical Eligibility (BBCE)","Yes"
"Mississippi",2015,"Transitional Benefits Alternative (TBA)","No"
"Mississippi",2015,"Document Imaging","Completely electronic files statewide"
"Mississippi",2015,"Demonstrations for the Elderly and Disabled","ESAP"
"Mississippi",2015,"Combined Application Project (CAP)","Standard CAP"
"Mississippi",2015,"Online Application","No"
"Mississippi",2015,"Online Case Management","View case information"
"Mississippi",2015,"Call Centers","No call center"
"Mississippi",2015,"Mobile Technology","No"
"Missouri",2015,"SNAP Name","Food Stamp Program"
"Missouri",2015,"Program Administration","State-administered"
"Missouri",2015,"Reporting Requirements","Simplified reporting only"
"Missouri",2015,"Simplified Reporting - Action on Changes","Act on all changes"
"Missouri",2015,"Simplified Reporting - Certification Length","12 & 24 months only"
"Missouri",2015,"Simplified Income and Resources","Neither"
"Missouri",2015,"Simplified Self-Employment Determination","No"
"Missouri",2015,"Simplified Homeless Housing Cost","No"
"Missouri",2015,"Standard Utility Allowances (SUAs)","Mandatory SUAs"
"Missouri",2015,"Treatment of Vehicles","All vehicles excluded"
"Missouri",2015,"Child Support Expense Exclusion","Yes"
"Missouri",2015,"Child Support Related Disqualification","None"
"Missouri",2015,"Comparable Disqualifications","No Modifications include: limiting circumstances in which permanent"
"Missouri",2015,"Drug Felony Disqualifications","DQ applies, requiring drug testing, & requiring participation in drug treatment program"
"Missouri",2015,"Work Requirements and Disqualification Policy","Regulatory minimum"
"Missouri",2015,"Broad Based Categorical Eligibility (BBCE)","No"
"Missouri",2015,"Transitional Benefits Alternative (TBA)","No"
"Missouri",2015,"Document Imaging","Partially electronic files in specific project areas"
"Missouri",2015,"Demonstrations for the Elderly and Disabled","SMD"
"Missouri",2015,"Combined Application Project (CAP)","No"
"Missouri",2015,"Online Application","No"
"Missouri",2015,"Online Case Management","Report changes"
"Missouri",2015,"Call Centers","Respond to general inquiries, respond to application or case-specific inquiries, accept case changes, process changes, accept initial application, accept recertification applications, & conduct interviews"
"Missouri",2015,"Mobile Technology","No"
"Montana",2015,"SNAP Name","Supplemental Nutrition Assistance Program"
"Montana",2015,"Program Administration","State-administered"
"Montana",2015,"Reporting Requirements","Simplified & change reporting"
"Montana",2015,"Simplified Reporting - Action on Changes","Act on all changes"
"Montana",2015,"Simplified Reporting - Certification Length","12 months only"
"Montana",2015,"Simplified Income and Resources","Resources only"
"Montana",2015,"Simplified Self-Employment Determination","No"
"Montana",2015,"Simplified Homeless Housing Cost","No"
"Montana",2015,"Standard Utility Allowances (SUAs)","Mandatory SUAs"
"Montana",2015,"Treatment of Vehicles","All vehicles excluded"
"Montana",2015,"Child Support Expense Exclusion","No"
"Montana",2015,"Child Support Related Disqualification","None"
"Montana",2015,"Comparable Disqualifications","No"
"Montana",2015,"Drug Felony Disqualifications","Modified ban"
"Montana",2015,"Work Requirements and Disqualification Policy","Regulatory minimum"
"Montana",2015,"Broad Based Categorical Eligibility (BBCE)","Yes"
"Montana",2015,"Transitional Benefits Alternative (TBA)","No"
"Montana",2015,"Document Imaging","Completely electronic files statewide"
"Montana",2015,"Demonstrations for the Elderly and Disabled","None"
"Montana",2015,"Combined Application Project (CAP)","No"
"Montana",2015,"Online Application","Apply & recertify"
"Montana",2015,"Online Case Management","View case information, report changes, & upload documents for verification"
"Montana",2015,"Call Centers","No call center"
"Montana",2015,"Mobile Technology","No"
"Nebraska",2015,"SNAP Name","Supplemental Nutrition Assistance Program"
"Nebraska",2015,"Program Administration","State-administered"
"Nebraska",2015,"Reporting Requirements","Simplified & change reporting"
"Nebraska",2015,"Simplified Reporting - Action on Changes","Act on all changes"
"Nebraska",2015,"Simplified Reporting - Certification Length","6 months only"
"Nebraska",2015,"Simplified Income and Resources","Resources only"
"Nebraska",2015,"Simplified Self-Employment Determination","No"
"Nebraska",2015,"Simplified Homeless Housing Cost","No"
"Nebraska",2015,"Standard Utility Allowances (SUAs)","Mandatory SUAs"
"Nebraska",2015,"Treatment of Vehicles","At least one vehicle excluded"
"Nebraska",2015,"Child Support Expense Exclusion","No"
"Nebraska",2015,"Child Support Related Disqualification","Failure to cooperate"
"Nebraska",2015,"Comparable Disqualifications","Yes"
"Nebraska",2015,"Drug Felony Disqualifications","Modifications include: limiting circumstances in which the permanent DQ applies & imposing a temporary DQ period"
"Nebraska",2015,"Work Requirements and Disqualification Policy","Entire household DQ"
"Nebraska",2015,"Broad Based Categorical Eligibility (BBCE)","Yes"
"Nebraska",2015,"Transitional Benefits Alternative (TBA)","Yes"
"Nebraska",2015,"Document Imaging","Completely electronic files statewide"
"Nebraska",2015,"Demonstrations for the Elderly and Disabled","None"
"Nebraska",2015,"Combined Application Project (CAP)","No"
"Nebraska",2015,"Online Application","Apply & recertify"
"Nebraska",2015,"Online Case Management","View case information, report changes, & upload documents for verification"
"Nebraska",2015,"Call Centers","Respond to general inquiries, respond to application or case-specific inquiries, accept case changes, process changes, accept initial application, accept recertification applications, & conduct interviews"
"Nebraska",2015,"Mobile Technology","SMS messaging only"
"Nevada",2015,"SNAP Name","Supplemental Nutrition Assistance Program"
"Nevada",2015,"Program Administration","State-administered"
"Nevada",2015,"Reporting Requirements","Simplified & change reporting"
"Nevada",2015,"Simplified Reporting - Action on Changes","Act on all changes"
"Nevada",2015,"Simplified Reporting - Certification Length","6 months only"
"Nevada",2015,"Simplified Income and Resources","Income & Resources"
"Nevada",2015,"Simplified Self-Employment Determination","No"
"Nevada",2015,"Simplified Homeless Housing Cost","Yes"
"Nevada",2015,"Standard Utility Allowances (SUAs)","Mandatory SUAs"
"Nevada",2015,"Treatment of Vehicles","At least one vehicle excluded"
"Nevada",2015,"Child Support Expense Exclusion","No"
"Nevada",2015,"Child Support Related Disqualification","None"
"Nevada",2015,"Comparable Disqualifications","No"
"Nevada",2015,"Drug Felony Disqualifications","Modifications include: requiring participation in a drug treatment program"
"Nevada",2015,"Work Requirements and Disqualification Policy","Regulatory minimum"
"Nevada",2015,"Broad Based Categorical Eligibility (BBCE)","Yes"
"Nevada",2015,"Transitional Benefits Alternative (TBA)","No"
"Nevada",2015,"Document Imaging","Completely electronic files statewide"
"Nevada",2015,"Demonstrations for the Elderly and Disabled","None"
"Nevada",2015,"Combined Application Project (CAP)","No"
"Nevada",2015,"Online Application","Apply & recertify"
"Nevada",2015,"Online Case Management","View case information"
"Nevada",2015,"Call Centers","Respond to general inquiries, respond to application or case-specific inquiries, accept case changes, & process changes"
"Nevada",2015,"Mobile Technology","No"
"New Hampshire",2015,"SNAP Name","Food Stamps"
"New Hampshire",2015,"Program Administration","State-administered"
"New Hampshire",2015,"Reporting Requirements","Simplified reporting only"
"New Hampshire",2015,"Simplified Reporting - Action on Changes","Act on all changes"
"New Hampshire",2015,"Simplified Reporting - Certification Length","6 months only"
"New Hampshire",2015,"Simplified Income and Resources","Income only"
"New Hampshire",2015,"Simplified Self-Employment Determination","No"
"New Hampshire",2015,"Simplified Homeless Housing Cost","Yes"
"New Hampshire",2015,"Standard Utility Allowances (SUAs)","Mandatory SUAs"
"New Hampshire",2015,"Treatment of Vehicles","At least one vehicle excluded"
"New Hampshire",2015,"Child Support Expense Exclusion","No"
"New Hampshire",2015,"Child Support Related Disqualification","None"
"New Hampshire",2015,"Comparable Disqualifications","No"
"New Hampshire",2015,"Drug Felony Disqualifications","No ban"
"New Hampshire",2015,"Work Requirements and Disqualification Policy","Extended DQ & permanent DQ"
"New Hampshire",2015,"Broad Based Categorical Eligibility (BBCE)","Yes"
"New Hampshire",2015,"Transitional Benefits Alternative (TBA)","Yes"
"New Hampshire",2015,"Document Imaging","Completely electronic files statewide"
"New Hampshire",2015,"Demonstrations for the Elderly and Disabled","SMD"
"New Hampshire",2015,"Combined Application Project (CAP)","No"
"New Hampshire",2015,"Online Application","Apply & recertify"
"New Hampshire",2015,"Online Case Management","View case information, report changes, & upload documents for verification"
"New Hampshire",2015,"Call Centers","Respond to general inquiries, respond to application or case-specific inquiries, accept case changes, process changes, accept initial application, accept recertification applications, & conduct interviews"
"New Hampshire",2015,"Mobile Technology","SMS messaging only"
"New Jersey",2015,"SNAP Name","Supplemental Nutrition Assistance Program"
"New Jersey",2015,"Program Administration","County-administered"
"New Jersey",2015,"Reporting Requirements","Simplified & change reporting"
"New Jersey",2015,"Simplified Reporting - Action on Changes","Act on all changes"
"New Jersey",2015,"Simplified Reporting - Certification Length","12 & 24 months only"
"New Jersey",2015,"Simplified Income and Resources","Resources only"
"New Jersey",2015,"Simplified Self-Employment Determination","Flat percentage: 51%"
"New Jersey",2015,"Simplified Homeless Housing Cost","Yes"
"New Jersey",2015,"Standard Utility Allowances (SUAs)","Mandatory SUAs"
"New Jersey",2015,"Treatment of Vehicles","All vehicles excluded"
"New Jersey",2015,"Child Support Expense Exclusion","Yes"
"New Jersey",2015,"Child Support Related Disqualification","None"
"New Jersey",2015,"Comparable Disqualifications","Yes"
"New Jersey",2015,"Drug Felony Disqualifications","No ban"
"New Jersey",2015,"Work Requirements and Disqualification Policy","Regulatory minimum"
"New Jersey",2015,"Broad Based Categorical Eligibility (BBCE)","Yes"
"New Jersey",2015,"Transitional Benefits Alternative (TBA)","No"
"New Jersey",2015,"Document Imaging","Completely electronic files statewide"
"New Jersey",2015,"Demonstrations for the Elderly and Disabled","None"
"New Jersey",2015,"Combined Application Project (CAP)","Modified CAP"
"New Jersey",2015,"Online Application","Apply"
"New Jersey",2015,"Online Case Management","No"
"New Jersey",2015,"Call Centers","No call center"
"New Jersey",2015,"Mobile Technology","No"
"New Mexico",2015,"SNAP Name","Supplemental Nutrition Assistance Program"
"New Mexico",2015,"Program Administration","State-administered"
"New Mexico",2015,"Reporting Requirements","Simplified reporting only"
"New Mexico",2015,"Simplified Reporting - Action on Changes","Act only on changes that result in an increase in household benefits"
"New Mexico",2015,"Simplified Reporting - Certification Length","12 & 24 months only"
"New Mexico",2015,"Simplified Income and Resources","Income only"
"New Mexico",2015,"Simplified Self-Employment Determination","No"
"New Mexico",2015,"Simplified Homeless Housing Cost","Yes"
"New Mexico",2015,"Standard Utility Allowances (SUAs)","Mandatory SUAs"
"New Mexico",2015,"Treatment of Vehicles","All vehicles excluded"
"New Mexico",2015,"Child Support Expense Exclusion","No"
"New Mexico",2015,"Child Support Related Disqualification","Failure to cooperate"
"New Mexico",2015,"Comparable Disqualifications","Yes"
"New Mexico",2015,"Drug Felony Disqualifications","No ban"
"New Mexico",2015,"Work Requirements and Disqualification Policy","Extended DQ"
"New Mexico",2015,"Broad Based Categorical Eligibility (BBCE)","Yes"
"New Mexico",2015,"Transitional Benefits Alternative (TBA)","Yes"
"New Mexico",2015,"Document Imaging","Completely electronic files statewide"
"New Mexico",2015,"Demonstrations for the Elderly and Disabled","None"
"New Mexico",2015,"Combined Application Project (CAP)","No"
"New Mexico",2015,"Online Application","Apply & recertify"
"New Mexico",2015,"Online Case Management","View case information, report changes, & upload documents for verification"
"New Mexico",2015,"Call Centers","Respond to general inquiries, respond to application or case-specific inquiries, accept case changes, process changes, & conduct interviews"
"New Mexico",2015,"Mobile Technology","No"
"New York",2015,"SNAP Name","Supplemental Nutrition Assistance Program"
"New York",2015,"Program Administration","County-administered"
"New York",2015,"Reporting Requirements","Simplified & change reporting"
"New York",2015,"Simplified Reporting - Action on Changes","Act only on changes that result in an increase in household benefits"
"New York",2015,"Simplified Reporting - Certification Length","6, 12, & 24 months"
"New York",2015,"Simplified Income and Resources","Income & Resources"
"New York",2015,"Simplified Self-Employment Determination","No"
"New York",2015,"Simplified Homeless Housing Cost","Yes"
"New York",2015,"Standard Utility Allowances (SUAs)","Mandatory SUAs"
"New York",2015,"Treatment of Vehicles","All vehicles excluded"
"New York",2015,"Child Support Expense Exclusion","Yes"
"New York",2015,"Child Support Related Disqualification","None"
"New York",2015,"Comparable Disqualifications","No"
"New York",2015,"Drug Felony Disqualifications","No ban"
"New York",2015,"Work Requirements and Disqualification Policy","Extended DQ"
"New York",2015,"Broad Based Categorical Eligibility (BBCE)","Yes"
"New York",2015,"Transitional Benefits Alternative (TBA)","Yes"
"New York",2015,"Document Imaging","Partially electronic files statewide"
"New York",2015,"Demonstrations for the Elderly and Disabled","None"
"New York",2015,"Combined Application Project (CAP)","Standard CAP"
"New York",2015,"Online Application","Apply"
"New York",2015,"Online Case Management","No"
"New York",2015,"Call Centers","No call center"
"New York",2015,"Mobile Technology","Developing mobile app for New York City only"
"North Carolina",2015,"SNAP Name","Food and Nutrition Services"
"North Carolina",2015,"Program Administration","County-administered"
"North Carolina",2015,"Reporting Requirements","Simplified & change reporting"
"North Carolina",2015,"Simplified Reporting - Action on Changes","Act on all changes"
"North Carolina",2015,"Simplified Reporting - Certification Length","6 & 12 months only"
"North Carolina",2015,"Simplified Income and Resources","Income & Resources"
"North Carolina",2015,"Simplified Self-Employment Determination","No"
"North Carolina",2015,"Simplified Homeless Housing Cost","No"
"North Carolina",2015,"Standard Utility Allowances (SUAs)","Mandatory SUAs"
"North Carolina",2015,"Treatment of Vehicles","All vehicles excluded"
"North Carolina",2015,"Child Support Expense Exclusion","No"
"North Carolina",2015,"Child Support Related Disqualification","None"
"North Carolina",2015,"Comparable Disqualifications","No"
"North Carolina",2015,"Drug Felony Disqualifications","Modifications include: requiring participation in drug treatment program"
"North Carolina",2015,"Work Requirements and Disqualification Policy","Regulatory minimum"
"North Carolina",2015,"Broad Based Categorical Eligibility (BBCE)","Yes"
"North Carolina",2015,"Transitional Benefits Alternative (TBA)","Yes"
"North Carolina",2015,"Document Imaging","Partially electronic files in specific project areas"
"North Carolina",2015,"Demonstrations for the Elderly and Disabled","None"
"North Carolina",2015,"Combined Application Project (CAP)","Modified CAP"
"North Carolina",2015,"Online Application","Apply"
"North Carolina",2015,"Online Case Management","No"
"North Carolina",2015,"Call Centers","Respond to general inquiries"
"North Carolina",2015,"Mobile Technology","No"
"North Dakota",2015,"SNAP Name","Supplemental Nutrition Assistance Program"
"North Dakota",2015,"Program Administration","County-administered"
"North Dakota",2015,"Reporting Requirements","Simplified reporting only"
"North Dakota",2015,"Simplified Reporting - Action on Changes","Act only on changes that result in an increase in household benefits"
"North Dakota",2015,"Simplified Reporting - Certification Length","6 & 12 months only"
"North Dakota",2015,"Simplified Income and Resources","Income & Resources"
"North Dakota",2015,"Simplified Self-Employment Determination","No"
"North Dakota",2015,"Simplified Homeless Housing Cost","No"
"North Dakota",2015,"Standard Utility Allowances (SUAs)","SUAs that are not mandatory"
"North Dakota",2015,"Treatment of Vehicles","At least one vehicle excluded"
"North Dakota",2015,"Child Support Expense Exclusion","No"
"North Dakota",2015,"Child Support Related Disqualification","None"
"North Dakota",2015,"Comparable Disqualifications","No Modifications include: imposing temporary"
"North Dakota",2015,"Drug Felony Disqualifications","DQ period"
"North Dakota",2015,"Work Requirements and Disqualification Policy","Regulatory minimum"
"North Dakota",2015,"Broad Based Categorical Eligibility (BBCE)","Yes"
"North Dakota",2015,"Transitional Benefits Alternative (TBA)","No"
"North Dakota",2015,"Document Imaging","Partially electronic files statewide"
"North Dakota",2015,"Demonstrations for the Elderly and Disabled","SMD"
"North Dakota",2015,"Combined Application Project (CAP)","No"
"North Dakota",2015,"Online Application","Apply & recertify"
"North Dakota",2015,"Online Case Management","Upload documents for verifications"
"North Dakota",2015,"Call Centers","No call center"
"North Dakota",2015,"Mobile Technology","No"
"Ohio",2015,"SNAP Name","Supplemental Nutrition Assistance Program"
"Ohio",2015,"Program Administration","County-administered"
"Ohio",2015,"Reporting Requirements","Simplified reporting only"
"Ohio",2015,"Simplified Reporting - Action on Changes","Act on all changes"
"Ohio",2015,"Simplified Reporting - Certification Length","12 & 24 months only"
"Ohio",2015,"Simplified Income and Resources","Neither"
"Ohio",2015,"Simplified Self-Employment Determination","Flat percentage: 50%"
"Ohio",2015,"Simplified Homeless Housing Cost","Yes"
"Ohio",2015,"Standard Utility Allowances (SUAs)","Mandatory SUAs"
"Ohio",2015,"Treatment of Vehicles","All vehicles excluded"
"Ohio",2015,"Child Support Expense Exclusion","No"
"Ohio",2015,"Child Support Related Disqualification","Failure to cooperate"
"Ohio",2015,"Comparable Disqualifications","Yes"
"Ohio",2015,"Drug Felony Disqualifications","No ban"
"Ohio",2015,"Work Requirements and Disqualification Policy","Regulatory minimum"
"Ohio",2015,"Broad Based Categorical Eligibility (BBCE)","Yes"
"Ohio",2015,"Transitional Benefits Alternative (TBA)","No"
"Ohio",2015,"Document Imaging","Partially electronic files in specific project areas"
"Ohio",2015,"Demonstrations for the Elderly and Disabled","None"
"Ohio",2015,"Combined Application Project (CAP)","No"
"Ohio",2015,"Online Application","Apply & recertify"
"Ohio",2015,"Online Case Management","View case information & report changes"
"Ohio",2015,"Call Centers","No call center"
"Ohio",2015,"Mobile Technology","No"
"Oklahoma",2015,"SNAP Name","Supplemental Nutrition Assistance Program"
"Oklahoma",2015,"Program Administration","State-administered"
"Oklahoma",2015,"Reporting Requirements","Simplified & change reporting"
"Oklahoma",2015,"Simplified Reporting - Action on Changes","Act only on changes that result in an increase in household benefits"
"Oklahoma",2015,"Simplified Reporting - Certification Length","12 & 24 months only"
"Oklahoma",2015,"Simplified Income and Resources","Income only"
"Oklahoma",2015,"Simplified Self-Employment Determination","Flat percentage: 50%"
"Oklahoma",2015,"Simplified Homeless Housing Cost","No"
"Oklahoma",2015,"Standard Utility Allowances (SUAs)","Mandatory SUAs"
"Oklahoma",2015,"Treatment of Vehicles","All vehicles excluded"
"Oklahoma",2015,"Child Support Expense Exclusion","No"
"Oklahoma",2015,"Child Support Related Disqualification","None"
"Oklahoma",2015,"Comparable Disqualifications","No"
"Oklahoma",2015,"Drug Felony Disqualifications","No ban"
"Oklahoma",2015,"Work Requirements and Disqualification Policy","Extended DQ & entire household DQ"
"Oklahoma",2015,"Broad Based Categorical Eligibility (BBCE)","Yes"
"Oklahoma",2015,"Transitional Benefits Alternative (TBA)","Yes"
"Oklahoma",2015,"Document Imaging","Completely electronic files statewide"
"Oklahoma",2015,"Demonstrations for the Elderly and Disabled","None"
"Oklahoma",2015,"Combined Application Project (CAP)","No"
"Oklahoma",2015,"Online Application","Apply & recertify"
"Oklahoma",2015,"Online Case Management","View case information & report changes"
"Oklahoma",2015,"Call Centers","Respond to general inquiries, respond to appli‐ cation or case-specific inquiries, accept case changes, accept initial applications, &accept recertifications"
"Oklahoma",2015,"Mobile Technology","No"
"Oregon",2015,"SNAP Name","Supplemental Nutrition Assistance Program"
"Oregon",2015,"Program Administration","State-administered"
"Oregon",2015,"Reporting Requirements","Simplified & change reporting"
"Oregon",2015,"Simplified Reporting - Action on Changes","Act only on changes that result in an increase in household benefits"
"Oregon",2015,"Simplified Reporting - Certification Length","12 months only"
"Oregon",2015,"Simplified Income and Resources","Neither"
"Oregon",2015,"Simplified Self-Employment Determination","Flat percentage: 50%"
"Oregon",2015,"Simplified Homeless Housing Cost","No"
"Oregon",2015,"Standard Utility Allowances (SUAs)","Mandatory SUAs"
"Oregon",2015,"Treatment of Vehicles","At least one vehicle excluded"
"Oregon",2015,"Child Support Expense Exclusion","No"
"Oregon",2015,"Child Support Related Disqualification","None"
"Oregon",2015,"Comparable Disqualifications","Yes"
"Oregon",2015,"Drug Felony Disqualifications","No Ban"
"Oregon",2015,"Work Requirements and Disqualification Policy","Regulatory minimum"
"Oregon",2015,"Broad Based Categorical Eligibility (BBCE)","Yes"
"Oregon",2015,"Transitional Benefits Alternative (TBA)","Yes"
"Oregon",2015,"Document Imaging","Partially electronic files statewide"
"Oregon",2015,"Demonstrations for the Elderly and Disabled","None"
"Oregon",2015,"Combined Application Project (CAP)","No"
"Oregon",2015,"Online Application","Apply & recertify"
"Oregon",2015,"Online Case Management",""
"Oregon",2015,"Call Centers","No case changes, process changes, accept initial application, accept recertification applications, & conduct interviews"
"Oregon",2015,"Mobile Technology","No"
"Pennsylvania",2015,"SNAP Name","Supplemental Nutrition Assistance Program"
"Pennsylvania",2015,"Program Administration","State-administered"
"Pennsylvania",2015,"Reporting Requirements","Simplified reporting only"
"Pennsylvania",2015,"Simplified Reporting - Action on Changes","Act on all changes"
"Pennsylvania",2015,"Simplified Reporting - Certification Length","12 & 24 months only"
"Pennsylvania",2015,"Simplified Income and Resources","Income only"
"Pennsylvania",2015,"Simplified Self-Employment Determination","No"
"Pennsylvania",2015,"Simplified Homeless Housing Cost","Yes"
"Pennsylvania",2015,"Standard Utility Allowances (SUAs)","Mandatory SUAs"
"Pennsylvania",2015,"Treatment of Vehicles","At least one vehicle excluded"
"Pennsylvania",2015,"Child Support Expense Exclusion","Yes"
"Pennsylvania",2015,"Child Support Related Disqualification","None"
"Pennsylvania",2015,"Comparable Disqualifications","Yes"
"Pennsylvania",2015,"Drug Felony Disqualifications","No ban"
"Pennsylvania",2015,"Work Requirements and Disqualification Policy","Regulatory minimum"
"Pennsylvania",2015,"Broad Based Categorical Eligibility (BBCE)","Yes"
"Pennsylvania",2015,"Transitional Benefits Alternative (TBA)","Yes"
"Pennsylvania",2015,"Document Imaging","Partially electronic files statewide"
"Pennsylvania",2015,"Demonstrations for the Elderly and Disabled","None"
"Pennsylvania",2015,"Combined Application Project (CAP)","Standard CAP"
"Pennsylvania",2015,"Online Application","Apply & recertify"
"Pennsylvania",2015,"Online Case Management","View case information, report changes, & upload documents for verification"
"Pennsylvania",2015,"Call Centers","Respond to general inquiries, respond to application or case-specific inquiries, accept case changes, & process changes"
"Pennsylvania",2015,"Mobile Technology","No"
"Rhode Island",2015,"SNAP Name","Supplemental Nutrition Assistance Program"
"Rhode Island",2015,"Program Administration","State-administered"
"Rhode Island",2015,"Reporting Requirements","Simplified & change reporting"
"Rhode Island",2015,"Simplified Reporting - Action on Changes","Act on all changes"
"Rhode Island",2015,"Simplified Reporting - Certification Length","12 months only"
"Rhode Island",2015,"Simplified Income and Resources","Neither"
"Rhode Island",2015,"Simplified Self-Employment Determination","No"
"Rhode Island",2015,"Simplified Homeless Housing Cost","Yes"
"Rhode Island",2015,"Standard Utility Allowances (SUAs)","Mandatory SUAs"
"Rhode Island",2015,"Treatment of Vehicles","At least one vehicle excluded"
"Rhode Island",2015,"Child Support Expense Exclusion","Yes"
"Rhode Island",2015,"Child Support Related Disqualification","None"
"Rhode Island",2015,"Comparable Disqualifications","No"
"Rhode Island",2015,"Drug Felony Disqualifications","No ban"
"Rhode Island",2015,"Work Requirements and Disqualification Policy","Entire household DQ"
"Rhode Island",2015,"Broad Based Categorical Eligibility (BBCE)","Yes"
"Rhode Island",2015,"Transitional Benefits Alternative (TBA)","No"
"Rhode Island",2015,"Document Imaging","Partially electronic files in specific project areas"
"Rhode Island",2015,"Demonstrations for the Elderly and Disabled","SMD"
"Rhode Island",2015,"Combined Application Project (CAP)","No"
"Rhode Island",2015,"Online Application","Apply & recertify"
"Rhode Island",2015,"Online Case Management","View case information"
"Rhode Island",2015,"Call Centers","Respond to general inquiries, respond to application or case-specific inquiries, accept case changes, process changes, accept initial application, accept recertification applications, & conduct interviews"
"Rhode Island",2015,"Mobile Technology","No"
"South Carolina",2015,"SNAP Name","Supplemental Nutrition Assistance Program"
"South Carolina",2015,"Program Administration","State-administered"
"South Carolina",2015,"Reporting Requirements","Simplified reporting only"
"South Carolina",2015,"Simplified Reporting - Action on Changes","Act only on changes that result in an increase in household benefits"
"South Carolina",2015,"Simplified Reporting - Certification Length","6 & 24 months only"
"South Carolina",2015,"Simplified Income and Resources","Income only"
"South Carolina",2015,"Simplified Self-Employment Determination","Flat percentage: 40%"
"South Carolina",2015,"Simplified Homeless Housing Cost","Yes"
"South Carolina",2015,"Standard Utility Allowances (SUAs)","Mandatory SUAs"
"South Carolina",2015,"Treatment of Vehicles","At least one vehicle excluded"
"South Carolina",2015,"Child Support Expense Exclusion","No"
"South Carolina",2015,"Child Support Related Disqualification","None"
"South Carolina",2015,"Comparable Disqualifications","Yes"
"South Carolina",2015,"Drug Felony Disqualifications","Lifetime ban"
"South Carolina",2015,"Work Requirements and Disqualification Policy","Regulatory minimum"
"South Carolina",2015,"Broad Based Categorical Eligibility (BBCE)","Yes"
"South Carolina",2015,"Transitional Benefits Alternative (TBA)","No"
"South Carolina",2015,"Document Imaging","Completely electronic files statewide"
"South Carolina",2015,"Demonstrations for the Elderly and Disabled","SMD & ESAP"
"South Carolina",2015,"Combined Application Project (CAP)","Standard CAP"
"South Carolina",2015,"Online Application","Apply"
"South Carolina",2015,"Online Case Management",""
"South Carolina",2015,"Call Centers","No cation or case specific inquiries & accept case changes"
"South Carolina",2015,"Mobile Technology","Developing mobile app"
"South Dakota",2015,"SNAP Name","Supplemental Nutrition Assistance Program"
"South Dakota",2015,"Program Administration","State-administered"
"South Dakota",2015,"Reporting Requirements","Simplified reporting only"
"South Dakota",2015,"Simplified Reporting - Action on Changes","Act only on changes that result in an increase in household benefits"
"South Dakota",2015,"Simplified Reporting - Certification Length","12 months only"
"South Dakota",2015,"Simplified Income and Resources","Neither"
"South Dakota",2015,"Simplified Self-Employment Determination","Flat percentage: 55%"
"South Dakota",2015,"Simplified Homeless Housing Cost","No"
"South Dakota",2015,"Standard Utility Allowances (SUAs)","Mandatory SUAs"
"South Dakota",2015,"Treatment of Vehicles","At least one vehicle excluded"
"South Dakota",2015,"Child Support Expense Exclusion","Yes"
"South Dakota",2015,"Child Support Related Disqualification","None"
"South Dakota",2015,"Comparable Disqualifications","Yes"
"South Dakota",2015,"Drug Felony Disqualifications","No ban"
"South Dakota",2015,"Work Requirements and Disqualification Policy","Extended DQ"
"South Dakota",2015,"Broad Based Categorical Eligibility (BBCE)","No"
"South Dakota",2015,"Transitional Benefits Alternative (TBA)","No"
"South Dakota",2015,"Document Imaging","Completely electronic files statewide"
"South Dakota",2015,"Demonstrations for the Elderly and Disabled","None"
"South Dakota",2015,"Combined Application Project (CAP)","Modified CAP"
"South Dakota",2015,"Online Application","Apply & recertify"
"South Dakota",2015,"Online Case Management","Report changes & upload documents for verification"
"South Dakota",2015,"Call Centers","No call center"
"South Dakota",2015,"Mobile Technology","No"
"Tennessee",2015,"SNAP Name","Supplemental Nutrition Assistance Program"
"Tennessee",2015,"Program Administration","State-administered"
"Tennessee",2015,"Reporting Requirements","Simplified reporting only"
"Tennessee",2015,"Simplified Reporting - Action on Changes","Act on all changes"
"Tennessee",2015,"Simplified Reporting - Certification Length","12 months only"
"Tennessee",2015,"Simplified Income and Resources","Resources only"
"Tennessee",2015,"Simplified Self-Employment Determination","No"
"Tennessee",2015,"Simplified Homeless Housing Cost","Yes"
"Tennessee",2015,"Standard Utility Allowances (SUAs)","SUAs that are not mandatory"
"Tennessee",2015,"Treatment of Vehicles","All vehicles excluded"
"Tennessee",2015,"Child Support Expense Exclusion","No"
"Tennessee",2015,"Child Support Related Disqualification","None"
"Tennessee",2015,"Comparable Disqualifications","Yes"
"Tennessee",2015,"Drug Felony Disqualifications","Modifications include: requiring participation in a drug treatment program"
"Tennessee",2015,"Work Requirements and Disqualification Policy","Regulatory minimum"
"Tennessee",2015,"Broad Based Categorical Eligibility (BBCE)","No"
"Tennessee",2015,"Transitional Benefits Alternative (TBA)","Yes"
"Tennessee",2015,"Document Imaging","Partially electronic files statewide"
"Tennessee",2015,"Demonstrations for the Elderly and Disabled","None"
"Tennessee",2015,"Combined Application Project (CAP)","No"
"Tennessee",2015,"Online Application","No"
"Tennessee",2015,"Online Case Management","View case information & report changes"
"Tennessee",2015,"Call Centers","Respond to general inquiries, respond to application or case-specific inquiries, accept case changes, process changes, & conduct interviews"
"Tennessee",2015,"Mobile Technology","No"
"Texas",2015,"SNAP Name","Supplemental Nutrition Assistance Program"
"Texas",2015,"Program Administration","State-administered"
"Texas",2015,"Reporting Requirements","Simplified reporting only"
"Texas",2015,"Simplified Reporting - Action on Changes","Act on all changes"
"Texas",2015,"Simplified Reporting - Certification Length","6 months only"
"Texas",2015,"Simplified Income and Resources","Income & Resources"
"Texas",2015,"Simplified Self-Employment Determination","No"
"Texas",2015,"Simplified Homeless Housing Cost","Yes"
"Texas",2015,"Standard Utility Allowances (SUAs)","Mandatory SUAs"
"Texas",2015,"Treatment of Vehicles","At least one vehicle excluded"
"Texas",2015,"Child Support Expense Exclusion","No"
"Texas",2015,"Child Support Related Disqualification","None"
"Texas",2015,"Comparable Disqualifications","No"
"Texas",2015,"Drug Felony Disqualifications","Modifications include: limiting circumstances in which the permanent DQ applies, & imposing a temporary DQ period"
"Texas",2015,"Work Requirements and Disqualification Policy","Entire household DQ"
"Texas",2015,"Broad Based Categorical Eligibility (BBCE)","Yes"
"Texas",2015,"Transitional Benefits Alternative (TBA)","No"
"Texas",2015,"Document Imaging","Completely electronic files statewide"
"Texas",2015,"Demonstrations for the Elderly and Disabled","SMD"
"Texas",2015,"Combined Application Project (CAP)","Modified CAP"
"Texas",2015,"Online Application","Apply & recertify"
"Texas",2015,"Online Case Management","View case information, report changes, & upload documents for verification"
"Texas",2015,"Call Centers","Respond to general inquiries, respond to application or case-specific inquiries, accept case changes, & process changes"
"Texas",2015,"Mobile Technology","SMS messaging and mobile app"
"Utah",2015,"SNAP Name","Food Stamps"
"Utah",2015,"Program Administration","State-administered"
"Utah",2015,"Reporting Requirements","Simplified reporting only"
"Utah",2015,"Simplified Reporting - Action on Changes","Act on all changes"
"Utah",2015,"Simplified Reporting - Certification Length","6 & 12 months only"
"Utah",2015,"Simplified Income and Resources","Income & Resources"
"Utah",2015,"Simplified Self-Employment Determination","No"
"Utah",2015,"Simplified Homeless Housing Cost","Yes"
"Utah",2015,"Standard Utility Allowances (SUAs)","Mandatory SUAs"
"Utah",2015,"Treatment of Vehicles","Al vehicles excluded"
"Utah",2015,"Child Support Expense Exclusion","No"
"Utah",2015,"Child Support Related Disqualification","None"
"Utah",2015,"Comparable Disqualifications","No"
"Utah",2015,"Drug Felony Disqualifications","No ban"
"Utah",2015,"Work Requirements and Disqualification Policy","Extended DQ"
"Utah",2015,"Broad Based Categorical Eligibility (BBCE)","No"
"Utah",2015,"Transitional Benefits Alternative (TBA)","No"
"Utah",2015,"Document Imaging","Completely electronic files statewide"
"Utah",2015,"Demonstrations for the Elderly and Disabled","None"
"Utah",2015,"Combined Application Project (CAP)","No"
"Utah",2015,"Online Application","Apply & recertify"
"Utah",2015,"Online Case Management","View case information & report changes"
"Utah",2015,"Call Centers","Respond to general inquiries, respond to application or case-specific inquiries, accept case changes, process changes, accept initial application, accept recertification applications, & conduct interviews"
"Utah",2015,"Mobile Technology","SMS messaging only"
"Vermont",2015,"SNAP Name","3 Squares Vermont"
"Vermont",2015,"Program Administration","State-administered"
"Vermont",2015,"Reporting Requirements","Simplified & change reporting"
"Vermont",2015,"Simplified Reporting - Action on Changes","Act on all changes"
"Vermont",2015,"Simplified Reporting - Certification Length","12 months only"
"Vermont",2015,"Simplified Income and Resources","Neither"
"Vermont",2015,"Simplified Self-Employment Determination","No"
"Vermont",2015,"Simplified Homeless Housing Cost","No"
"Vermont",2015,"Standard Utility Allowances (SUAs)","Mandatory SUAs"
"Vermont",2015,"Treatment of Vehicles","At least one vehicle excluded"
"Vermont",2015,"Child Support Expense Exclusion","Yes"
"Vermont",2015,"Child Support Related Disqualification","None"
"Vermont",2015,"Comparable Disqualifications","No"
"Vermont",2015,"Drug Felony Disqualifications","No ban"
"Vermont",2015,"Work Requirements and Disqualification Policy","Regulatory minimum"
"Vermont",2015,"Broad Based Categorical Eligibility (BBCE)","No"
"Vermont",2015,"Transitional Benefits Alternative (TBA)","No"
"Vermont",2015,"Document Imaging","Partially electronic files statewide"
"Vermont",2015,"Demonstrations for the Elderly and Disabled","SMD"
"Vermont",2015,"Combined Application Project (CAP)","No"
"Vermont",2015,"Online Application","Apply & recertify"
"Vermont",2015,"Online Case Management",""
"Vermont",2015,"Call Centers","No case changes, process changes, accept initial application, accept recertification applications, & conduct interviews"
"Vermont",2015,"Mobile Technology","No"
"Virgin Islands",2015,"SNAP Name","Supplemental Nutrition Assistance Program"
"Virgin Islands",2015,"Program Administration","State-administered"
"Virgin Islands",2015,"Reporting Requirements","Simplified reporting only"
"Virgin Islands",2015,"Simplified Reporting - Action on Changes","Act on all changes"
"Virgin Islands",2015,"Simplified Reporting - Certification Length","6 & 12 months only"
"Virgin Islands",2015,"Simplified Income and Resources","Neither"
"Virgin Islands",2015,"Simplified Self-Employment Determination","No"
"Virgin Islands",2015,"Simplified Homeless Housing Cost","Yes"
"Virgin Islands",2015,"Standard Utility Allowances (SUAs)","Mandatory SUAs"
"Virgin Islands",2015,"Treatment of Vehicles","All vehicles excluded"
"Virgin Islands",2015,"Child Support Expense Exclusion","No"
"Virgin Islands",2015,"Child Support Related Disqualification","None"
"Virgin Islands",2015,"Comparable Disqualifications","No"
"Virgin Islands",2015,"Drug Felony Disqualifications","Lifetime ban"
"Virgin Islands",2015,"Work Requirements and Disqualification Policy","Entire household DQ"
"Virgin Islands",2015,"Broad Based Categorical Eligibility (BBCE)","Yes"
"Virgin Islands",2015,"Transitional Benefits Alternative (TBA)","Yes"
"Virgin Islands",2015,"Document Imaging","Partially electronic files statewide"
"Virgin Islands",2015,"Demonstrations for the Elderly and Disabled","None"
"Virgin Islands",2015,"Combined Application Project (CAP)","No"
"Virgin Islands",2015,"Online Application","No"
"Virgin Islands",2015,"Online Case Management","No"
"Virgin Islands",2015,"Call Centers","No call center"
"Virgin Islands",2015,"Mobile Technology","No"
"Virginia",2015,"SNAP Name","Supplemental Nutrition Assistance Program"
"Virginia",2015,"Program Administration","County-administered"
"Virginia",2015,"Reporting Requirements","Simplified reporting only"
"Virginia",2015,"Simplified Reporting - Action on Changes","Act only on changes that result in an increase in household benefits"
"Virginia",2015,"Simplified Reporting - Certification Length","12 months only"
"Virginia",2015,"Simplified Income and Resources","Neither"
"Virginia",2015,"Simplified Self-Employment Determination","No"
"Virginia",2015,"Simplified Homeless Housing Cost","Yes"
"Virginia",2015,"Standard Utility Allowances (SUAs)","SUAs that are not mandatory"
"Virginia",2015,"Treatment of Vehicles","All vehicles excluded"
"Virginia",2015,"Child Support Expense Exclusion","No"
"Virginia",2015,"Child Support Related Disqualification","None"
"Virginia",2015,"Comparable Disqualifications","No"
"Virginia",2015,"Drug Felony Disqualifications","Lifetime ban"
"Virginia",2015,"Work Requirements and Disqualification Policy","Regulatory minimum"
"Virginia",2015,"Broad Based Categorical Eligibility (BBCE)","No"
"Virginia",2015,"Transitional Benefits Alternative (TBA)","Yes"
"Virginia",2015,"Document Imaging","Partially electronic files statewide"
"Virginia",2015,"Demonstrations for the Elderly and Disabled","SMD"
"Virginia",2015,"Combined Application Project (CAP)","Modified CAP"
"Virginia",2015,"Online Application","Apply & recertify"
"Virginia",2015,"Online Case Management","Report changes & upload documents for verification"
"Virginia",2015,"Call Centers","No call center"
"Virginia",2015,"Mobile Technology","No"
"Washington",2015,"SNAP Name","Basic Food"
"Washington",2015,"Program Administration","State-administered"
"Washington",2015,"Reporting Requirements","Simplified reporting only"
"Washington",2015,"Simplified Reporting - Action on Changes","Act on all changes"
"Washington",2015,"Simplified Reporting - Certification Length","12 months only"
"Washington",2015,"Simplified Income and Resources","Income only"
"Washington",2015,"Simplified Self-Employment Determination","Flat percentage: 50%"
"Washington",2015,"Simplified Homeless Housing Cost","No"
"Washington",2015,"Standard Utility Allowances (SUAs)","Mandatory SUAs"
"Washington",2015,"Treatment of Vehicles","At least one vehicle excluded"
"Washington",2015,"Child Support Expense Exclusion","Yes"
"Washington",2015,"Child Support Related Disqualification","None"
"Washington",2015,"Comparable Disqualifications","Yes"
"Washington",2015,"Drug Felony Disqualifications","No ban"
"Washington",2015,"Work Requirements and Disqualification Policy","Regulatory minimum"
"Washington",2015,"Broad Based Categorical Eligibility (BBCE)","Yes"
"Washington",2015,"Transitional Benefits Alternative (TBA)","Yes"
"Washington",2015,"Document Imaging","Completely electronic files statewide"
"Washington",2015,"Demonstrations for the Elderly and Disabled","ESAP"
"Washington",2015,"Combined Application Project (CAP)","Standard CAP"
"Washington",2015,"Online Application","Apply & recertify"
"Washington",2015,"Online Case Management","View case information, report changes, & upload documents for verification"
"Washington",2015,"Call Centers","Respond to general inquiries, respond to application or case-specific inquiries, accept case changes, process changes, accept initial application, & accept recertification applications"
"Washington",2015,"Mobile Technology","No"
"West Virginia",2015,"SNAP Name","Supplemental Nutrition Assistance Program"
"West Virginia",2015,"Program Administration","State-administered"
"West Virginia",2015,"Reporting Requirements","Simplified & change reporting"
"West Virginia",2015,"Simplified Reporting - Action on Changes","Act on all changes"
"West Virginia",2015,"Simplified Reporting - Certification Length","12 & 24 months only"
"West Virginia",2015,"Simplified Income and Resources","Neither"
"West Virginia",2015,"Simplified Self-Employment Determination","Another method: use actual cost and average over time period for income"
"West Virginia",2015,"Simplified Homeless Housing Cost","Yes"
"West Virginia",2015,"Standard Utility Allowances (SUAs)","Mandatory SUAs"
"West Virginia",2015,"Treatment of Vehicles","All vehicles excluded"
"West Virginia",2015,"Child Support Expense Exclusion","No"
"West Virginia",2015,"Child Support Related Disqualification","None"
"West Virginia",2015,"Comparable Disqualifications","No"
"West Virginia",2015,"Drug Felony Disqualifications","Lifetime ban"
"West Virginia",2015,"Work Requirements and Disqualification Policy","Regulatory minimum"
"West Virginia",2015,"Broad Based Categorical Eligibility (BBCE)","Yes"
"West Virginia",2015,"Transitional Benefits Alternative (TBA)","No"
"West Virginia",2015,"Document Imaging","No electronic files"
"West Virginia",2015,"Demonstrations for the Elderly and Disabled","None"
"West Virginia",2015,"Combined Application Project (CAP)","No"
"West Virginia",2015,"Online Application","Apply & recertify"
"West Virginia",2015,"Online Case Management","View case information & report changes"
"West Virginia",2015,"Call Centers","Respond to general inquiries, respond to application or case-specific inquiries, accept case changes, & process changes"
"West Virginia",2015,"Mobile Technology","No"
"Wisconsin",2015,"SNAP Name","FoodShare"
"Wisconsin",2015,"Program Administration","County-administered"
"Wisconsin",2015,"Reporting Requirements","Simplified & change reporting"
"Wisconsin",2015,"Simplified Reporting - Action on Changes","Act on all changes"
"Wisconsin",2015,"Simplified Reporting - Certification Length","12 months only"
"Wisconsin",2015,"Simplified Income and Resources","Income & Resources"
"Wisconsin",2015,"Simplified Self-Employment Determination","No"
"Wisconsin",2015,"Simplified Homeless Housing Cost","No"
"Wisconsin",2015,"Standard Utility Allowances (SUAs)","Mandatory SUAs"
"Wisconsin",2015,"Treatment of Vehicles","All vehicles excluded"
"Wisconsin",2015,"Child Support Expense Exclusion","No"
"Wisconsin",2015,"Child Support Related Disqualification","None"
"Wisconsin",2015,"Comparable Disqualifications","Yes"
"Wisconsin",2015,"Drug Felony Disqualifications","Modifications include: requiring drug testing & imposing temporary DQ period"
"Wisconsin",2015,"Work Requirements and Disqualification Policy","Regulatory minimum"
"Wisconsin",2015,"Broad Based Categorical Eligibility (BBCE)","Yes"
"Wisconsin",2015,"Transitional Benefits Alternative (TBA)","Yes"
"Wisconsin",2015,"Document Imaging","Completely electronic files statewide"
"Wisconsin",2015,"Demonstrations for the Elderly and Disabled","None"
"Wisconsin",2015,"Combined Application Project (CAP)","No"
"Wisconsin",2015,"Online Application","Apply & recertify"
"Wisconsin",2015,"Online Case Management","View case information, report changes, & upload documents for verification"
"Wisconsin",2015,"Call Centers","Respond to general inquiries, respond to application or case-specific inquiries, accept case changes, process changes, accept initial applications, & accept recertification applications"
"Wisconsin",2015,"Mobile Technology","No"
"Wyoming",2015,"SNAP Name","Supplemental Nutrition Assistance Program"
"Wyoming",2015,"Program Administration","State-administered"
"Wyoming",2015,"Reporting Requirements","Simplified reporting only"
"Wyoming",2015,"Simplified Reporting - Action on Changes","Act on all changes"
"Wyoming",2015,"Simplified Reporting - Certification Length","4,5,6, & 24 Months"
"Wyoming",2015,"Simplified Income and Resources","Income & Resources"
"Wyoming",2015,"Simplified Self-Employment Determination","No"
"Wyoming",2015,"Simplified Homeless Housing Cost","No"
"Wyoming",2015,"Standard Utility Allowances (SUAs)","Mandatory SUAs"
"Wyoming",2015,"Treatment of Vehicles","All vehicles excluded"
"Wyoming",2015,"Child Support Expense Exclusion","No"
"Wyoming",2015,"Child Support Related Disqualification","None"
"Wyoming",2015,"Comparable Disqualifications","No"
"Wyoming",2015,"Drug Felony Disqualifications","No ban"
"Wyoming",2015,"Work Requirements and Disqualification Policy","Regulatory minimum"
"Wyoming",2015,"Broad Based Categorical Eligibility (BBCE)","No"
"Wyoming",2015,"Transitional Benefits Alternative (TBA)","No"
"Wyoming",2015,"Document Imaging","No electronic files"
"Wyoming",2015,"Demonstrations for the Elderly and Disabled","SMD"
"Wyoming",2015,"Combined Application Project (CAP)","No"
"Wyoming",2015,"Online Application","No"
"Wyoming",2015,"Online Case Management","No"
"Wyoming",2015,"Call Centers","No call center"
"Wyoming",2015,"Mobile Technology","No"
